timestamp,signal,available_at,price,cost_bps
2010-01-01T00:00:00,-1.842306,2010-01-01T17:00:00,100.000000,5.000000
2010-01-02T00:00:00,-1.004875,2010-01-02T17:00:00,100.000000,5.000000
2010-01-03T00:00:00,-0.824566,2010-01-03T17:00:00,99.702203,5.000000
2010-01-04T00:00:00,-0.744553,2010-01-04T17:00:00,99.896856,5.000000
2010-01-05T00:00:00,-0.104851,2010-01-05T17:00:00,100.512386,5.000000
2010-01-06T00:00:00,-1.018303,2010-01-06T17:00:00,99.825454,5.000000
2010-01-07T00:00:00,-1.913212,2010-01-07T17:00:00,99.570164,5.000000
2010-01-08T00:00:00,-2.412712,2010-01-08T17:00:00,99.839283,5.000000
2010-01-09T00:00:00,-2.325058,2010-01-09T17:00:00,99.371287,5.000000
2010-01-10T00:00:00,-1.883795,2010-01-10T17:00:00,98.375708,5.000000
2010-01-11T00:00:00,-1.880745,2010-01-11T17:00:00,95.748352,5.000000
2010-01-12T00:00:00,-1.358153,2010-01-12T17:00:00,94.657469,5.000000
2010-01-13T00:00:00,-0.858036,2010-01-13T17:00:00,94.852558,5.000000
2010-01-14T00:00:00,-0.711273,2010-01-14T17:00:00,93.286056,5.000000
2010-01-15T00:00:00,-0.364216,2010-01-15T17:00:00,94.478238,5.000000
2010-01-16T00:00:00,-0.224386,2010-01-16T17:00:00,94.569182,5.000000
2010-01-17T00:00:00,-0.506468,2010-01-17T17:00:00,95.876285,5.000000
2010-01-18T00:00:00,-0.990690,2010-01-18T17:00:00,95.267267,5.000000
2010-01-19T00:00:00,-1.300918,2010-01-19T17:00:00,94.616245,5.000000
2010-01-20T00:00:00,-0.950924,2010-01-20T17:00:00,94.282248,5.000000
2010-01-21T00:00:00,-1.188110,2010-01-21T17:00:00,93.064518,5.000000
2010-01-22T00:00:00,-1.071477,2010-01-22T17:00:00,92.251438,5.000000
2010-01-23T00:00:00,-1.247056,2010-01-23T17:00:00,91.702851,5.000000
2010-01-24T00:00:00,-0.894742,2010-01-24T17:00:00,91.137676,5.000000
2010-01-25T00:00:00,-0.576709,2010-01-25T17:00:00,90.984836,5.000000
2010-01-26T00:00:00,-0.385695,2010-01-26T17:00:00,92.366959,5.000000
2010-01-27T00:00:00,-0.106464,2010-01-27T17:00:00,92.976193,5.000000
2010-01-28T00:00:00,0.480839,2010-01-28T17:00:00,91.945833,5.000000
2010-01-29T00:00:00,0.661205,2010-01-29T17:00:00,93.487858,5.000000
2010-01-30T00:00:00,0.639761,2010-01-30T17:00:00,94.449742,5.000000
2010-01-31T00:00:00,1.137622,2010-01-31T17:00:00,94.870217,5.000000
2010-02-01T00:00:00,0.882846,2010-02-01T17:00:00,94.829327,5.000000
2010-02-02T00:00:00,1.412443,2010-02-02T17:00:00,95.755213,5.000000
2010-02-03T00:00:00,1.280234,2010-02-03T17:00:00,95.525581,5.000000
2010-02-04T00:00:00,1.656263,2010-02-04T17:00:00,95.476641,5.000000
2010-02-05T00:00:00,1.023007,2010-02-05T17:00:00,96.319766,5.000000
2010-02-06T00:00:00,1.023258,2010-02-06T17:00:00,96.873426,5.000000
2010-02-07T00:00:00,0.862851,2010-02-07T17:00:00,96.978501,5.000000
2010-02-08T00:00:00,0.656720,2010-02-08T17:00:00,96.071950,5.000000
2010-02-09T00:00:00,1.011526,2010-02-09T17:00:00,95.537826,5.000000
2010-02-10T00:00:00,-0.200311,2010-02-10T17:00:00,95.981199,5.000000
2010-02-11T00:00:00,-0.115033,2010-02-11T17:00:00,97.885608,5.000000
2010-02-12T00:00:00,0.042099,2010-02-12T17:00:00,97.082677,5.000000
2010-02-13T00:00:00,-0.269247,2010-02-13T17:00:00,97.188938,5.000000
2010-02-14T00:00:00,0.172778,2010-02-14T17:00:00,96.650678,5.000000
2010-02-15T00:00:00,-0.063039,2010-02-15T17:00:00,96.498170,5.000000
2010-02-16T00:00:00,-0.104096,2010-02-16T17:00:00,96.605057,5.000000
2010-02-17T00:00:00,0.348941,2010-02-17T17:00:00,96.822698,5.000000
2010-02-18T00:00:00,0.497238,2010-02-18T17:00:00,96.860240,5.000000
2010-02-19T00:00:00,0.050877,2010-02-19T17:00:00,96.404490,5.000000
2010-02-20T00:00:00,0.090915,2010-02-20T17:00:00,95.237068,5.000000
2010-02-21T00:00:00,0.253176,2010-02-21T17:00:00,94.676297,5.000000
2010-02-22T00:00:00,0.224452,2010-02-22T17:00:00,94.546446,5.000000
2010-02-23T00:00:00,0.068149,2010-02-23T17:00:00,96.600267,5.000000
2010-02-24T00:00:00,0.185162,2010-02-24T17:00:00,95.760896,5.000000
2010-02-25T00:00:00,-0.343228,2010-02-25T17:00:00,97.097178,5.000000
2010-02-26T00:00:00,-0.555148,2010-02-26T17:00:00,97.449968,5.000000
2010-02-27T00:00:00,-0.437953,2010-02-27T17:00:00,97.525357,5.000000
2010-02-28T00:00:00,-0.645055,2010-02-28T17:00:00,96.809317,5.000000
2010-03-01T00:00:00,-0.615832,2010-03-01T17:00:00,95.134669,5.000000
2010-03-02T00:00:00,0.250362,2010-03-02T17:00:00,95.685756,5.000000
2010-03-03T00:00:00,0.168379,2010-03-03T17:00:00,93.798410,5.000000
2010-03-04T00:00:00,0.045553,2010-03-04T17:00:00,93.821013,5.000000
2010-03-05T00:00:00,0.347572,2010-03-05T17:00:00,92.890350,5.000000
2010-03-06T00:00:00,-0.246300,2010-03-06T17:00:00,91.748735,5.000000
2010-03-07T00:00:00,-0.346165,2010-03-07T17:00:00,92.778050,5.000000
2010-03-08T00:00:00,-0.128090,2010-03-08T17:00:00,92.131468,5.000000
2010-03-09T00:00:00,0.021426,2010-03-09T17:00:00,91.311744,5.000000
2010-03-10T00:00:00,-0.218536,2010-03-10T17:00:00,91.044637,5.000000
2010-03-11T00:00:00,0.161986,2010-03-11T17:00:00,88.921485,5.000000
2010-03-12T00:00:00,0.129094,2010-03-12T17:00:00,89.797090,5.000000
2010-03-13T00:00:00,0.447533,2010-03-13T17:00:00,89.835183,5.000000
2010-03-14T00:00:00,0.641736,2010-03-14T17:00:00,90.067613,5.000000
2010-03-15T00:00:00,0.641031,2010-03-15T17:00:00,90.630094,5.000000
2010-03-16T00:00:00,0.502634,2010-03-16T17:00:00,91.157125,5.000000
2010-03-17T00:00:00,1.040608,2010-03-17T17:00:00,90.504434,5.000000
2010-03-18T00:00:00,0.584784,2010-03-18T17:00:00,90.277950,5.000000
2010-03-19T00:00:00,0.149705,2010-03-19T17:00:00,91.296345,5.000000
2010-03-20T00:00:00,0.621698,2010-03-20T17:00:00,90.630725,5.000000
2010-03-21T00:00:00,1.008268,2010-03-21T17:00:00,90.843639,5.000000
2010-03-22T00:00:00,0.912507,2010-03-22T17:00:00,91.128598,5.000000
2010-03-23T00:00:00,0.858726,2010-03-23T17:00:00,92.959940,5.000000
2010-03-24T00:00:00,0.149864,2010-03-24T17:00:00,92.357597,5.000000
2010-03-25T00:00:00,0.267426,2010-03-25T17:00:00,91.399341,5.000000
2010-03-26T00:00:00,0.274467,2010-03-26T17:00:00,91.563355,5.000000
2010-03-27T00:00:00,0.090567,2010-03-27T17:00:00,91.676338,5.000000
2010-03-28T00:00:00,0.315783,2010-03-28T17:00:00,92.422825,5.000000
2010-03-29T00:00:00,0.148118,2010-03-29T17:00:00,91.647948,5.000000
2010-03-30T00:00:00,0.523336,2010-03-30T17:00:00,92.351220,5.000000
2010-03-31T00:00:00,0.874565,2010-03-31T17:00:00,92.757264,5.000000
2010-04-01T00:00:00,0.538778,2010-04-01T17:00:00,94.583623,5.000000
2010-04-02T00:00:00,0.377621,2010-04-02T17:00:00,94.584480,5.000000
2010-04-03T00:00:00,0.839108,2010-04-03T17:00:00,94.721703,5.000000
2010-04-04T00:00:00,0.620229,2010-04-04T17:00:00,94.486636,5.000000
2010-04-05T00:00:00,0.401209,2010-04-05T17:00:00,94.100815,5.000000
2010-04-06T00:00:00,1.002279,2010-04-06T17:00:00,93.523454,5.000000
2010-04-07T00:00:00,1.236864,2010-04-07T17:00:00,93.655348,5.000000
2010-04-08T00:00:00,1.826136,2010-04-08T17:00:00,93.592509,5.000000
2010-04-09T00:00:00,1.288699,2010-04-09T17:00:00,94.137502,5.000000
2010-04-10T00:00:00,1.369662,2010-04-10T17:00:00,94.382132,5.000000
2010-04-11T00:00:00,1.008925,2010-04-11T17:00:00,93.837667,5.000000
2010-04-12T00:00:00,0.197728,2010-04-12T17:00:00,93.958849,5.000000
2010-04-13T00:00:00,-0.179079,2010-04-13T17:00:00,95.009117,5.000000
2010-04-14T00:00:00,-0.565440,2010-04-14T17:00:00,95.657850,5.000000
2010-04-15T00:00:00,-0.525743,2010-04-15T17:00:00,95.669595,5.000000
2010-04-16T00:00:00,-0.889693,2010-04-16T17:00:00,94.718202,5.000000
2010-04-17T00:00:00,-0.418988,2010-04-17T17:00:00,93.674448,5.000000
2010-04-18T00:00:00,-0.298700,2010-04-18T17:00:00,94.255974,5.000000
2010-04-19T00:00:00,-0.036446,2010-04-19T17:00:00,94.364887,5.000000
2010-04-20T00:00:00,-0.098414,2010-04-20T17:00:00,95.169192,5.000000
2010-04-21T00:00:00,-0.354447,2010-04-21T17:00:00,95.968872,5.000000
2010-04-22T00:00:00,-0.277192,2010-04-22T17:00:00,94.905800,5.000000
2010-04-23T00:00:00,-0.488454,2010-04-23T17:00:00,94.491953,5.000000
2010-04-24T00:00:00,-0.022948,2010-04-24T17:00:00,93.747171,5.000000
2010-04-25T00:00:00,-1.591895,2010-04-25T17:00:00,93.899201,5.000000
2010-04-26T00:00:00,-2.049606,2010-04-26T17:00:00,92.635124,5.000000
2010-04-27T00:00:00,-1.263384,2010-04-27T17:00:00,92.936495,5.000000
2010-04-28T00:00:00,-0.263575,2010-04-28T17:00:00,92.188247,5.000000
2010-04-29T00:00:00,-0.264320,2010-04-29T17:00:00,90.653770,5.000000
2010-04-30T00:00:00,0.237091,2010-04-30T17:00:00,90.909752,5.000000
2010-05-01T00:00:00,0.408772,2010-05-01T17:00:00,90.624817,5.000000
2010-05-02T00:00:00,0.968814,2010-05-02T17:00:00,91.453316,5.000000
2010-05-03T00:00:00,1.173623,2010-05-03T17:00:00,91.236605,5.000000
2010-05-04T00:00:00,1.080896,2010-05-04T17:00:00,89.411341,5.000000
2010-05-05T00:00:00,0.742801,2010-05-05T17:00:00,89.797099,5.000000
2010-05-06T00:00:00,-0.329727,2010-05-06T17:00:00,89.582648,5.000000
2010-05-07T00:00:00,-0.337606,2010-05-07T17:00:00,89.162965,5.000000
2010-05-08T00:00:00,-0.321798,2010-05-08T17:00:00,89.984136,5.000000
2010-05-09T00:00:00,-0.415267,2010-05-09T17:00:00,90.844100,5.000000
2010-05-10T00:00:00,-0.220542,2010-05-10T17:00:00,89.925628,5.000000
2010-05-11T00:00:00,-0.684570,2010-05-11T17:00:00,89.861734,5.000000
2010-05-12T00:00:00,-0.526356,2010-05-12T17:00:00,90.606981,5.000000
2010-05-13T00:00:00,-0.169295,2010-05-13T17:00:00,90.099705,5.000000
2010-05-14T00:00:00,-0.640090,2010-05-14T17:00:00,91.220317,5.000000
2010-05-15T00:00:00,-0.213110,2010-05-15T17:00:00,90.979360,5.000000
2010-05-16T00:00:00,-0.602903,2010-05-16T17:00:00,90.883347,5.000000
2010-05-17T00:00:00,-0.958860,2010-05-17T17:00:00,92.171794,5.000000
2010-05-18T00:00:00,-0.660797,2010-05-18T17:00:00,91.375766,5.000000
2010-05-19T00:00:00,-0.463726,2010-05-19T17:00:00,91.494383,5.000000
2010-05-20T00:00:00,-0.178787,2010-05-20T17:00:00,89.752472,5.000000
2010-05-21T00:00:00,-0.455181,2010-05-21T17:00:00,90.725263,5.000000
2010-05-22T00:00:00,-0.525871,2010-05-22T17:00:00,91.078294,5.000000
2010-05-23T00:00:00,0.031047,2010-05-23T17:00:00,90.783931,5.000000
2010-05-24T00:00:00,0.355227,2010-05-24T17:00:00,91.155118,5.000000
2010-05-25T00:00:00,-0.299198,2010-05-25T17:00:00,90.641094,5.000000
2010-05-26T00:00:00,0.037042,2010-05-26T17:00:00,91.611869,5.000000
2010-05-27T00:00:00,0.255028,2010-05-27T17:00:00,91.631836,5.000000
2010-05-28T00:00:00,-0.247756,2010-05-28T17:00:00,92.445540,5.000000
2010-05-29T00:00:00,-0.004463,2010-05-29T17:00:00,92.886011,5.000000
2010-05-30T00:00:00,0.034951,2010-05-30T17:00:00,90.897799,5.000000
2010-05-31T00:00:00,-0.091930,2010-05-31T17:00:00,90.996437,5.000000
2010-06-01T00:00:00,-0.210270,2010-06-01T17:00:00,91.081589,5.000000
2010-06-02T00:00:00,-0.325940,2010-06-02T17:00:00,91.261574,5.000000
2010-06-03T00:00:00,-0.411579,2010-06-03T17:00:00,90.706115,5.000000
2010-06-04T00:00:00,-0.161156,2010-06-04T17:00:00,91.789578,5.000000
2010-06-05T00:00:00,0.024501,2010-06-05T17:00:00,92.803030,5.000000
2010-06-06T00:00:00,-0.053943,2010-06-06T17:00:00,92.889699,5.000000
2010-06-07T00:00:00,-0.018306,2010-06-07T17:00:00,91.551718,5.000000
2010-06-08T00:00:00,-1.315765,2010-06-08T17:00:00,91.705416,5.000000
2010-06-09T00:00:00,-0.633060,2010-06-09T17:00:00,91.189057,5.000000
2010-06-10T00:00:00,-0.430923,2010-06-10T17:00:00,91.087466,5.000000
2010-06-11T00:00:00,-0.656204,2010-06-11T17:00:00,89.851694,5.000000
2010-06-12T00:00:00,-0.260887,2010-06-12T17:00:00,90.190442,5.000000
2010-06-13T00:00:00,-0.928531,2010-06-13T17:00:00,90.295989,5.000000
2010-06-14T00:00:00,-1.096021,2010-06-14T17:00:00,90.879564,5.000000
2010-06-15T00:00:00,-1.072238,2010-06-15T17:00:00,90.387295,5.000000
2010-06-16T00:00:00,-0.779039,2010-06-16T17:00:00,88.677628,5.000000
2010-06-17T00:00:00,-0.312567,2010-06-17T17:00:00,89.403103,5.000000
2010-06-18T00:00:00,-0.083358,2010-06-18T17:00:00,89.841505,5.000000
2010-06-19T00:00:00,-0.483997,2010-06-19T17:00:00,90.516581,5.000000
2010-06-20T00:00:00,-0.813490,2010-06-20T17:00:00,90.635421,5.000000
2010-06-21T00:00:00,-0.813341,2010-06-21T17:00:00,90.954368,5.000000
2010-06-22T00:00:00,-0.405896,2010-06-22T17:00:00,89.705460,5.000000
2010-06-23T00:00:00,0.297146,2010-06-23T17:00:00,88.771416,5.000000
2010-06-24T00:00:00,-0.616522,2010-06-24T17:00:00,90.854849,5.000000
2010-06-25T00:00:00,-0.672287,2010-06-25T17:00:00,90.483290,5.000000
2010-06-26T00:00:00,-0.817359,2010-06-26T17:00:00,90.199250,5.000000
2010-06-27T00:00:00,-0.852068,2010-06-27T17:00:00,90.694634,5.000000
2010-06-28T00:00:00,-0.950979,2010-06-28T17:00:00,90.923187,5.000000
2010-06-29T00:00:00,-1.992233,2010-06-29T17:00:00,89.386197,5.000000
2010-06-30T00:00:00,-0.919699,2010-06-30T17:00:00,88.106373,5.000000
2010-07-01T00:00:00,-0.045826,2010-07-01T17:00:00,87.254961,5.000000
2010-07-02T00:00:00,-0.595045,2010-07-02T17:00:00,86.703474,5.000000
2010-07-03T00:00:00,-0.663516,2010-07-03T17:00:00,88.435015,5.000000
2010-07-04T00:00:00,-0.957034,2010-07-04T17:00:00,88.634992,5.000000
2010-07-05T00:00:00,-0.777991,2010-07-05T17:00:00,88.006521,5.000000
2010-07-06T00:00:00,-0.800299,2010-07-06T17:00:00,87.023448,5.000000
2010-07-07T00:00:00,-1.025309,2010-07-07T17:00:00,87.600796,5.000000
2010-07-08T00:00:00,-1.431881,2010-07-08T17:00:00,85.947245,5.000000
2010-07-09T00:00:00,-1.503998,2010-07-09T17:00:00,85.058915,5.000000
2010-07-10T00:00:00,-0.867034,2010-07-10T17:00:00,85.138170,5.000000
2010-07-11T00:00:00,-0.391060,2010-07-11T17:00:00,85.491609,5.000000
2010-07-12T00:00:00,-0.278028,2010-07-12T17:00:00,85.980076,5.000000
2010-07-13T00:00:00,-0.782818,2010-07-13T17:00:00,84.411892,5.000000
2010-07-14T00:00:00,-0.794208,2010-07-14T17:00:00,84.522809,5.000000
2010-07-15T00:00:00,-0.484847,2010-07-15T17:00:00,84.773890,5.000000
2010-07-16T00:00:00,-0.314247,2010-07-16T17:00:00,83.163080,5.000000
2010-07-17T00:00:00,-0.127554,2010-07-17T17:00:00,82.512793,5.000000
2010-07-18T00:00:00,0.047985,2010-07-18T17:00:00,82.542564,5.000000
2010-07-19T00:00:00,-1.026562,2010-07-19T17:00:00,81.259945,5.000000
2010-07-20T00:00:00,0.128302,2010-07-20T17:00:00,82.310388,5.000000
2010-07-21T00:00:00,-0.207169,2010-07-21T17:00:00,80.126623,5.000000
2010-07-22T00:00:00,0.211500,2010-07-22T17:00:00,81.410031,5.000000
2010-07-23T00:00:00,0.502239,2010-07-23T17:00:00,81.002536,5.000000
2010-07-24T00:00:00,0.766104,2010-07-24T17:00:00,79.914461,5.000000
2010-07-25T00:00:00,0.338278,2010-07-25T17:00:00,79.914657,5.000000
2010-07-26T00:00:00,0.291569,2010-07-26T17:00:00,78.760949,5.000000
2010-07-27T00:00:00,-0.023842,2010-07-27T17:00:00,79.555082,5.000000
2010-07-28T00:00:00,0.241066,2010-07-28T17:00:00,80.199795,5.000000
2010-07-29T00:00:00,-0.250992,2010-07-29T17:00:00,78.897979,5.000000
2010-07-30T00:00:00,-0.126946,2010-07-30T17:00:00,80.176453,5.000000
2010-07-31T00:00:00,0.471596,2010-07-31T17:00:00,80.325328,5.000000
2010-08-01T00:00:00,0.307007,2010-08-01T17:00:00,79.879495,5.000000
2010-08-02T00:00:00,0.146300,2010-08-02T17:00:00,79.998161,5.000000
2010-08-03T00:00:00,-0.084603,2010-08-03T17:00:00,79.527235,5.000000
2010-08-04T00:00:00,0.433915,2010-08-04T17:00:00,78.058688,5.000000
2010-08-05T00:00:00,-0.057829,2010-08-05T17:00:00,79.021282,5.000000
2010-08-06T00:00:00,0.008838,2010-08-06T17:00:00,79.038657,5.000000
2010-08-07T00:00:00,-0.203716,2010-08-07T17:00:00,79.653700,5.000000
2010-08-08T00:00:00,-0.548065,2010-08-08T17:00:00,80.421483,5.000000
2010-08-09T00:00:00,-0.485546,2010-08-09T17:00:00,80.351412,5.000000
2010-08-10T00:00:00,-0.610342,2010-08-10T17:00:00,80.822069,5.000000
2010-08-11T00:00:00,-0.906458,2010-08-11T17:00:00,79.829076,5.000000
2010-08-12T00:00:00,-0.280777,2010-08-12T17:00:00,80.552299,5.000000
2010-08-13T00:00:00,-0.224119,2010-08-13T17:00:00,81.618676,5.000000
2010-08-14T00:00:00,-0.537538,2010-08-14T17:00:00,83.601941,5.000000
2010-08-15T00:00:00,-1.177930,2010-08-15T17:00:00,83.604350,5.000000
2010-08-16T00:00:00,-0.510260,2010-08-16T17:00:00,83.981587,5.000000
2010-08-17T00:00:00,-0.597593,2010-08-17T17:00:00,85.445021,5.000000
2010-08-18T00:00:00,-0.497454,2010-08-18T17:00:00,85.307814,5.000000
2010-08-19T00:00:00,-0.339363,2010-08-19T17:00:00,84.297204,5.000000
2010-08-20T00:00:00,0.167479,2010-08-20T17:00:00,84.213956,5.000000
2010-08-21T00:00:00,0.573857,2010-08-21T17:00:00,85.763462,5.000000
2010-08-22T00:00:00,0.442598,2010-08-22T17:00:00,85.546212,5.000000
2010-08-23T00:00:00,0.656276,2010-08-23T17:00:00,85.635490,5.000000
2010-08-24T00:00:00,0.776172,2010-08-24T17:00:00,86.801831,5.000000
2010-08-25T00:00:00,0.750789,2010-08-25T17:00:00,87.495838,5.000000
2010-08-26T00:00:00,0.402992,2010-08-26T17:00:00,85.942088,5.000000
2010-08-27T00:00:00,-0.179660,2010-08-27T17:00:00,85.779530,5.000000
2010-08-28T00:00:00,-0.237661,2010-08-28T17:00:00,85.037974,5.000000
2010-08-29T00:00:00,-0.664371,2010-08-29T17:00:00,84.131013,5.000000
2010-08-30T00:00:00,-0.538992,2010-08-30T17:00:00,84.090130,5.000000
2010-08-31T00:00:00,-1.014645,2010-08-31T17:00:00,83.816709,5.000000
2010-09-01T00:00:00,-0.238053,2010-09-01T17:00:00,84.502506,5.000000
2010-09-02T00:00:00,-0.821626,2010-09-02T17:00:00,84.241696,5.000000
2010-09-03T00:00:00,0.178228,2010-09-03T17:00:00,83.147224,5.000000
2010-09-04T00:00:00,0.545482,2010-09-04T17:00:00,82.431819,5.000000
2010-09-05T00:00:00,0.902182,2010-09-05T17:00:00,83.019935,5.000000
2010-09-06T00:00:00,0.653254,2010-09-06T17:00:00,82.756832,5.000000
2010-09-07T00:00:00,0.373058,2010-09-07T17:00:00,82.622077,5.000000
2010-09-08T00:00:00,0.256193,2010-09-08T17:00:00,83.039928,5.000000
2010-09-09T00:00:00,0.394505,2010-09-09T17:00:00,82.843044,5.000000
2010-09-10T00:00:00,0.090126,2010-09-10T17:00:00,83.865150,5.000000
2010-09-11T00:00:00,0.227478,2010-09-11T17:00:00,83.241590,5.000000
2010-09-12T00:00:00,0.156984,2010-09-12T17:00:00,82.780582,5.000000
2010-09-13T00:00:00,-0.048908,2010-09-13T17:00:00,83.990513,5.000000
2010-09-14T00:00:00,-0.354348,2010-09-14T17:00:00,83.536493,5.000000
2010-09-15T00:00:00,-0.813333,2010-09-15T17:00:00,84.314372,5.000000
2010-09-16T00:00:00,-0.801728,2010-09-16T17:00:00,84.885314,5.000000
2010-09-17T00:00:00,-0.116684,2010-09-17T17:00:00,85.432333,5.000000
2010-09-18T00:00:00,-0.270639,2010-09-18T17:00:00,84.000145,5.000000
2010-09-19T00:00:00,-0.501044,2010-09-19T17:00:00,84.670569,5.000000
2010-09-20T00:00:00,0.325627,2010-09-20T17:00:00,85.445435,5.000000
2010-09-21T00:00:00,0.571917,2010-09-21T17:00:00,84.121096,5.000000
2010-09-22T00:00:00,0.368174,2010-09-22T17:00:00,84.494966,5.000000
2010-09-23T00:00:00,0.463739,2010-09-23T17:00:00,84.255780,5.000000
2010-09-24T00:00:00,1.304576,2010-09-24T17:00:00,84.821279,5.000000
2010-09-25T00:00:00,1.361308,2010-09-25T17:00:00,84.460508,5.000000
2010-09-26T00:00:00,1.197338,2010-09-26T17:00:00,83.561217,5.000000
2010-09-27T00:00:00,1.180776,2010-09-27T17:00:00,84.200787,5.000000
2010-09-28T00:00:00,0.824316,2010-09-28T17:00:00,85.248961,5.000000
2010-09-29T00:00:00,-0.501819,2010-09-29T17:00:00,86.098305,5.000000
2010-09-30T00:00:00,-0.128193,2010-09-30T17:00:00,87.391567,5.000000
2010-10-01T00:00:00,0.193568,2010-10-01T17:00:00,87.995861,5.000000
2010-10-02T00:00:00,0.682843,2010-10-02T17:00:00,87.732695,5.000000
2010-10-03T00:00:00,0.978832,2010-10-03T17:00:00,89.606178,5.000000
2010-10-04T00:00:00,0.386118,2010-10-04T17:00:00,89.553095,5.000000
2010-10-05T00:00:00,0.578509,2010-10-05T17:00:00,90.586795,5.000000
2010-10-06T00:00:00,0.203463,2010-10-06T17:00:00,90.594401,5.000000
2010-10-07T00:00:00,-0.185060,2010-10-07T17:00:00,90.994106,5.000000
2010-10-08T00:00:00,0.065606,2010-10-08T17:00:00,90.985813,5.000000
2010-10-09T00:00:00,0.326311,2010-10-09T17:00:00,90.002138,5.000000
2010-10-10T00:00:00,0.793838,2010-10-10T17:00:00,89.943273,5.000000
2010-10-11T00:00:00,0.670305,2010-10-11T17:00:00,90.219069,5.000000
2010-10-12T00:00:00,0.721275,2010-10-12T17:00:00,89.811607,5.000000
2010-10-13T00:00:00,0.475692,2010-10-13T17:00:00,91.246873,5.000000
2010-10-14T00:00:00,-0.122488,2010-10-14T17:00:00,90.960909,5.000000
2010-10-15T00:00:00,0.046487,2010-10-15T17:00:00,89.849792,5.000000
2010-10-16T00:00:00,0.326530,2010-10-16T17:00:00,90.089476,5.000000
2010-10-17T00:00:00,1.135607,2010-10-17T17:00:00,90.766653,5.000000
2010-10-18T00:00:00,1.276905,2010-10-18T17:00:00,90.637485,5.000000
2010-10-19T00:00:00,0.573924,2010-10-19T17:00:00,90.011731,5.000000
2010-10-20T00:00:00,0.116724,2010-10-20T17:00:00,89.988250,5.000000
2010-10-21T00:00:00,-0.941316,2010-10-21T17:00:00,89.420970,5.000000
2010-10-22T00:00:00,-1.390996,2010-10-22T17:00:00,90.837201,5.000000
2010-10-23T00:00:00,-1.566509,2010-10-23T17:00:00,90.550132,5.000000
2010-10-24T00:00:00,-1.767120,2010-10-24T17:00:00,87.626785,5.000000
2010-10-25T00:00:00,-1.108522,2010-10-25T17:00:00,86.015880,5.000000
2010-10-26T00:00:00,-1.441853,2010-10-26T17:00:00,85.527566,5.000000
2010-10-27T00:00:00,-1.345138,2010-10-27T17:00:00,84.578082,5.000000
2010-10-28T00:00:00,-1.231680,2010-10-28T17:00:00,85.199562,5.000000
2010-10-29T00:00:00,-0.433497,2010-10-29T17:00:00,85.320218,5.000000
2010-10-30T00:00:00,0.071143,2010-10-30T17:00:00,85.373596,5.000000
2010-10-31T00:00:00,-1.193811,2010-10-31T17:00:00,83.287253,5.000000
2010-11-01T00:00:00,-1.458365,2010-11-01T17:00:00,82.069040,5.000000
2010-11-02T00:00:00,-0.435839,2010-11-02T17:00:00,81.018567,5.000000
2010-11-03T00:00:00,-1.021371,2010-11-03T17:00:00,80.964213,5.000000
2010-11-04T00:00:00,-0.741287,2010-11-04T17:00:00,80.525475,5.000000
2010-11-05T00:00:00,-0.394594,2010-11-05T17:00:00,80.835680,5.000000
2010-11-06T00:00:00,-0.040192,2010-11-06T17:00:00,81.156187,5.000000
2010-11-07T00:00:00,-0.524337,2010-11-07T17:00:00,79.985919,5.000000
2010-11-08T00:00:00,-0.886341,2010-11-08T17:00:00,82.306212,5.000000
2010-11-09T00:00:00,-0.540450,2010-11-09T17:00:00,80.540030,5.000000
2010-11-10T00:00:00,-0.171714,2010-11-10T17:00:00,81.415000,5.000000
2010-11-11T00:00:00,-0.356355,2010-11-11T17:00:00,81.423977,5.000000
2010-11-12T00:00:00,-0.553962,2010-11-12T17:00:00,82.256822,5.000000
2010-11-13T00:00:00,-0.415086,2010-11-13T17:00:00,82.075026,5.000000
2010-11-14T00:00:00,0.325119,2010-11-14T17:00:00,81.974068,5.000000
2010-11-15T00:00:00,-0.731211,2010-11-15T17:00:00,82.216650,5.000000
2010-11-16T00:00:00,-1.059380,2010-11-16T17:00:00,82.332488,5.000000
2010-11-17T00:00:00,-1.204324,2010-11-17T17:00:00,82.483555,5.000000
2010-11-18T00:00:00,-1.554518,2010-11-18T17:00:00,82.035117,5.000000
2010-11-19T00:00:00,-2.289557,2010-11-19T17:00:00,80.484821,5.000000
2010-11-20T00:00:00,-2.666231,2010-11-20T17:00:00,78.672874,5.000000
2010-11-21T00:00:00,-1.870635,2010-11-21T17:00:00,78.375355,5.000000
2010-11-22T00:00:00,-1.678195,2010-11-22T17:00:00,77.582157,5.000000
2010-11-23T00:00:00,-1.121265,2010-11-23T17:00:00,76.946205,5.000000
2010-11-24T00:00:00,-0.633127,2010-11-24T17:00:00,77.033173,5.000000
2010-11-25T00:00:00,-1.077580,2010-11-25T17:00:00,76.883531,5.000000
2010-11-26T00:00:00,-0.768989,2010-11-26T17:00:00,76.806827,5.000000
2010-11-27T00:00:00,-0.077033,2010-11-27T17:00:00,76.169490,5.000000
2010-11-28T00:00:00,0.526473,2010-11-28T17:00:00,76.134858,5.000000
2010-11-29T00:00:00,0.982953,2010-11-29T17:00:00,75.939603,5.000000
2010-11-30T00:00:00,0.432392,2010-11-30T17:00:00,76.024195,5.000000
2010-12-01T00:00:00,0.501636,2010-12-01T17:00:00,74.693785,5.000000
2010-12-02T00:00:00,0.397721,2010-12-02T17:00:00,73.299852,5.000000
2010-12-03T00:00:00,0.516117,2010-12-03T17:00:00,74.328565,5.000000
2010-12-04T00:00:00,0.048947,2010-12-04T17:00:00,74.230899,5.000000
2010-12-05T00:00:00,0.007588,2010-12-05T17:00:00,74.374509,5.000000
2010-12-06T00:00:00,0.634176,2010-12-06T17:00:00,73.304149,5.000000
2010-12-07T00:00:00,0.272130,2010-12-07T17:00:00,73.936850,5.000000
2010-12-08T00:00:00,0.025006,2010-12-08T17:00:00,74.604919,5.000000
2010-12-09T00:00:00,0.507180,2010-12-09T17:00:00,73.709725,5.000000
2010-12-10T00:00:00,-0.390211,2010-12-10T17:00:00,73.039847,5.000000
2010-12-11T00:00:00,0.071737,2010-12-11T17:00:00,72.661910,5.000000
2010-12-12T00:00:00,-0.535815,2010-12-12T17:00:00,72.279147,5.000000
2010-12-13T00:00:00,-0.359806,2010-12-13T17:00:00,72.031366,5.000000
2010-12-14T00:00:00,-0.790219,2010-12-14T17:00:00,71.709811,5.000000
2010-12-15T00:00:00,-0.774847,2010-12-15T17:00:00,71.507253,5.000000
2010-12-16T00:00:00,-0.974977,2010-12-16T17:00:00,70.823216,5.000000
2010-12-17T00:00:00,-0.715320,2010-12-17T17:00:00,70.921046,5.000000
2010-12-18T00:00:00,-1.056253,2010-12-18T17:00:00,71.146533,5.000000
2010-12-19T00:00:00,-0.962623,2010-12-19T17:00:00,70.313433,5.000000
2010-12-20T00:00:00,-1.358368,2010-12-20T17:00:00,70.928064,5.000000
2010-12-21T00:00:00,-1.278308,2010-12-21T17:00:00,71.485770,5.000000
2010-12-22T00:00:00,-0.710927,2010-12-22T17:00:00,71.349358,5.000000
2010-12-23T00:00:00,-0.884095,2010-12-23T17:00:00,70.205319,5.000000
2010-12-24T00:00:00,-0.492375,2010-12-24T17:00:00,69.080466,5.000000
2010-12-25T00:00:00,0.168548,2010-12-25T17:00:00,68.363065,5.000000
2010-12-26T00:00:00,-0.316953,2010-12-26T17:00:00,66.889008,5.000000
2010-12-27T00:00:00,-1.108251,2010-12-27T17:00:00,66.662840,5.000000
2010-12-28T00:00:00,-1.049595,2010-12-28T17:00:00,66.069031,5.000000
2010-12-29T00:00:00,-0.978656,2010-12-29T17:00:00,65.446354,5.000000
2010-12-30T00:00:00,-1.554700,2010-12-30T17:00:00,65.812114,5.000000
2010-12-31T00:00:00,-0.963251,2010-12-31T17:00:00,66.011224,5.000000
2011-01-01T00:00:00,-0.639614,2011-01-01T17:00:00,65.839587,5.000000
2011-01-02T00:00:00,-1.389031,2011-01-02T17:00:00,65.581060,5.000000
2011-01-03T00:00:00,-0.986549,2011-01-03T17:00:00,66.228197,5.000000
2011-01-04T00:00:00,-0.599675,2011-01-04T17:00:00,67.042000,5.000000
2011-01-05T00:00:00,0.086016,2011-01-05T17:00:00,67.133198,5.000000
2011-01-06T00:00:00,0.236699,2011-01-06T17:00:00,68.161107,5.000000
2011-01-07T00:00:00,1.226866,2011-01-07T17:00:00,67.875037,5.000000
2011-01-08T00:00:00,1.391071,2011-01-08T17:00:00,68.236275,5.000000
2011-01-09T00:00:00,1.602712,2011-01-09T17:00:00,67.655288,5.000000
2011-01-10T00:00:00,1.004588,2011-01-10T17:00:00,68.272278,5.000000
2011-01-11T00:00:00,0.548571,2011-01-11T17:00:00,68.370970,5.000000
2011-01-12T00:00:00,-0.485260,2011-01-12T17:00:00,67.578539,5.000000
2011-01-13T00:00:00,-0.051242,2011-01-13T17:00:00,67.929029,5.000000
2011-01-14T00:00:00,0.302447,2011-01-14T17:00:00,67.375827,5.000000
2011-01-15T00:00:00,0.478104,2011-01-15T17:00:00,67.889992,5.000000
2011-01-16T00:00:00,0.433500,2011-01-16T17:00:00,67.217650,5.000000
2011-01-17T00:00:00,0.310516,2011-01-17T17:00:00,67.504187,5.000000
2011-01-18T00:00:00,1.325777,2011-01-18T17:00:00,67.655213,5.000000
2011-01-19T00:00:00,1.306112,2011-01-19T17:00:00,67.981027,5.000000
2011-01-20T00:00:00,2.041336,2011-01-20T17:00:00,68.490532,5.000000
2011-01-21T00:00:00,1.856894,2011-01-21T17:00:00,69.412651,5.000000
2011-01-22T00:00:00,1.230305,2011-01-22T17:00:00,70.166298,5.000000
2011-01-23T00:00:00,1.126959,2011-01-23T17:00:00,71.222136,5.000000
2011-01-24T00:00:00,1.289450,2011-01-24T17:00:00,72.023338,5.000000
2011-01-25T00:00:00,1.212331,2011-01-25T17:00:00,72.536049,5.000000
2011-01-26T00:00:00,0.959843,2011-01-26T17:00:00,73.104536,5.000000
2011-01-27T00:00:00,1.009927,2011-01-27T17:00:00,73.876819,5.000000
2011-01-28T00:00:00,1.151731,2011-01-28T17:00:00,74.489527,5.000000
2011-01-29T00:00:00,1.078049,2011-01-29T17:00:00,76.508135,5.000000
2011-01-30T00:00:00,0.182008,2011-01-30T17:00:00,76.443874,5.000000
2011-01-31T00:00:00,0.391816,2011-01-31T17:00:00,76.290479,5.000000
2011-02-01T00:00:00,0.113995,2011-02-01T17:00:00,75.835315,5.000000
2011-02-02T00:00:00,0.581724,2011-02-02T17:00:00,74.415538,5.000000
2011-02-03T00:00:00,0.011929,2011-02-03T17:00:00,73.886857,5.000000
2011-02-04T00:00:00,-0.373559,2011-02-04T17:00:00,74.194162,5.000000
2011-02-05T00:00:00,0.038462,2011-02-05T17:00:00,74.615979,5.000000
2011-02-06T00:00:00,0.685835,2011-02-06T17:00:00,74.871472,5.000000
2011-02-07T00:00:00,0.923992,2011-02-07T17:00:00,74.711495,5.000000
2011-02-08T00:00:00,0.780370,2011-02-08T17:00:00,75.351168,5.000000
2011-02-09T00:00:00,0.472908,2011-02-09T17:00:00,74.619371,5.000000
2011-02-10T00:00:00,0.208555,2011-02-10T17:00:00,75.308869,5.000000
2011-02-11T00:00:00,-0.555830,2011-02-11T17:00:00,74.798614,5.000000
2011-02-12T00:00:00,-0.277094,2011-02-12T17:00:00,75.865971,5.000000
2011-02-13T00:00:00,0.065828,2011-02-13T17:00:00,75.587997,5.000000
2011-02-14T00:00:00,-0.106197,2011-02-14T17:00:00,75.047650,5.000000
2011-02-15T00:00:00,-0.237671,2011-02-15T17:00:00,75.136842,5.000000
2011-02-16T00:00:00,0.087047,2011-02-16T17:00:00,76.235950,5.000000
2011-02-17T00:00:00,-0.046476,2011-02-17T17:00:00,75.270059,5.000000
2011-02-18T00:00:00,-0.067595,2011-02-18T17:00:00,75.452530,5.000000
2011-02-19T00:00:00,-0.636242,2011-02-19T17:00:00,76.295007,5.000000
2011-02-20T00:00:00,-1.386477,2011-02-20T17:00:00,76.318544,5.000000
2011-02-21T00:00:00,-1.459050,2011-02-21T17:00:00,75.656642,5.000000
2011-02-22T00:00:00,-1.234250,2011-02-22T17:00:00,76.859068,5.000000
2011-02-23T00:00:00,-1.653521,2011-02-23T17:00:00,75.488241,5.000000
2011-02-24T00:00:00,-1.403063,2011-02-24T17:00:00,75.487862,5.000000
2011-02-25T00:00:00,-1.543217,2011-02-25T17:00:00,73.218425,5.000000
2011-02-26T00:00:00,-0.770137,2011-02-26T17:00:00,73.527060,5.000000
2011-02-27T00:00:00,-0.715536,2011-02-27T17:00:00,72.834163,5.000000
2011-02-28T00:00:00,-0.437822,2011-02-28T17:00:00,72.389214,5.000000
2011-03-01T00:00:00,0.448423,2011-03-01T17:00:00,71.918715,5.000000
2011-03-02T00:00:00,1.017701,2011-03-02T17:00:00,72.467166,5.000000
2011-03-03T00:00:00,1.138830,2011-03-03T17:00:00,72.843257,5.000000
2011-03-04T00:00:00,1.089454,2011-03-04T17:00:00,72.715000,5.000000
2011-03-05T00:00:00,0.915669,2011-03-05T17:00:00,72.269495,5.000000
2011-03-06T00:00:00,0.560971,2011-03-06T17:00:00,72.142713,5.000000
2011-03-07T00:00:00,0.645705,2011-03-07T17:00:00,72.349266,5.000000
2011-03-08T00:00:00,-0.415320,2011-03-08T17:00:00,73.633170,5.000000
2011-03-09T00:00:00,-0.402058,2011-03-09T17:00:00,74.569139,5.000000
2011-03-10T00:00:00,-0.523371,2011-03-10T17:00:00,74.894738,5.000000
2011-03-11T00:00:00,-0.636232,2011-03-11T17:00:00,74.386576,5.000000
2011-03-12T00:00:00,-0.465995,2011-03-12T17:00:00,74.844095,5.000000
2011-03-13T00:00:00,-1.387311,2011-03-13T17:00:00,75.276517,5.000000
2011-03-14T00:00:00,-1.267552,2011-03-14T17:00:00,76.210918,5.000000
2011-03-15T00:00:00,-0.806396,2011-03-15T17:00:00,75.147990,5.000000
2011-03-16T00:00:00,-0.593537,2011-03-16T17:00:00,75.456405,5.000000
2011-03-17T00:00:00,0.285121,2011-03-17T17:00:00,76.400085,5.000000
2011-03-18T00:00:00,-0.017959,2011-03-18T17:00:00,76.729551,5.000000
2011-03-19T00:00:00,-0.087856,2011-03-19T17:00:00,75.975283,5.000000
2011-03-20T00:00:00,0.078562,2011-03-20T17:00:00,75.462862,5.000000
2011-03-21T00:00:00,0.067491,2011-03-21T17:00:00,76.152178,5.000000
2011-03-22T00:00:00,-0.347612,2011-03-22T17:00:00,76.300842,5.000000
2011-03-23T00:00:00,-0.505860,2011-03-23T17:00:00,77.413167,5.000000
2011-03-24T00:00:00,-0.363051,2011-03-24T17:00:00,77.608919,5.000000
2011-03-25T00:00:00,0.195850,2011-03-25T17:00:00,77.110745,5.000000
2011-03-26T00:00:00,-0.019735,2011-03-26T17:00:00,77.662484,5.000000
2011-03-27T00:00:00,-0.391651,2011-03-27T17:00:00,77.475355,5.000000
2011-03-28T00:00:00,-0.072111,2011-03-28T17:00:00,79.325331,5.000000
2011-03-29T00:00:00,0.198674,2011-03-29T17:00:00,79.596889,5.000000
2011-03-30T00:00:00,0.090661,2011-03-30T17:00:00,79.265282,5.000000
2011-03-31T00:00:00,1.017063,2011-03-31T17:00:00,79.195005,5.000000
2011-04-01T00:00:00,1.057720,2011-04-01T17:00:00,80.050478,5.000000
2011-04-02T00:00:00,1.721690,2011-04-02T17:00:00,80.430222,5.000000
2011-04-03T00:00:00,1.691777,2011-04-03T17:00:00,79.713836,5.000000
2011-04-04T00:00:00,1.226442,2011-04-04T17:00:00,80.161574,5.000000
2011-04-05T00:00:00,0.715724,2011-04-05T17:00:00,81.501461,5.000000
2011-04-06T00:00:00,0.627129,2011-04-06T17:00:00,82.177883,5.000000
2011-04-07T00:00:00,0.829097,2011-04-07T17:00:00,81.246616,5.000000
2011-04-08T00:00:00,0.404901,2011-04-08T17:00:00,81.548872,5.000000
2011-04-09T00:00:00,0.777847,2011-04-09T17:00:00,81.774927,5.000000
2011-04-10T00:00:00,1.108732,2011-04-10T17:00:00,82.190441,5.000000
2011-04-11T00:00:00,1.910592,2011-04-11T17:00:00,82.798076,5.000000
2011-04-12T00:00:00,1.781454,2011-04-12T17:00:00,83.502880,5.000000
2011-04-13T00:00:00,1.346478,2011-04-13T17:00:00,84.139916,5.000000
2011-04-14T00:00:00,1.374662,2011-04-14T17:00:00,84.349791,5.000000
2011-04-15T00:00:00,1.033880,2011-04-15T17:00:00,83.662094,5.000000
2011-04-16T00:00:00,1.261582,2011-04-16T17:00:00,84.380107,5.000000
2011-04-17T00:00:00,0.682543,2011-04-17T17:00:00,85.164607,5.000000
2011-04-18T00:00:00,1.334850,2011-04-18T17:00:00,85.887932,5.000000
2011-04-19T00:00:00,1.384032,2011-04-19T17:00:00,85.826939,5.000000
2011-04-20T00:00:00,0.711476,2011-04-20T17:00:00,87.810600,5.000000
2011-04-21T00:00:00,1.289657,2011-04-21T17:00:00,88.114218,5.000000
2011-04-22T00:00:00,2.015401,2011-04-22T17:00:00,88.333170,5.000000
2011-04-23T00:00:00,1.722283,2011-04-23T17:00:00,87.468258,5.000000
2011-04-24T00:00:00,1.692657,2011-04-24T17:00:00,86.164432,5.000000
2011-04-25T00:00:00,1.588903,2011-04-25T17:00:00,85.009463,5.000000
2011-04-26T00:00:00,1.579423,2011-04-26T17:00:00,85.467811,5.000000
2011-04-27T00:00:00,1.159780,2011-04-27T17:00:00,85.565630,5.000000
2011-04-28T00:00:00,0.735875,2011-04-28T17:00:00,85.620352,5.000000
2011-04-29T00:00:00,1.180065,2011-04-29T17:00:00,86.783718,5.000000
2011-04-30T00:00:00,1.929880,2011-04-30T17:00:00,87.014362,5.000000
2011-05-01T00:00:00,2.372937,2011-05-01T17:00:00,88.408815,5.000000
2011-05-02T00:00:00,2.670716,2011-05-02T17:00:00,90.484002,5.000000
2011-05-03T00:00:00,3.107528,2011-05-03T17:00:00,90.399552,5.000000
2011-05-04T00:00:00,3.303884,2011-05-04T17:00:00,92.294519,5.000000
2011-05-05T00:00:00,2.564709,2011-05-05T17:00:00,94.117961,5.000000
2011-05-06T00:00:00,1.984933,2011-05-06T17:00:00,93.918529,5.000000
2011-05-07T00:00:00,1.707364,2011-05-07T17:00:00,95.667945,5.000000
2011-05-08T00:00:00,1.740890,2011-05-08T17:00:00,96.637393,5.000000
2011-05-09T00:00:00,1.076106,2011-05-09T17:00:00,98.370966,5.000000
2011-05-10T00:00:00,0.649885,2011-05-10T17:00:00,99.332355,5.000000
2011-05-11T00:00:00,0.877404,2011-05-11T17:00:00,100.484550,5.000000
2011-05-12T00:00:00,0.811725,2011-05-12T17:00:00,101.992407,5.000000
2011-05-13T00:00:00,1.114062,2011-05-13T17:00:00,100.799313,5.000000
2011-05-14T00:00:00,0.501967,2011-05-14T17:00:00,100.545250,5.000000
2011-05-15T00:00:00,0.022996,2011-05-15T17:00:00,100.935846,5.000000
2011-05-16T00:00:00,-0.156068,2011-05-16T17:00:00,100.328622,5.000000
2011-05-17T00:00:00,-0.121724,2011-05-17T17:00:00,101.815462,5.000000
2011-05-18T00:00:00,-0.377350,2011-05-18T17:00:00,102.546487,5.000000
2011-05-19T00:00:00,-0.196009,2011-05-19T17:00:00,104.220440,5.000000
2011-05-20T00:00:00,-0.415543,2011-05-20T17:00:00,104.258677,5.000000
2011-05-21T00:00:00,-0.361349,2011-05-21T17:00:00,104.953534,5.000000
2011-05-22T00:00:00,0.327639,2011-05-22T17:00:00,104.241458,5.000000
2011-05-23T00:00:00,0.273691,2011-05-23T17:00:00,102.280828,5.000000
2011-05-24T00:00:00,0.772646,2011-05-24T17:00:00,102.729352,5.000000
2011-05-25T00:00:00,0.524838,2011-05-25T17:00:00,101.879814,5.000000
2011-05-26T00:00:00,0.161947,2011-05-26T17:00:00,102.582754,5.000000
2011-05-27T00:00:00,0.324246,2011-05-27T17:00:00,103.564334,5.000000
2011-05-28T00:00:00,1.285394,2011-05-28T17:00:00,103.793642,5.000000
2011-05-29T00:00:00,0.921045,2011-05-29T17:00:00,105.420519,5.000000
2011-05-30T00:00:00,1.647773,2011-05-30T17:00:00,105.989102,5.000000
2011-05-31T00:00:00,1.765174,2011-05-31T17:00:00,104.592496,5.000000
2011-06-01T00:00:00,1.095723,2011-06-01T17:00:00,103.170132,5.000000
2011-06-02T00:00:00,0.826661,2011-06-02T17:00:00,106.840450,5.000000
2011-06-03T00:00:00,-0.058880,2011-06-03T17:00:00,106.788580,5.000000
2011-06-04T00:00:00,0.303176,2011-06-04T17:00:00,108.244284,5.000000
2011-06-05T00:00:00,-0.054753,2011-06-05T17:00:00,108.197629,5.000000
2011-06-06T00:00:00,-0.173479,2011-06-06T17:00:00,108.476365,5.000000
2011-06-07T00:00:00,0.359217,2011-06-07T17:00:00,107.616368,5.000000
2011-06-08T00:00:00,0.113919,2011-06-08T17:00:00,106.705604,5.000000
2011-06-09T00:00:00,0.134015,2011-06-09T17:00:00,106.607293,5.000000
2011-06-10T00:00:00,1.107264,2011-06-10T17:00:00,105.181692,5.000000
2011-06-11T00:00:00,1.217763,2011-06-11T17:00:00,104.962945,5.000000
2011-06-12T00:00:00,0.371126,2011-06-12T17:00:00,105.899544,5.000000
2011-06-13T00:00:00,0.121322,2011-06-13T17:00:00,105.970140,5.000000
2011-06-14T00:00:00,0.476614,2011-06-14T17:00:00,105.144436,5.000000
2011-06-15T00:00:00,0.283789,2011-06-15T17:00:00,104.748624,5.000000
2011-06-16T00:00:00,0.197482,2011-06-16T17:00:00,103.290444,5.000000
2011-06-17T00:00:00,0.726632,2011-06-17T17:00:00,106.909451,5.000000
2011-06-18T00:00:00,0.938820,2011-06-18T17:00:00,107.783688,5.000000
2011-06-19T00:00:00,-0.049193,2011-06-19T17:00:00,106.152299,5.000000
2011-06-20T00:00:00,0.180547,2011-06-20T17:00:00,104.697710,5.000000
2011-06-21T00:00:00,0.208437,2011-06-21T17:00:00,103.627764,5.000000
2011-06-22T00:00:00,0.907725,2011-06-22T17:00:00,103.620792,5.000000
2011-06-23T00:00:00,0.251347,2011-06-23T17:00:00,104.730910,5.000000
2011-06-24T00:00:00,0.454950,2011-06-24T17:00:00,104.917227,5.000000
2011-06-25T00:00:00,0.540098,2011-06-25T17:00:00,106.012498,5.000000
2011-06-26T00:00:00,1.324840,2011-06-26T17:00:00,106.927261,5.000000
2011-06-27T00:00:00,1.051046,2011-06-27T17:00:00,108.166752,5.000000
2011-06-28T00:00:00,0.436866,2011-06-28T17:00:00,108.860979,5.000000
2011-06-29T00:00:00,0.504195,2011-06-29T17:00:00,109.810608,5.000000
2011-06-30T00:00:00,0.383162,2011-06-30T17:00:00,109.423025,5.000000
2011-07-01T00:00:00,0.259401,2011-07-01T17:00:00,110.680904,5.000000
2011-07-02T00:00:00,-0.145371,2011-07-02T17:00:00,110.305791,5.000000
2011-07-03T00:00:00,0.345140,2011-07-03T17:00:00,110.661184,5.000000
2011-07-04T00:00:00,0.660755,2011-07-04T17:00:00,109.842535,5.000000
2011-07-05T00:00:00,0.552150,2011-07-05T17:00:00,109.642289,5.000000
2011-07-06T00:00:00,0.368826,2011-07-06T17:00:00,109.080340,5.000000
2011-07-07T00:00:00,-0.551611,2011-07-07T17:00:00,107.509407,5.000000
2011-07-08T00:00:00,-0.384587,2011-07-08T17:00:00,107.999766,5.000000
2011-07-09T00:00:00,-0.335861,2011-07-09T17:00:00,108.017040,5.000000
2011-07-10T00:00:00,-0.138091,2011-07-10T17:00:00,108.981998,5.000000
2011-07-11T00:00:00,0.261992,2011-07-11T17:00:00,108.361852,5.000000
2011-07-12T00:00:00,-0.396472,2011-07-12T17:00:00,108.926279,5.000000
2011-07-13T00:00:00,-0.670636,2011-07-13T17:00:00,110.512279,5.000000
2011-07-14T00:00:00,-0.718473,2011-07-14T17:00:00,109.066218,5.000000
2011-07-15T00:00:00,-1.167569,2011-07-15T17:00:00,108.815192,5.000000
2011-07-16T00:00:00,-1.063227,2011-07-16T17:00:00,110.021065,5.000000
2011-07-17T00:00:00,-1.694655,2011-07-17T17:00:00,108.357007,5.000000
2011-07-18T00:00:00,-1.745410,2011-07-18T17:00:00,108.286083,5.000000
2011-07-19T00:00:00,-1.918391,2011-07-19T17:00:00,109.091082,5.000000
2011-07-20T00:00:00,-1.484101,2011-07-20T17:00:00,108.467731,5.000000
2011-07-21T00:00:00,-1.425352,2011-07-21T17:00:00,107.897518,5.000000
2011-07-22T00:00:00,-1.404904,2011-07-22T17:00:00,106.869813,5.000000
2011-07-23T00:00:00,-1.673810,2011-07-23T17:00:00,106.272375,5.000000
2011-07-24T00:00:00,-1.173533,2011-07-24T17:00:00,107.148193,5.000000
2011-07-25T00:00:00,-1.681306,2011-07-25T17:00:00,107.099097,5.000000
2011-07-26T00:00:00,-1.335486,2011-07-26T17:00:00,106.928320,5.000000
2011-07-27T00:00:00,-1.181796,2011-07-27T17:00:00,106.401043,5.000000
2011-07-28T00:00:00,-0.576827,2011-07-28T17:00:00,105.646566,5.000000
2011-07-29T00:00:00,0.084286,2011-07-29T17:00:00,106.188031,5.000000
2011-07-30T00:00:00,-0.194209,2011-07-30T17:00:00,105.788492,5.000000
2011-07-31T00:00:00,-0.598364,2011-07-31T17:00:00,106.427532,5.000000
2011-08-01T00:00:00,-0.355401,2011-08-01T17:00:00,109.210441,5.000000
2011-08-02T00:00:00,-0.799756,2011-08-02T17:00:00,109.222832,5.000000
2011-08-03T00:00:00,-0.319523,2011-08-03T17:00:00,110.310670,5.000000
2011-08-04T00:00:00,-0.010949,2011-08-04T17:00:00,109.748450,5.000000
2011-08-05T00:00:00,0.312036,2011-08-05T17:00:00,112.152763,5.000000
2011-08-06T00:00:00,-0.092700,2011-08-06T17:00:00,112.199821,5.000000
2011-08-07T00:00:00,-0.424902,2011-08-07T17:00:00,112.413868,5.000000
2011-08-08T00:00:00,-0.542062,2011-08-08T17:00:00,113.927360,5.000000
2011-08-09T00:00:00,-0.085412,2011-08-09T17:00:00,111.808234,5.000000
2011-08-10T00:00:00,-0.137506,2011-08-10T17:00:00,111.943788,5.000000
2011-08-11T00:00:00,0.231887,2011-08-11T17:00:00,112.513663,5.000000
2011-08-12T00:00:00,-0.003243,2011-08-12T17:00:00,111.246019,5.000000
2011-08-13T00:00:00,0.354943,2011-08-13T17:00:00,112.223647,5.000000
2011-08-14T00:00:00,0.225479,2011-08-14T17:00:00,115.124059,5.000000
2011-08-15T00:00:00,0.663860,2011-08-15T17:00:00,114.153723,5.000000
2011-08-16T00:00:00,0.738853,2011-08-16T17:00:00,114.306754,5.000000
2011-08-17T00:00:00,0.189518,2011-08-17T17:00:00,116.687097,5.000000
2011-08-18T00:00:00,0.508832,2011-08-18T17:00:00,114.780153,5.000000
2011-08-19T00:00:00,-0.053519,2011-08-19T17:00:00,115.328438,5.000000
2011-08-20T00:00:00,-0.171092,2011-08-20T17:00:00,115.582417,5.000000
2011-08-21T00:00:00,-0.080650,2011-08-21T17:00:00,114.948964,5.000000
2011-08-22T00:00:00,0.712943,2011-08-22T17:00:00,116.299044,5.000000
2011-08-23T00:00:00,0.540298,2011-08-23T17:00:00,113.748727,5.000000
2011-08-24T00:00:00,0.291174,2011-08-24T17:00:00,114.107236,5.000000
2011-08-25T00:00:00,0.866816,2011-08-25T17:00:00,114.358980,5.000000
2011-08-26T00:00:00,0.671176,2011-08-26T17:00:00,114.229101,5.000000
2011-08-27T00:00:00,1.217240,2011-08-27T17:00:00,116.102667,5.000000
2011-08-28T00:00:00,1.113114,2011-08-28T17:00:00,115.392996,5.000000
2011-08-29T00:00:00,1.014631,2011-08-29T17:00:00,113.725373,5.000000
2011-08-30T00:00:00,0.631071,2011-08-30T17:00:00,114.303499,5.000000
2011-08-31T00:00:00,0.930749,2011-08-31T17:00:00,114.494169,5.000000
2011-09-01T00:00:00,1.605193,2011-09-01T17:00:00,113.669027,5.000000
2011-09-02T00:00:00,1.525137,2011-09-02T17:00:00,113.870620,5.000000
2011-09-03T00:00:00,1.091612,2011-09-03T17:00:00,114.093780,5.000000
2011-09-04T00:00:00,1.424813,2011-09-04T17:00:00,114.679351,5.000000
2011-09-05T00:00:00,1.016763,2011-09-05T17:00:00,116.276661,5.000000
2011-09-06T00:00:00,1.065901,2011-09-06T17:00:00,118.588712,5.000000
2011-09-07T00:00:00,0.315035,2011-09-07T17:00:00,117.196406,5.000000
2011-09-08T00:00:00,0.263807,2011-09-08T17:00:00,117.765999,5.000000
2011-09-09T00:00:00,0.763038,2011-09-09T17:00:00,117.699573,5.000000
2011-09-10T00:00:00,1.047344,2011-09-10T17:00:00,118.152944,5.000000
2011-09-11T00:00:00,0.172574,2011-09-11T17:00:00,117.123003,5.000000
2011-09-12T00:00:00,-0.402754,2011-09-12T17:00:00,117.808481,5.000000
2011-09-13T00:00:00,0.205935,2011-09-13T17:00:00,115.122689,5.000000
2011-09-14T00:00:00,0.841754,2011-09-14T17:00:00,115.738824,5.000000
2011-09-15T00:00:00,0.265272,2011-09-15T17:00:00,113.623015,5.000000
2011-09-16T00:00:00,-0.061878,2011-09-16T17:00:00,113.106053,5.000000
2011-09-17T00:00:00,-0.243754,2011-09-17T17:00:00,113.194082,5.000000
2011-09-18T00:00:00,-0.474307,2011-09-18T17:00:00,114.010474,5.000000
2011-09-19T00:00:00,-0.685471,2011-09-19T17:00:00,114.568471,5.000000
2011-09-20T00:00:00,-1.063541,2011-09-20T17:00:00,115.647329,5.000000
2011-09-21T00:00:00,-0.320428,2011-09-21T17:00:00,114.982706,5.000000
2011-09-22T00:00:00,-0.564139,2011-09-22T17:00:00,114.186802,5.000000
2011-09-23T00:00:00,-0.844052,2011-09-23T17:00:00,115.276573,5.000000
2011-09-24T00:00:00,-0.242993,2011-09-24T17:00:00,115.735157,5.000000
2011-09-25T00:00:00,-0.484487,2011-09-25T17:00:00,115.295280,5.000000
2011-09-26T00:00:00,-0.182329,2011-09-26T17:00:00,114.426800,5.000000
2011-09-27T00:00:00,-0.169085,2011-09-27T17:00:00,113.599781,5.000000
2011-09-28T00:00:00,-0.041315,2011-09-28T17:00:00,114.982925,5.000000
2011-09-29T00:00:00,0.488765,2011-09-29T17:00:00,115.252805,5.000000
2011-09-30T00:00:00,0.841034,2011-09-30T17:00:00,115.266059,5.000000
2011-10-01T00:00:00,1.124388,2011-10-01T17:00:00,114.782868,5.000000
2011-10-02T00:00:00,1.020035,2011-10-02T17:00:00,114.709371,5.000000
2011-10-03T00:00:00,0.653059,2011-10-03T17:00:00,115.148171,5.000000
2011-10-04T00:00:00,1.341770,2011-10-04T17:00:00,113.469202,5.000000
2011-10-05T00:00:00,1.092579,2011-10-05T17:00:00,114.050998,5.000000
2011-10-06T00:00:00,1.461058,2011-10-06T17:00:00,113.434054,5.000000
2011-10-07T00:00:00,1.854651,2011-10-07T17:00:00,114.440293,5.000000
2011-10-08T00:00:00,2.274022,2011-10-08T17:00:00,117.933689,5.000000
2011-10-09T00:00:00,1.673746,2011-10-09T17:00:00,119.271945,5.000000
2011-10-10T00:00:00,1.063839,2011-10-10T17:00:00,119.844546,5.000000
2011-10-11T00:00:00,-0.229131,2011-10-11T17:00:00,119.756291,5.000000
2011-10-12T00:00:00,-0.216530,2011-10-12T17:00:00,120.592107,5.000000
2011-10-13T00:00:00,-0.161926,2011-10-13T17:00:00,121.379350,5.000000
2011-10-14T00:00:00,-0.383451,2011-10-14T17:00:00,120.119886,5.000000
2011-10-15T00:00:00,-0.057331,2011-10-15T17:00:00,120.708491,5.000000
2011-10-16T00:00:00,-0.055677,2011-10-16T17:00:00,119.809038,5.000000
2011-10-17T00:00:00,0.403657,2011-10-17T17:00:00,118.790857,5.000000
2011-10-18T00:00:00,0.529431,2011-10-18T17:00:00,120.475114,5.000000
2011-10-19T00:00:00,0.386179,2011-10-19T17:00:00,120.473302,5.000000
2011-10-20T00:00:00,-0.037937,2011-10-20T17:00:00,122.126762,5.000000
2011-10-21T00:00:00,0.549852,2011-10-21T17:00:00,123.625016,5.000000
2011-10-22T00:00:00,1.301198,2011-10-22T17:00:00,122.761005,5.000000
2011-10-23T00:00:00,1.549181,2011-10-23T17:00:00,123.265149,5.000000
2011-10-24T00:00:00,1.515338,2011-10-24T17:00:00,120.862967,5.000000
2011-10-25T00:00:00,1.099457,2011-10-25T17:00:00,120.179753,5.000000
2011-10-26T00:00:00,1.443898,2011-10-26T17:00:00,119.846094,5.000000
2011-10-27T00:00:00,0.946451,2011-10-27T17:00:00,119.994601,5.000000
2011-10-28T00:00:00,1.221336,2011-10-28T17:00:00,121.250776,5.000000
2011-10-29T00:00:00,0.547110,2011-10-29T17:00:00,122.818751,5.000000
2011-10-30T00:00:00,0.758807,2011-10-30T17:00:00,122.340368,5.000000
2011-10-31T00:00:00,1.574924,2011-10-31T17:00:00,123.510192,5.000000
2011-11-01T00:00:00,1.811156,2011-11-01T17:00:00,124.709167,5.000000
2011-11-02T00:00:00,0.762884,2011-11-02T17:00:00,125.839334,5.000000
2011-11-03T00:00:00,0.286978,2011-11-03T17:00:00,126.090501,5.000000
2011-11-04T00:00:00,0.305455,2011-11-04T17:00:00,126.847936,5.000000
2011-11-05T00:00:00,0.380859,2011-11-05T17:00:00,126.946905,5.000000
2011-11-06T00:00:00,0.848086,2011-11-06T17:00:00,130.011129,5.000000
2011-11-07T00:00:00,0.450048,2011-11-07T17:00:00,132.123724,5.000000
2011-11-08T00:00:00,0.658317,2011-11-08T17:00:00,132.235202,5.000000
2011-11-09T00:00:00,0.552762,2011-11-09T17:00:00,133.022119,5.000000
2011-11-10T00:00:00,0.315420,2011-11-10T17:00:00,131.677259,5.000000
2011-11-11T00:00:00,-0.114546,2011-11-11T17:00:00,133.927094,5.000000
2011-11-12T00:00:00,-0.551143,2011-11-12T17:00:00,133.388306,5.000000
2011-11-13T00:00:00,0.010497,2011-11-13T17:00:00,129.954545,5.000000
2011-11-14T00:00:00,-0.304526,2011-11-14T17:00:00,129.160245,5.000000
2011-11-15T00:00:00,0.076985,2011-11-15T17:00:00,126.913298,5.000000
2011-11-16T00:00:00,0.003333,2011-11-16T17:00:00,126.527765,5.000000
2011-11-17T00:00:00,0.635110,2011-11-17T17:00:00,125.840222,5.000000
2011-11-18T00:00:00,-0.165882,2011-11-18T17:00:00,126.105085,5.000000
2011-11-19T00:00:00,-0.335064,2011-11-19T17:00:00,126.007046,5.000000
2011-11-20T00:00:00,-0.613571,2011-11-20T17:00:00,126.991110,5.000000
2011-11-21T00:00:00,-0.342557,2011-11-21T17:00:00,127.369833,5.000000
2011-11-22T00:00:00,-0.172151,2011-11-22T17:00:00,126.381561,5.000000
2011-11-23T00:00:00,-0.157824,2011-11-23T17:00:00,124.436316,5.000000
2011-11-24T00:00:00,0.524218,2011-11-24T17:00:00,125.041132,5.000000
2011-11-25T00:00:00,0.083934,2011-11-25T17:00:00,124.728678,5.000000
2011-11-26T00:00:00,-0.730884,2011-11-26T17:00:00,122.729443,5.000000
2011-11-27T00:00:00,-0.899669,2011-11-27T17:00:00,121.731606,5.000000
2011-11-28T00:00:00,-0.675721,2011-11-28T17:00:00,120.375106,5.000000
2011-11-29T00:00:00,-0.305798,2011-11-29T17:00:00,120.474030,5.000000
2011-11-30T00:00:00,-0.366526,2011-11-30T17:00:00,118.056239,5.000000
2011-12-01T00:00:00,-0.399525,2011-12-01T17:00:00,118.013706,5.000000
2011-12-02T00:00:00,-0.104903,2011-12-02T17:00:00,116.985685,5.000000
2011-12-03T00:00:00,-0.170412,2011-12-03T17:00:00,115.554073,5.000000
2011-12-04T00:00:00,-0.410436,2011-12-04T17:00:00,115.396157,5.000000
2011-12-05T00:00:00,-0.425257,2011-12-05T17:00:00,113.681575,5.000000
2011-12-06T00:00:00,-1.081468,2011-12-06T17:00:00,113.821669,5.000000
2011-12-07T00:00:00,-0.906023,2011-12-07T17:00:00,112.913730,5.000000
2011-12-08T00:00:00,-0.087943,2011-12-08T17:00:00,113.019243,5.000000
2011-12-09T00:00:00,-0.406534,2011-12-09T17:00:00,113.267466,5.000000
2011-12-10T00:00:00,-0.590382,2011-12-10T17:00:00,110.964742,5.000000
2011-12-11T00:00:00,-0.276214,2011-12-11T17:00:00,111.719011,5.000000
2011-12-12T00:00:00,0.241772,2011-12-12T17:00:00,110.563518,5.000000
2011-12-13T00:00:00,0.252947,2011-12-13T17:00:00,109.054408,5.000000
2011-12-14T00:00:00,0.303188,2011-12-14T17:00:00,108.272430,5.000000
2011-12-15T00:00:00,0.329434,2011-12-15T17:00:00,108.483707,5.000000
2011-12-16T00:00:00,0.317028,2011-12-16T17:00:00,108.301251,5.000000
2011-12-17T00:00:00,0.037908,2011-12-17T17:00:00,107.453474,5.000000
2011-12-18T00:00:00,-0.411267,2011-12-18T17:00:00,107.744761,5.000000
2011-12-19T00:00:00,0.470866,2011-12-19T17:00:00,109.961385,5.000000
2011-12-20T00:00:00,1.115009,2011-12-20T17:00:00,108.928045,5.000000
2011-12-21T00:00:00,0.711210,2011-12-21T17:00:00,107.546345,5.000000
2011-12-22T00:00:00,0.774547,2011-12-22T17:00:00,106.085981,5.000000
2011-12-23T00:00:00,0.178124,2011-12-23T17:00:00,105.828201,5.000000
2011-12-24T00:00:00,-0.143207,2011-12-24T17:00:00,104.645048,5.000000
2011-12-25T00:00:00,0.350604,2011-12-25T17:00:00,104.762868,5.000000
2011-12-26T00:00:00,-0.711967,2011-12-26T17:00:00,103.936760,5.000000
2011-12-27T00:00:00,-0.548589,2011-12-27T17:00:00,104.569049,5.000000
2011-12-28T00:00:00,-0.774939,2011-12-28T17:00:00,104.676471,5.000000
2011-12-29T00:00:00,0.091792,2011-12-29T17:00:00,103.231710,5.000000
2011-12-30T00:00:00,0.528541,2011-12-30T17:00:00,102.192229,5.000000
2011-12-31T00:00:00,0.711011,2011-12-31T17:00:00,101.069810,5.000000
2012-01-01T00:00:00,0.093604,2012-01-01T17:00:00,101.090948,5.000000
2012-01-02T00:00:00,-0.032883,2012-01-02T17:00:00,102.834444,5.000000
2012-01-03T00:00:00,-0.161299,2012-01-03T17:00:00,102.851774,5.000000
2012-01-04T00:00:00,0.931327,2012-01-04T17:00:00,104.186162,5.000000
2012-01-05T00:00:00,0.970048,2012-01-05T17:00:00,104.814767,5.000000
2012-01-06T00:00:00,0.434258,2012-01-06T17:00:00,105.720072,5.000000
2012-01-07T00:00:00,0.746815,2012-01-07T17:00:00,107.197868,5.000000
2012-01-08T00:00:00,-0.308873,2012-01-08T17:00:00,107.534588,5.000000
2012-01-09T00:00:00,-1.372740,2012-01-09T17:00:00,109.115672,5.000000
2012-01-10T00:00:00,-1.922994,2012-01-10T17:00:00,109.718875,5.000000
2012-01-11T00:00:00,-1.594013,2012-01-11T17:00:00,107.995589,5.000000
2012-01-12T00:00:00,-1.654730,2012-01-12T17:00:00,106.281834,5.000000
2012-01-13T00:00:00,-1.139520,2012-01-13T17:00:00,104.117943,5.000000
2012-01-14T00:00:00,-2.094121,2012-01-14T17:00:00,104.069912,5.000000
2012-01-15T00:00:00,-1.916781,2012-01-15T17:00:00,103.286275,5.000000
2012-01-16T00:00:00,-1.625397,2012-01-16T17:00:00,101.709503,5.000000
2012-01-17T00:00:00,-1.851537,2012-01-17T17:00:00,101.051852,5.000000
2012-01-18T00:00:00,-2.199621,2012-01-18T17:00:00,102.629714,5.000000
2012-01-19T00:00:00,-2.202092,2012-01-19T17:00:00,100.505075,5.000000
2012-01-20T00:00:00,-1.815307,2012-01-20T17:00:00,100.127554,5.000000
2012-01-21T00:00:00,-1.047753,2012-01-21T17:00:00,99.357632,5.000000
2012-01-22T00:00:00,-0.597081,2012-01-22T17:00:00,99.529920,5.000000
2012-01-23T00:00:00,-0.615982,2012-01-23T17:00:00,98.906843,5.000000
2012-01-24T00:00:00,-1.289384,2012-01-24T17:00:00,100.499279,5.000000
2012-01-25T00:00:00,-1.731837,2012-01-25T17:00:00,99.946638,5.000000
2012-01-26T00:00:00,-1.058081,2012-01-26T17:00:00,99.536329,5.000000
2012-01-27T00:00:00,-0.260016,2012-01-27T17:00:00,98.038802,5.000000
2012-01-28T00:00:00,-1.424464,2012-01-28T17:00:00,97.708049,5.000000
2012-01-29T00:00:00,-1.047016,2012-01-29T17:00:00,96.915707,5.000000
2012-01-30T00:00:00,-0.492239,2012-01-30T17:00:00,96.540018,5.000000
2012-01-31T00:00:00,-1.153773,2012-01-31T17:00:00,94.205875,5.000000
2012-02-01T00:00:00,-0.716702,2012-02-01T17:00:00,94.149146,5.000000
2012-02-02T00:00:00,-1.194851,2012-02-02T17:00:00,94.088301,5.000000
2012-02-03T00:00:00,-0.847950,2012-02-03T17:00:00,93.502524,5.000000
2012-02-04T00:00:00,-1.504810,2012-02-04T17:00:00,93.523984,5.000000
2012-02-05T00:00:00,-0.691738,2012-02-05T17:00:00,92.591551,5.000000
2012-02-06T00:00:00,-0.362103,2012-02-06T17:00:00,92.148326,5.000000
2012-02-07T00:00:00,0.171286,2012-02-07T17:00:00,92.129595,5.000000
2012-02-08T00:00:00,-0.315523,2012-02-08T17:00:00,93.738002,5.000000
2012-02-09T00:00:00,-0.655204,2012-02-09T17:00:00,92.705566,5.000000
2012-02-10T00:00:00,-1.280997,2012-02-10T17:00:00,92.553410,5.000000
2012-02-11T00:00:00,-1.163185,2012-02-11T17:00:00,92.864075,5.000000
2012-02-12T00:00:00,-1.014396,2012-02-12T17:00:00,94.341852,5.000000
2012-02-13T00:00:00,-0.857518,2012-02-13T17:00:00,94.152547,5.000000
2012-02-14T00:00:00,-0.657002,2012-02-14T17:00:00,94.222774,5.000000
2012-02-15T00:00:00,-0.520606,2012-02-15T17:00:00,93.480570,5.000000
2012-02-16T00:00:00,-0.375413,2012-02-16T17:00:00,93.369794,5.000000
2012-02-17T00:00:00,-0.304477,2012-02-17T17:00:00,93.071466,5.000000
2012-02-18T00:00:00,-0.378485,2012-02-18T17:00:00,94.868748,5.000000
2012-02-19T00:00:00,0.333399,2012-02-19T17:00:00,94.108906,5.000000
2012-02-20T00:00:00,0.738590,2012-02-20T17:00:00,93.087518,5.000000
2012-02-21T00:00:00,0.545796,2012-02-21T17:00:00,92.657187,5.000000
2012-02-22T00:00:00,0.751766,2012-02-22T17:00:00,93.580003,5.000000
2012-02-23T00:00:00,0.732136,2012-02-23T17:00:00,93.962375,5.000000
2012-02-24T00:00:00,0.905296,2012-02-24T17:00:00,94.045234,5.000000
2012-02-25T00:00:00,0.596839,2012-02-25T17:00:00,95.038019,5.000000
2012-02-26T00:00:00,1.063339,2012-02-26T17:00:00,94.843224,5.000000
2012-02-27T00:00:00,-0.048642,2012-02-27T17:00:00,93.149527,5.000000
2012-02-28T00:00:00,0.510885,2012-02-28T17:00:00,93.033866,5.000000
2012-02-29T00:00:00,1.009905,2012-02-29T17:00:00,93.731507,5.000000
2012-03-01T00:00:00,0.859815,2012-03-01T17:00:00,93.549513,5.000000
2012-03-02T00:00:00,-0.414006,2012-03-02T17:00:00,93.784309,5.000000
2012-03-03T00:00:00,-0.100711,2012-03-03T17:00:00,93.290145,5.000000
2012-03-04T00:00:00,0.481965,2012-03-04T17:00:00,93.667342,5.000000
2012-03-05T00:00:00,0.798875,2012-03-05T17:00:00,93.468088,5.000000
2012-03-06T00:00:00,0.114302,2012-03-06T17:00:00,93.912327,5.000000
2012-03-07T00:00:00,0.600967,2012-03-07T17:00:00,93.865413,5.000000
2012-03-08T00:00:00,0.486029,2012-03-08T17:00:00,93.848390,5.000000
2012-03-09T00:00:00,0.128072,2012-03-09T17:00:00,95.175437,5.000000
2012-03-10T00:00:00,-0.180435,2012-03-10T17:00:00,95.767556,5.000000
2012-03-11T00:00:00,-0.438673,2012-03-11T17:00:00,96.840913,5.000000
2012-03-12T00:00:00,0.120612,2012-03-12T17:00:00,97.290011,5.000000
2012-03-13T00:00:00,0.290059,2012-03-13T17:00:00,96.367780,5.000000
2012-03-14T00:00:00,0.722486,2012-03-14T17:00:00,95.326449,5.000000
2012-03-15T00:00:00,0.526233,2012-03-15T17:00:00,97.309856,5.000000
2012-03-16T00:00:00,0.968787,2012-03-16T17:00:00,97.598172,5.000000
2012-03-17T00:00:00,1.006789,2012-03-17T17:00:00,97.497145,5.000000
2012-03-18T00:00:00,0.367648,2012-03-18T17:00:00,100.507866,5.000000
2012-03-19T00:00:00,0.180607,2012-03-19T17:00:00,100.662881,5.000000
2012-03-20T00:00:00,0.291475,2012-03-20T17:00:00,102.782518,5.000000
2012-03-21T00:00:00,0.311683,2012-03-21T17:00:00,101.787584,5.000000
2012-03-22T00:00:00,0.471759,2012-03-22T17:00:00,103.964190,5.000000
2012-03-23T00:00:00,0.184885,2012-03-23T17:00:00,103.885889,5.000000
2012-03-24T00:00:00,0.613299,2012-03-24T17:00:00,102.437767,5.000000
2012-03-25T00:00:00,-0.123474,2012-03-25T17:00:00,101.313007,5.000000
2012-03-26T00:00:00,0.562477,2012-03-26T17:00:00,100.568160,5.000000
2012-03-27T00:00:00,1.057943,2012-03-27T17:00:00,99.741560,5.000000
2012-03-28T00:00:00,0.794494,2012-03-28T17:00:00,100.561967,5.000000
2012-03-29T00:00:00,0.506200,2012-03-29T17:00:00,100.973650,5.000000
2012-03-30T00:00:00,0.491585,2012-03-30T17:00:00,101.619385,5.000000
2012-03-31T00:00:00,0.286050,2012-03-31T17:00:00,102.772718,5.000000
2012-04-01T00:00:00,0.589087,2012-04-01T17:00:00,102.118659,5.000000
2012-04-02T00:00:00,-0.248733,2012-04-02T17:00:00,100.846299,5.000000
2012-04-03T00:00:00,-0.390930,2012-04-03T17:00:00,99.687002,5.000000
2012-04-04T00:00:00,-0.090349,2012-04-04T17:00:00,100.584998,5.000000
2012-04-05T00:00:00,0.023648,2012-04-05T17:00:00,100.115832,5.000000
2012-04-06T00:00:00,0.124261,2012-04-06T17:00:00,100.456024,5.000000
2012-04-07T00:00:00,-0.271139,2012-04-07T17:00:00,100.931343,5.000000
2012-04-08T00:00:00,-0.190097,2012-04-08T17:00:00,100.404573,5.000000
2012-04-09T00:00:00,-0.427873,2012-04-09T17:00:00,100.545639,5.000000
2012-04-10T00:00:00,-0.352705,2012-04-10T17:00:00,99.351279,5.000000
2012-04-11T00:00:00,-0.336192,2012-04-11T17:00:00,100.134083,5.000000
2012-04-12T00:00:00,-0.509339,2012-04-12T17:00:00,99.373058,5.000000
2012-04-13T00:00:00,-0.120726,2012-04-13T17:00:00,100.952774,5.000000
2012-04-14T00:00:00,-0.004651,2012-04-14T17:00:00,100.420046,5.000000
2012-04-15T00:00:00,-0.272910,2012-04-15T17:00:00,100.391031,5.000000
2012-04-16T00:00:00,0.341920,2012-04-16T17:00:00,100.813038,5.000000
2012-04-17T00:00:00,0.825224,2012-04-17T17:00:00,100.621885,5.000000
2012-04-18T00:00:00,0.350935,2012-04-18T17:00:00,101.230552,5.000000
2012-04-19T00:00:00,-0.399177,2012-04-19T17:00:00,101.290793,5.000000
2012-04-20T00:00:00,-0.479546,2012-04-20T17:00:00,102.041494,5.000000
2012-04-21T00:00:00,-0.645444,2012-04-21T17:00:00,100.295600,5.000000
2012-04-22T00:00:00,-0.232009,2012-04-22T17:00:00,99.518019,5.000000
2012-04-23T00:00:00,-0.224148,2012-04-23T17:00:00,99.141972,5.000000
2012-04-24T00:00:00,0.461773,2012-04-24T17:00:00,100.915580,5.000000
2012-04-25T00:00:00,0.279099,2012-04-25T17:00:00,101.933760,5.000000
2012-04-26T00:00:00,-0.012570,2012-04-26T17:00:00,101.773868,5.000000
2012-04-27T00:00:00,-0.405817,2012-04-27T17:00:00,101.021138,5.000000
2012-04-28T00:00:00,-0.207937,2012-04-28T17:00:00,101.511235,5.000000
2012-04-29T00:00:00,-0.065923,2012-04-29T17:00:00,98.848698,5.000000
2012-04-30T00:00:00,-0.048799,2012-04-30T17:00:00,98.390172,5.000000
2012-05-01T00:00:00,-0.497927,2012-05-01T17:00:00,98.504979,5.000000
2012-05-02T00:00:00,-1.232514,2012-05-02T17:00:00,100.348846,5.000000
2012-05-03T00:00:00,-1.208121,2012-05-03T17:00:00,100.567074,5.000000
2012-05-04T00:00:00,-0.650707,2012-05-04T17:00:00,99.750733,5.000000
2012-05-05T00:00:00,-0.524856,2012-05-05T17:00:00,98.821977,5.000000
2012-05-06T00:00:00,-0.097697,2012-05-06T17:00:00,97.845569,5.000000
2012-05-07T00:00:00,-0.890866,2012-05-07T17:00:00,98.808559,5.000000
2012-05-08T00:00:00,-0.986793,2012-05-08T17:00:00,97.683093,5.000000
2012-05-09T00:00:00,-0.384853,2012-05-09T17:00:00,97.045319,5.000000
2012-05-10T00:00:00,-0.001037,2012-05-10T17:00:00,96.360438,5.000000
2012-05-11T00:00:00,-0.110593,2012-05-11T17:00:00,94.824474,5.000000
2012-05-12T00:00:00,-0.340345,2012-05-12T17:00:00,95.947820,5.000000
2012-05-13T00:00:00,-0.471870,2012-05-13T17:00:00,97.077597,5.000000
2012-05-14T00:00:00,-0.156296,2012-05-14T17:00:00,96.864469,5.000000
2012-05-15T00:00:00,-0.134871,2012-05-15T17:00:00,95.205165,5.000000
2012-05-16T00:00:00,-0.349497,2012-05-16T17:00:00,96.029233,5.000000
2012-05-17T00:00:00,-0.693489,2012-05-17T17:00:00,97.146084,5.000000
2012-05-18T00:00:00,0.541317,2012-05-18T17:00:00,95.744895,5.000000
2012-05-19T00:00:00,0.746315,2012-05-19T17:00:00,93.477156,5.000000
2012-05-20T00:00:00,1.233263,2012-05-20T17:00:00,93.900702,5.000000
2012-05-21T00:00:00,0.540239,2012-05-21T17:00:00,93.749365,5.000000
2012-05-22T00:00:00,0.416512,2012-05-22T17:00:00,94.311644,5.000000
2012-05-23T00:00:00,0.881424,2012-05-23T17:00:00,94.044264,5.000000
2012-05-24T00:00:00,0.853925,2012-05-24T17:00:00,94.513843,5.000000
2012-05-25T00:00:00,0.827218,2012-05-25T17:00:00,94.982717,5.000000
2012-05-26T00:00:00,0.092614,2012-05-26T17:00:00,94.113190,5.000000
2012-05-27T00:00:00,-0.307221,2012-05-27T17:00:00,95.225754,5.000000
2012-05-28T00:00:00,-0.242801,2012-05-28T17:00:00,94.548108,5.000000
2012-05-29T00:00:00,0.026213,2012-05-29T17:00:00,94.818083,5.000000
2012-05-30T00:00:00,0.229361,2012-05-30T17:00:00,93.024192,5.000000
2012-05-31T00:00:00,0.208671,2012-05-31T17:00:00,92.411756,5.000000
2012-06-01T00:00:00,0.633611,2012-06-01T17:00:00,93.802996,5.000000
2012-06-02T00:00:00,0.827043,2012-06-02T17:00:00,94.348162,5.000000
2012-06-03T00:00:00,0.185019,2012-06-03T17:00:00,94.949160,5.000000
2012-06-04T00:00:00,0.635016,2012-06-04T17:00:00,96.392414,5.000000
2012-06-05T00:00:00,1.178078,2012-06-05T17:00:00,95.986258,5.000000
2012-06-06T00:00:00,1.942450,2012-06-06T17:00:00,96.729882,5.000000
2012-06-07T00:00:00,0.770994,2012-06-07T17:00:00,97.944887,5.000000
2012-06-08T00:00:00,0.783094,2012-06-08T17:00:00,96.346522,5.000000
2012-06-09T00:00:00,0.175093,2012-06-09T17:00:00,96.266931,5.000000
2012-06-10T00:00:00,-0.377853,2012-06-10T17:00:00,96.858967,5.000000
2012-06-11T00:00:00,-0.921925,2012-06-11T17:00:00,97.202069,5.000000
2012-06-12T00:00:00,-1.102145,2012-06-12T17:00:00,98.054737,5.000000
2012-06-13T00:00:00,-0.671461,2012-06-13T17:00:00,96.757981,5.000000
2012-06-14T00:00:00,-0.444857,2012-06-14T17:00:00,97.152657,5.000000
2012-06-15T00:00:00,-0.034829,2012-06-15T17:00:00,95.857968,5.000000
2012-06-16T00:00:00,0.031997,2012-06-16T17:00:00,95.374220,5.000000
2012-06-17T00:00:00,-0.254300,2012-06-17T17:00:00,97.354442,5.000000
2012-06-18T00:00:00,-0.059755,2012-06-18T17:00:00,96.919888,5.000000
2012-06-19T00:00:00,0.151878,2012-06-19T17:00:00,96.464339,5.000000
2012-06-20T00:00:00,-0.960628,2012-06-20T17:00:00,97.951980,5.000000
2012-06-21T00:00:00,-0.474728,2012-06-21T17:00:00,97.795301,5.000000
2012-06-22T00:00:00,-0.336479,2012-06-22T17:00:00,97.507900,5.000000
2012-06-23T00:00:00,-1.164377,2012-06-23T17:00:00,97.887671,5.000000
2012-06-24T00:00:00,-1.699045,2012-06-24T17:00:00,97.561049,5.000000
2012-06-25T00:00:00,-1.949279,2012-06-25T17:00:00,97.610645,5.000000
2012-06-26T00:00:00,-1.834846,2012-06-26T17:00:00,98.821082,5.000000
2012-06-27T00:00:00,-1.767105,2012-06-27T17:00:00,98.130221,5.000000
2012-06-28T00:00:00,-0.464348,2012-06-28T17:00:00,97.681169,5.000000
2012-06-29T00:00:00,-0.472659,2012-06-29T17:00:00,96.824205,5.000000
2012-06-30T00:00:00,0.055178,2012-06-30T17:00:00,97.062955,5.000000
2012-07-01T00:00:00,0.161843,2012-07-01T17:00:00,97.175983,5.000000
2012-07-02T00:00:00,-0.605076,2012-07-02T17:00:00,95.739927,5.000000
2012-07-03T00:00:00,-0.923887,2012-07-03T17:00:00,95.048027,5.000000
2012-07-04T00:00:00,-0.776745,2012-07-04T17:00:00,93.516269,5.000000
2012-07-05T00:00:00,-0.902359,2012-07-05T17:00:00,94.105300,5.000000
2012-07-06T00:00:00,-0.373318,2012-07-06T17:00:00,93.579792,5.000000
2012-07-07T00:00:00,-0.330756,2012-07-07T17:00:00,92.109129,5.000000
2012-07-08T00:00:00,-0.041057,2012-07-08T17:00:00,92.474617,5.000000
2012-07-09T00:00:00,-0.186926,2012-07-09T17:00:00,92.590003,5.000000
2012-07-10T00:00:00,-0.635903,2012-07-10T17:00:00,91.337293,5.000000
2012-07-11T00:00:00,-0.688325,2012-07-11T17:00:00,91.965460,5.000000
2012-07-12T00:00:00,-0.713341,2012-07-12T17:00:00,92.503182,5.000000
2012-07-13T00:00:00,-0.974653,2012-07-13T17:00:00,90.941363,5.000000
2012-07-14T00:00:00,-1.080862,2012-07-14T17:00:00,92.035784,5.000000
2012-07-15T00:00:00,-1.925157,2012-07-15T17:00:00,92.987740,5.000000
2012-07-16T00:00:00,-1.368580,2012-07-16T17:00:00,92.135725,5.000000
2012-07-17T00:00:00,-1.084104,2012-07-17T17:00:00,91.757333,5.000000
2012-07-18T00:00:00,-1.589140,2012-07-18T17:00:00,89.772852,5.000000
2012-07-19T00:00:00,-2.053332,2012-07-19T17:00:00,91.295269,5.000000
2012-07-20T00:00:00,-1.233597,2012-07-20T17:00:00,90.567222,5.000000
2012-07-21T00:00:00,-0.521194,2012-07-21T17:00:00,90.981750,5.000000
2012-07-22T00:00:00,-0.719339,2012-07-22T17:00:00,91.046027,5.000000
2012-07-23T00:00:00,-1.091531,2012-07-23T17:00:00,88.689765,5.000000
2012-07-24T00:00:00,-0.388261,2012-07-24T17:00:00,87.482159,5.000000
2012-07-25T00:00:00,-0.871908,2012-07-25T17:00:00,86.515389,5.000000
2012-07-26T00:00:00,-0.976230,2012-07-26T17:00:00,87.259449,5.000000
2012-07-27T00:00:00,-0.080108,2012-07-27T17:00:00,87.380617,5.000000
2012-07-28T00:00:00,0.550906,2012-07-28T17:00:00,86.673030,5.000000
2012-07-29T00:00:00,0.277315,2012-07-29T17:00:00,85.382913,5.000000
2012-07-30T00:00:00,0.258399,2012-07-30T17:00:00,85.158310,5.000000
2012-07-31T00:00:00,0.183585,2012-07-31T17:00:00,85.095675,5.000000
2012-08-01T00:00:00,-0.028087,2012-08-01T17:00:00,85.379647,5.000000
2012-08-02T00:00:00,-0.409790,2012-08-02T17:00:00,84.296236,5.000000
2012-08-03T00:00:00,0.179943,2012-08-03T17:00:00,84.314523,5.000000
2012-08-04T00:00:00,0.266075,2012-08-04T17:00:00,84.765290,5.000000
2012-08-05T00:00:00,-0.224176,2012-08-05T17:00:00,85.493194,5.000000
2012-08-06T00:00:00,0.196621,2012-08-06T17:00:00,85.462705,5.000000
2012-08-07T00:00:00,0.571197,2012-08-07T17:00:00,85.468418,5.000000
2012-08-08T00:00:00,0.863437,2012-08-08T17:00:00,84.265863,5.000000
2012-08-09T00:00:00,0.926940,2012-08-09T17:00:00,84.512762,5.000000
2012-08-10T00:00:00,0.683555,2012-08-10T17:00:00,84.241329,5.000000
2012-08-11T00:00:00,-0.156987,2012-08-11T17:00:00,83.991866,5.000000
2012-08-12T00:00:00,0.629754,2012-08-12T17:00:00,84.775286,5.000000
2012-08-13T00:00:00,0.287994,2012-08-13T17:00:00,83.827712,5.000000
2012-08-14T00:00:00,0.707701,2012-08-14T17:00:00,83.633906,5.000000
2012-08-15T00:00:00,0.675062,2012-08-15T17:00:00,83.995862,5.000000
2012-08-16T00:00:00,1.009663,2012-08-16T17:00:00,83.796222,5.000000
2012-08-17T00:00:00,0.755415,2012-08-17T17:00:00,84.065728,5.000000
2012-08-18T00:00:00,0.716995,2012-08-18T17:00:00,85.907521,5.000000
2012-08-19T00:00:00,0.643504,2012-08-19T17:00:00,85.831024,5.000000
2012-08-20T00:00:00,0.926722,2012-08-20T17:00:00,87.052864,5.000000
2012-08-21T00:00:00,0.131013,2012-08-21T17:00:00,88.064965,5.000000
2012-08-22T00:00:00,0.010259,2012-08-22T17:00:00,88.463787,5.000000
2012-08-23T00:00:00,0.017852,2012-08-23T17:00:00,88.255384,5.000000
2012-08-24T00:00:00,-0.808295,2012-08-24T17:00:00,87.926832,5.000000
2012-08-25T00:00:00,0.105948,2012-08-25T17:00:00,87.062882,5.000000
2012-08-26T00:00:00,0.087697,2012-08-26T17:00:00,87.635045,5.000000
2012-08-27T00:00:00,-0.095471,2012-08-27T17:00:00,88.659923,5.000000
2012-08-28T00:00:00,-1.074312,2012-08-28T17:00:00,88.792958,5.000000
2012-08-29T00:00:00,-1.180501,2012-08-29T17:00:00,86.726145,5.000000
2012-08-30T00:00:00,-1.389485,2012-08-30T17:00:00,87.328214,5.000000
2012-08-31T00:00:00,-0.973447,2012-08-31T17:00:00,85.912211,5.000000
2012-09-01T00:00:00,-0.802868,2012-09-01T17:00:00,84.644371,5.000000
2012-09-02T00:00:00,-0.278506,2012-09-02T17:00:00,84.920920,5.000000
2012-09-03T00:00:00,-0.915464,2012-09-03T17:00:00,83.295938,5.000000
2012-09-04T00:00:00,-1.691741,2012-09-04T17:00:00,83.656347,5.000000
2012-09-05T00:00:00,-1.564350,2012-09-05T17:00:00,83.958211,5.000000
2012-09-06T00:00:00,-2.037510,2012-09-06T17:00:00,83.773758,5.000000
2012-09-07T00:00:00,-2.353623,2012-09-07T17:00:00,84.099950,5.000000
2012-09-08T00:00:00,-2.440111,2012-09-08T17:00:00,83.831537,5.000000
2012-09-09T00:00:00,-2.155107,2012-09-09T17:00:00,82.690870,5.000000
2012-09-10T00:00:00,-2.299283,2012-09-10T17:00:00,82.714780,5.000000
2012-09-11T00:00:00,-2.775761,2012-09-11T17:00:00,82.210128,5.000000
2012-09-12T00:00:00,-2.093654,2012-09-12T17:00:00,82.439617,5.000000
2012-09-13T00:00:00,-2.431465,2012-09-13T17:00:00,81.912410,5.000000
2012-09-14T00:00:00,-2.463357,2012-09-14T17:00:00,82.196840,5.000000
2012-09-15T00:00:00,-2.420651,2012-09-15T17:00:00,80.749204,5.000000
2012-09-16T00:00:00,-1.761071,2012-09-16T17:00:00,80.849470,5.000000
2012-09-17T00:00:00,-1.786016,2012-09-17T17:00:00,80.418860,5.000000
2012-09-18T00:00:00,-1.702548,2012-09-18T17:00:00,80.045831,5.000000
2012-09-19T00:00:00,-1.803193,2012-09-19T17:00:00,78.750039,5.000000
2012-09-20T00:00:00,-1.832162,2012-09-20T17:00:00,78.459385,5.000000
2012-09-21T00:00:00,-1.133017,2012-09-21T17:00:00,76.687183,5.000000
2012-09-22T00:00:00,-0.343375,2012-09-22T17:00:00,77.633247,5.000000
2012-09-23T00:00:00,-0.448056,2012-09-23T17:00:00,76.367451,5.000000
2012-09-24T00:00:00,-1.003471,2012-09-24T17:00:00,76.420938,5.000000
2012-09-25T00:00:00,-0.776875,2012-09-25T17:00:00,75.994767,5.000000
2012-09-26T00:00:00,-0.505624,2012-09-26T17:00:00,74.910433,5.000000
2012-09-27T00:00:00,-0.070084,2012-09-27T17:00:00,74.561042,5.000000
2012-09-28T00:00:00,0.718265,2012-09-28T17:00:00,74.085633,5.000000
2012-09-29T00:00:00,0.140313,2012-09-29T17:00:00,72.791722,5.000000
2012-09-30T00:00:00,0.208544,2012-09-30T17:00:00,73.859527,5.000000
2012-10-01T00:00:00,0.174238,2012-10-01T17:00:00,72.810284,5.000000
2012-10-02T00:00:00,0.487049,2012-10-02T17:00:00,73.908248,5.000000
2012-10-03T00:00:00,0.359972,2012-10-03T17:00:00,73.573694,5.000000
2012-10-04T00:00:00,-0.274844,2012-10-04T17:00:00,73.100049,5.000000
2012-10-05T00:00:00,-0.778877,2012-10-05T17:00:00,73.871081,5.000000
2012-10-06T00:00:00,-0.891582,2012-10-06T17:00:00,74.649468,5.000000
2012-10-07T00:00:00,-0.607711,2012-10-07T17:00:00,75.158209,5.000000
2012-10-08T00:00:00,-0.016106,2012-10-08T17:00:00,73.795207,5.000000
2012-10-09T00:00:00,-0.490661,2012-10-09T17:00:00,74.512268,5.000000
2012-10-10T00:00:00,-0.529909,2012-10-10T17:00:00,72.792364,5.000000
2012-10-11T00:00:00,-0.690252,2012-10-11T17:00:00,73.597787,5.000000
2012-10-12T00:00:00,-0.162752,2012-10-12T17:00:00,73.146594,5.000000
2012-10-13T00:00:00,-0.560565,2012-10-13T17:00:00,72.318127,5.000000
2012-10-14T00:00:00,-0.540317,2012-10-14T17:00:00,72.182046,5.000000
2012-10-15T00:00:00,-0.680933,2012-10-15T17:00:00,72.217583,5.000000
2012-10-16T00:00:00,-0.520026,2012-10-16T17:00:00,71.389974,5.000000
2012-10-17T00:00:00,-0.301104,2012-10-17T17:00:00,70.376159,5.000000
2012-10-18T00:00:00,-0.312802,2012-10-18T17:00:00,70.210341,5.000000
2012-10-19T00:00:00,-1.294182,2012-10-19T17:00:00,70.348970,5.000000
2012-10-20T00:00:00,-1.087558,2012-10-20T17:00:00,71.631938,5.000000
2012-10-21T00:00:00,-1.041998,2012-10-21T17:00:00,71.932280,5.000000
2012-10-22T00:00:00,-1.000965,2012-10-22T17:00:00,71.632349,5.000000
2012-10-23T00:00:00,-1.680834,2012-10-23T17:00:00,72.554834,5.000000
2012-10-24T00:00:00,-1.759741,2012-10-24T17:00:00,73.491251,5.000000
2012-10-25T00:00:00,-1.536395,2012-10-25T17:00:00,73.557348,5.000000
2012-10-26T00:00:00,-0.862863,2012-10-26T17:00:00,73.414959,5.000000
2012-10-27T00:00:00,-0.454902,2012-10-27T17:00:00,72.667765,5.000000
2012-10-28T00:00:00,0.053011,2012-10-28T17:00:00,73.706074,5.000000
2012-10-29T00:00:00,0.429871,2012-10-29T17:00:00,73.246949,5.000000
2012-10-30T00:00:00,-0.771392,2012-10-30T17:00:00,73.058392,5.000000
2012-10-31T00:00:00,-0.873444,2012-10-31T17:00:00,74.715307,5.000000
2012-11-01T00:00:00,-0.824210,2012-11-01T17:00:00,74.612161,5.000000
2012-11-02T00:00:00,-0.797213,2012-11-02T17:00:00,73.107350,5.000000
2012-11-03T00:00:00,-1.273558,2012-11-03T17:00:00,72.823682,5.000000
2012-11-04T00:00:00,-1.843797,2012-11-04T17:00:00,73.634408,5.000000
2012-11-05T00:00:00,-1.557978,2012-11-05T17:00:00,73.709544,5.000000
2012-11-06T00:00:00,-1.853194,2012-11-06T17:00:00,73.634052,5.000000
2012-11-07T00:00:00,-2.178608,2012-11-07T17:00:00,73.045738,5.000000
2012-11-08T00:00:00,-2.696619,2012-11-08T17:00:00,72.505373,5.000000
2012-11-09T00:00:00,-2.676587,2012-11-09T17:00:00,72.110287,5.000000
2012-11-10T00:00:00,-2.474173,2012-11-10T17:00:00,70.396375,5.000000
2012-11-11T00:00:00,-2.428361,2012-11-11T17:00:00,71.181706,5.000000
2012-11-12T00:00:00,-2.393637,2012-11-12T17:00:00,70.145767,5.000000
2012-11-13T00:00:00,-3.363998,2012-11-13T17:00:00,68.547141,5.000000
2012-11-14T00:00:00,-2.216624,2012-11-14T17:00:00,68.265601,5.000000
2012-11-15T00:00:00,-1.511769,2012-11-15T17:00:00,68.117895,5.000000
2012-11-16T00:00:00,-2.035818,2012-11-16T17:00:00,68.354213,5.000000
2012-11-17T00:00:00,-2.113096,2012-11-17T17:00:00,68.793697,5.000000
2012-11-18T00:00:00,-1.230794,2012-11-18T17:00:00,67.766061,5.000000
2012-11-19T00:00:00,-1.390776,2012-11-19T17:00:00,67.373006,5.000000
2012-11-20T00:00:00,-0.994577,2012-11-20T17:00:00,65.557965,5.000000
2012-11-21T00:00:00,-0.800071,2012-11-21T17:00:00,65.391448,5.000000
2012-11-22T00:00:00,-1.365817,2012-11-22T17:00:00,64.927611,5.000000
2012-11-23T00:00:00,-1.059389,2012-11-23T17:00:00,65.755147,5.000000
2012-11-24T00:00:00,-0.768901,2012-11-24T17:00:00,64.773307,5.000000
2012-11-25T00:00:00,-0.167994,2012-11-25T17:00:00,64.021520,5.000000
2012-11-26T00:00:00,-0.057063,2012-11-26T17:00:00,63.625778,5.000000
2012-11-27T00:00:00,-1.128860,2012-11-27T17:00:00,65.038673,5.000000
2012-11-28T00:00:00,-0.694442,2012-11-28T17:00:00,64.072549,5.000000
2012-11-29T00:00:00,-0.843965,2012-11-29T17:00:00,63.573020,5.000000
2012-11-30T00:00:00,-0.733245,2012-11-30T17:00:00,63.556823,5.000000
2012-12-01T00:00:00,-0.756346,2012-12-01T17:00:00,62.448389,5.000000
2012-12-02T00:00:00,-0.701978,2012-12-02T17:00:00,62.105159,5.000000
2012-12-03T00:00:00,-0.831489,2012-12-03T17:00:00,62.202419,5.000000
2012-12-04T00:00:00,-1.054880,2012-12-04T17:00:00,61.616472,5.000000
2012-12-05T00:00:00,-0.470409,2012-12-05T17:00:00,61.383410,5.000000
2012-12-06T00:00:00,-0.653450,2012-12-06T17:00:00,61.957389,5.000000
2012-12-07T00:00:00,-0.564019,2012-12-07T17:00:00,63.034913,5.000000
2012-12-08T00:00:00,-0.228569,2012-12-08T17:00:00,62.612291,5.000000
2012-12-09T00:00:00,0.268469,2012-12-09T17:00:00,62.738043,5.000000
2012-12-10T00:00:00,0.406104,2012-12-10T17:00:00,62.307004,5.000000
2012-12-11T00:00:00,0.729975,2012-12-11T17:00:00,61.865621,5.000000
2012-12-12T00:00:00,0.718410,2012-12-12T17:00:00,61.176356,5.000000
2012-12-13T00:00:00,0.030179,2012-12-13T17:00:00,61.512952,5.000000
2012-12-14T00:00:00,-0.099009,2012-12-14T17:00:00,61.841773,5.000000
2012-12-15T00:00:00,0.928174,2012-12-15T17:00:00,61.567609,5.000000
2012-12-16T00:00:00,0.421664,2012-12-16T17:00:00,61.159305,5.000000
2012-12-17T00:00:00,0.554084,2012-12-17T17:00:00,61.699270,5.000000
2012-12-18T00:00:00,0.632114,2012-12-18T17:00:00,62.726927,5.000000
2012-12-19T00:00:00,-0.172568,2012-12-19T17:00:00,63.757986,5.000000
2012-12-20T00:00:00,0.549364,2012-12-20T17:00:00,63.536836,5.000000
2012-12-21T00:00:00,0.448394,2012-12-21T17:00:00,64.067040,5.000000
2012-12-22T00:00:00,0.240821,2012-12-22T17:00:00,64.825122,5.000000
2012-12-23T00:00:00,0.329099,2012-12-23T17:00:00,66.276866,5.000000
2012-12-24T00:00:00,-0.392981,2012-12-24T17:00:00,66.105600,5.000000
2012-12-25T00:00:00,-0.406276,2012-12-25T17:00:00,65.846465,5.000000
2012-12-26T00:00:00,-0.353130,2012-12-26T17:00:00,66.334843,5.000000
2012-12-27T00:00:00,-0.263677,2012-12-27T17:00:00,65.644678,5.000000
2012-12-28T00:00:00,0.116512,2012-12-28T17:00:00,65.946894,5.000000
2012-12-29T00:00:00,0.520828,2012-12-29T17:00:00,66.011370,5.000000
2012-12-30T00:00:00,0.923170,2012-12-30T17:00:00,66.068629,5.000000
2012-12-31T00:00:00,0.575520,2012-12-31T17:00:00,65.678870,5.000000
2013-01-01T00:00:00,0.802489,2013-01-01T17:00:00,65.895768,5.000000
2013-01-02T00:00:00,0.054143,2013-01-02T17:00:00,65.645964,5.000000
2013-01-03T00:00:00,-0.450658,2013-01-03T17:00:00,66.571748,5.000000
2013-01-04T00:00:00,0.113672,2013-01-04T17:00:00,67.379799,5.000000
2013-01-05T00:00:00,0.236494,2013-01-05T17:00:00,67.524701,5.000000
2013-01-06T00:00:00,0.537437,2013-01-06T17:00:00,66.771660,5.000000
2013-01-07T00:00:00,0.882655,2013-01-07T17:00:00,67.959965,5.000000
2013-01-08T00:00:00,0.521789,2013-01-08T17:00:00,69.157011,5.000000
2013-01-09T00:00:00,0.990288,2013-01-09T17:00:00,69.012448,5.000000
2013-01-10T00:00:00,0.868598,2013-01-10T17:00:00,69.551521,5.000000
2013-01-11T00:00:00,0.591433,2013-01-11T17:00:00,69.305072,5.000000
2013-01-12T00:00:00,0.865616,2013-01-12T17:00:00,71.058921,5.000000
2013-01-13T00:00:00,0.643518,2013-01-13T17:00:00,71.353332,5.000000
2013-01-14T00:00:00,0.693154,2013-01-14T17:00:00,69.930946,5.000000
2013-01-15T00:00:00,1.465031,2013-01-15T17:00:00,70.534718,5.000000
2013-01-16T00:00:00,1.146607,2013-01-16T17:00:00,70.993769,5.000000
2013-01-17T00:00:00,0.873917,2013-01-17T17:00:00,70.814577,5.000000
2013-01-18T00:00:00,0.721439,2013-01-18T17:00:00,71.183966,5.000000
2013-01-19T00:00:00,0.790031,2013-01-19T17:00:00,71.805957,5.000000
2013-01-20T00:00:00,1.086266,2013-01-20T17:00:00,71.651270,5.000000
2013-01-21T00:00:00,0.375493,2013-01-21T17:00:00,70.490359,5.000000
2013-01-22T00:00:00,1.282490,2013-01-22T17:00:00,69.654441,5.000000
2013-01-23T00:00:00,0.636328,2013-01-23T17:00:00,70.459011,5.000000
2013-01-24T00:00:00,0.700292,2013-01-24T17:00:00,70.987786,5.000000
2013-01-25T00:00:00,0.354367,2013-01-25T17:00:00,71.876441,5.000000
2013-01-26T00:00:00,-0.302756,2013-01-26T17:00:00,72.069117,5.000000
2013-01-27T00:00:00,0.058255,2013-01-27T17:00:00,71.814078,5.000000
2013-01-28T00:00:00,-0.081194,2013-01-28T17:00:00,71.708266,5.000000
2013-01-29T00:00:00,0.469967,2013-01-29T17:00:00,71.387243,5.000000
2013-01-30T00:00:00,0.287235,2013-01-30T17:00:00,71.663231,5.000000
2013-01-31T00:00:00,-0.071017,2013-01-31T17:00:00,72.360049,5.000000
2013-02-01T00:00:00,-0.003145,2013-02-01T17:00:00,72.550420,5.000000
2013-02-02T00:00:00,-0.123880,2013-02-02T17:00:00,70.882302,5.000000
2013-02-03T00:00:00,-0.467641,2013-02-03T17:00:00,70.837907,5.000000
2013-02-04T00:00:00,-1.459914,2013-02-04T17:00:00,70.315426,5.000000
2013-02-05T00:00:00,-1.297674,2013-02-05T17:00:00,69.747302,5.000000
2013-02-06T00:00:00,-1.236059,2013-02-06T17:00:00,69.824407,5.000000
2013-02-07T00:00:00,-1.154798,2013-02-07T17:00:00,69.510623,5.000000
2013-02-08T00:00:00,-1.271253,2013-02-08T17:00:00,68.168584,5.000000
2013-02-09T00:00:00,-1.262180,2013-02-09T17:00:00,68.146721,5.000000
2013-02-10T00:00:00,-1.667651,2013-02-10T17:00:00,67.556759,5.000000
2013-02-11T00:00:00,-2.475943,2013-02-11T17:00:00,67.590691,5.000000
2013-02-12T00:00:00,-2.187046,2013-02-12T17:00:00,66.366814,5.000000
2013-02-13T00:00:00,-1.972092,2013-02-13T17:00:00,66.310954,5.000000
2013-02-14T00:00:00,-0.969534,2013-02-14T17:00:00,66.501362,5.000000
2013-02-15T00:00:00,-0.864494,2013-02-15T17:00:00,65.356217,5.000000
2013-02-16T00:00:00,-0.593683,2013-02-16T17:00:00,65.179137,5.000000
2013-02-17T00:00:00,-0.574749,2013-02-17T17:00:00,63.990103,5.000000
2013-02-18T00:00:00,-1.123436,2013-02-18T17:00:00,63.815475,5.000000
2013-02-19T00:00:00,-1.170353,2013-02-19T17:00:00,63.318382,5.000000
2013-02-20T00:00:00,-0.397644,2013-02-20T17:00:00,63.080790,5.000000
2013-02-21T00:00:00,0.087221,2013-02-21T17:00:00,63.082367,5.000000
2013-02-22T00:00:00,0.332969,2013-02-22T17:00:00,63.472200,5.000000
2013-02-23T00:00:00,0.959048,2013-02-23T17:00:00,64.171563,5.000000
2013-02-24T00:00:00,0.580518,2013-02-24T17:00:00,64.494729,5.000000
2013-02-25T00:00:00,0.805776,2013-02-25T17:00:00,64.372460,5.000000
2013-02-26T00:00:00,0.786993,2013-02-26T17:00:00,64.684204,5.000000
2013-02-27T00:00:00,1.390242,2013-02-27T17:00:00,63.897528,5.000000
2013-02-28T00:00:00,1.789421,2013-02-28T17:00:00,64.488173,5.000000
2013-03-01T00:00:00,0.885613,2013-03-01T17:00:00,65.527684,5.000000
2013-03-02T00:00:00,0.611196,2013-03-02T17:00:00,65.994715,5.000000
2013-03-03T00:00:00,-0.120460,2013-03-03T17:00:00,65.640510,5.000000
2013-03-04T00:00:00,-0.397957,2013-03-04T17:00:00,65.187022,5.000000
2013-03-05T00:00:00,-0.353401,2013-03-05T17:00:00,64.982758,5.000000
2013-03-06T00:00:00,-0.043301,2013-03-06T17:00:00,62.796498,5.000000
2013-03-07T00:00:00,-0.505440,2013-03-07T17:00:00,62.922398,5.000000
2013-03-08T00:00:00,-0.045611,2013-03-08T17:00:00,62.141422,5.000000
2013-03-09T00:00:00,-0.064397,2013-03-09T17:00:00,61.521292,5.000000
2013-03-10T00:00:00,0.308486,2013-03-10T17:00:00,61.744739,5.000000
2013-03-11T00:00:00,0.479713,2013-03-11T17:00:00,62.095473,5.000000
2013-03-12T00:00:00,0.483581,2013-03-12T17:00:00,62.082438,5.000000
2013-03-13T00:00:00,0.892191,2013-03-13T17:00:00,62.077249,5.000000
2013-03-14T00:00:00,0.876830,2013-03-14T17:00:00,61.925695,5.000000
2013-03-15T00:00:00,0.535684,2013-03-15T17:00:00,62.296074,5.000000
2013-03-16T00:00:00,0.300355,2013-03-16T17:00:00,62.972078,5.000000
2013-03-17T00:00:00,0.537784,2013-03-17T17:00:00,62.875843,5.000000
2013-03-18T00:00:00,0.644277,2013-03-18T17:00:00,63.079626,5.000000
2013-03-19T00:00:00,1.058572,2013-03-19T17:00:00,63.333264,5.000000
2013-03-20T00:00:00,0.831023,2013-03-20T17:00:00,63.358962,5.000000
2013-03-21T00:00:00,1.139556,2013-03-21T17:00:00,64.012655,5.000000
2013-03-22T00:00:00,2.136751,2013-03-22T17:00:00,64.325517,5.000000
2013-03-23T00:00:00,1.917349,2013-03-23T17:00:00,62.746140,5.000000
2013-03-24T00:00:00,1.500247,2013-03-24T17:00:00,62.939996,5.000000
2013-03-25T00:00:00,1.597298,2013-03-25T17:00:00,63.765529,5.000000
2013-03-26T00:00:00,1.005933,2013-03-26T17:00:00,63.221788,5.000000
2013-03-27T00:00:00,1.394547,2013-03-27T17:00:00,63.302374,5.000000
2013-03-28T00:00:00,1.041987,2013-03-28T17:00:00,63.253320,5.000000
2013-03-29T00:00:00,0.267065,2013-03-29T17:00:00,62.974703,5.000000
2013-03-30T00:00:00,0.313679,2013-03-30T17:00:00,63.942732,5.000000
2013-03-31T00:00:00,0.676184,2013-03-31T17:00:00,63.886842,5.000000
2013-04-01T00:00:00,1.120386,2013-04-01T17:00:00,63.516534,5.000000
2013-04-02T00:00:00,0.789330,2013-04-02T17:00:00,63.546623,5.000000
2013-04-03T00:00:00,0.669467,2013-04-03T17:00:00,63.583354,5.000000
2013-04-04T00:00:00,0.466036,2013-04-04T17:00:00,63.913521,5.000000
2013-04-05T00:00:00,-0.042769,2013-04-05T17:00:00,64.199131,5.000000
2013-04-06T00:00:00,0.233776,2013-04-06T17:00:00,63.966099,5.000000
2013-04-07T00:00:00,0.161120,2013-04-07T17:00:00,64.626254,5.000000
2013-04-08T00:00:00,0.449852,2013-04-08T17:00:00,64.068256,5.000000
2013-04-09T00:00:00,0.455510,2013-04-09T17:00:00,63.415473,5.000000
2013-04-10T00:00:00,1.135797,2013-04-10T17:00:00,63.672880,5.000000
2013-04-11T00:00:00,0.674874,2013-04-11T17:00:00,63.818792,5.000000
2013-04-12T00:00:00,0.444364,2013-04-12T17:00:00,63.970192,5.000000
2013-04-13T00:00:00,-0.020681,2013-04-13T17:00:00,64.989129,5.000000
2013-04-14T00:00:00,-0.098018,2013-04-14T17:00:00,64.177079,5.000000
2013-04-15T00:00:00,0.025306,2013-04-15T17:00:00,64.710909,5.000000
2013-04-16T00:00:00,0.010340,2013-04-16T17:00:00,64.980967,5.000000
2013-04-17T00:00:00,-0.371625,2013-04-17T17:00:00,64.572716,5.000000
2013-04-18T00:00:00,0.523789,2013-04-18T17:00:00,64.097983,5.000000
2013-04-19T00:00:00,-0.193969,2013-04-19T17:00:00,63.722931,5.000000
2013-04-20T00:00:00,0.169020,2013-04-20T17:00:00,65.332751,5.000000
2013-04-21T00:00:00,0.398056,2013-04-21T17:00:00,65.127574,5.000000
2013-04-22T00:00:00,0.014284,2013-04-22T17:00:00,64.970876,5.000000
2013-04-23T00:00:00,0.775263,2013-04-23T17:00:00,64.320366,5.000000
2013-04-24T00:00:00,0.724892,2013-04-24T17:00:00,64.836388,5.000000
2013-04-25T00:00:00,0.933385,2013-04-25T17:00:00,64.841215,5.000000
2013-04-26T00:00:00,1.192569,2013-04-26T17:00:00,64.777805,5.000000
2013-04-27T00:00:00,0.828099,2013-04-27T17:00:00,65.751096,5.000000
2013-04-28T00:00:00,0.967025,2013-04-28T17:00:00,65.579296,5.000000
2013-04-29T00:00:00,0.695399,2013-04-29T17:00:00,65.453971,5.000000
2013-04-30T00:00:00,0.682660,2013-04-30T17:00:00,66.130344,5.000000
2013-05-01T00:00:00,0.829384,2013-05-01T17:00:00,67.466084,5.000000
2013-05-02T00:00:00,0.972909,2013-05-02T17:00:00,67.651884,5.000000
2013-05-03T00:00:00,0.340698,2013-05-03T17:00:00,68.266745,5.000000
2013-05-04T00:00:00,0.329696,2013-05-04T17:00:00,69.214800,5.000000
2013-05-05T00:00:00,0.676118,2013-05-05T17:00:00,68.819082,5.000000
2013-05-06T00:00:00,0.049239,2013-05-06T17:00:00,69.223777,5.000000
2013-05-07T00:00:00,0.103428,2013-05-07T17:00:00,70.010855,5.000000
2013-05-08T00:00:00,0.092306,2013-05-08T17:00:00,68.819903,5.000000
2013-05-09T00:00:00,-0.178420,2013-05-09T17:00:00,69.592651,5.000000
2013-05-10T00:00:00,0.437218,2013-05-10T17:00:00,69.854416,5.000000
2013-05-11T00:00:00,0.845897,2013-05-11T17:00:00,68.657263,5.000000
2013-05-12T00:00:00,-0.065772,2013-05-12T17:00:00,68.014762,5.000000
2013-05-13T00:00:00,-0.443138,2013-05-13T17:00:00,68.260012,5.000000
2013-05-14T00:00:00,-0.628135,2013-05-14T17:00:00,68.208843,5.000000
2013-05-15T00:00:00,-0.762699,2013-05-15T17:00:00,68.068556,5.000000
2013-05-16T00:00:00,-0.295126,2013-05-16T17:00:00,68.323779,5.000000
2013-05-17T00:00:00,-0.327101,2013-05-17T17:00:00,67.927794,5.000000
2013-05-18T00:00:00,0.326407,2013-05-18T17:00:00,69.298422,5.000000
2013-05-19T00:00:00,-0.398929,2013-05-19T17:00:00,68.516823,5.000000
2013-05-20T00:00:00,-0.672862,2013-05-20T17:00:00,67.930927,5.000000
2013-05-21T00:00:00,-0.570266,2013-05-21T17:00:00,67.319170,5.000000
2013-05-22T00:00:00,-0.205535,2013-05-22T17:00:00,66.804578,5.000000
2013-05-23T00:00:00,0.190009,2013-05-23T17:00:00,65.861768,5.000000
2013-05-24T00:00:00,0.343140,2013-05-24T17:00:00,65.115755,5.000000
2013-05-25T00:00:00,0.033518,2013-05-25T17:00:00,64.792240,5.000000
2013-05-26T00:00:00,-0.907219,2013-05-26T17:00:00,65.902296,5.000000
2013-05-27T00:00:00,-0.924041,2013-05-27T17:00:00,65.409251,5.000000
2013-05-28T00:00:00,-0.798178,2013-05-28T17:00:00,65.126139,5.000000
2013-05-29T00:00:00,-0.259924,2013-05-29T17:00:00,65.230842,5.000000
2013-05-30T00:00:00,-0.794298,2013-05-30T17:00:00,65.702936,5.000000
2013-05-31T00:00:00,-0.987729,2013-05-31T17:00:00,66.957082,5.000000
2013-06-01T00:00:00,-0.759813,2013-06-01T17:00:00,67.317504,5.000000
2013-06-02T00:00:00,-0.442667,2013-06-02T17:00:00,66.180958,5.000000
2013-06-03T00:00:00,-0.347051,2013-06-03T17:00:00,64.834987,5.000000
2013-06-04T00:00:00,-0.046470,2013-06-04T17:00:00,65.219706,5.000000
2013-06-05T00:00:00,0.052552,2013-06-05T17:00:00,66.666309,5.000000
2013-06-06T00:00:00,0.553309,2013-06-06T17:00:00,66.811728,5.000000
2013-06-07T00:00:00,0.042141,2013-06-07T17:00:00,67.977913,5.000000
2013-06-08T00:00:00,-0.252907,2013-06-08T17:00:00,68.969001,5.000000
2013-06-09T00:00:00,0.184284,2013-06-09T17:00:00,68.775186,5.000000
2013-06-10T00:00:00,0.534563,2013-06-10T17:00:00,68.835544,5.000000
2013-06-11T00:00:00,0.078694,2013-06-11T17:00:00,67.950782,5.000000
2013-06-12T00:00:00,0.182414,2013-06-12T17:00:00,67.845101,5.000000
2013-06-13T00:00:00,-0.389448,2013-06-13T17:00:00,68.893849,5.000000
2013-06-14T00:00:00,-1.199708,2013-06-14T17:00:00,67.816408,5.000000
2013-06-15T00:00:00,-0.544952,2013-06-15T17:00:00,67.747864,5.000000
2013-06-16T00:00:00,-0.323458,2013-06-16T17:00:00,66.929953,5.000000
2013-06-17T00:00:00,-0.211975,2013-06-17T17:00:00,66.377015,5.000000
2013-06-18T00:00:00,-0.017566,2013-06-18T17:00:00,64.978602,5.000000
2013-06-19T00:00:00,-0.933368,2013-06-19T17:00:00,64.460615,5.000000
2013-06-20T00:00:00,-0.542897,2013-06-20T17:00:00,64.581907,5.000000
2013-06-21T00:00:00,-0.375267,2013-06-21T17:00:00,65.123254,5.000000
2013-06-22T00:00:00,-0.928756,2013-06-22T17:00:00,66.154031,5.000000
2013-06-23T00:00:00,-0.736015,2013-06-23T17:00:00,66.368373,5.000000
2013-06-24T00:00:00,-0.600156,2013-06-24T17:00:00,65.455751,5.000000
2013-06-25T00:00:00,-0.286174,2013-06-25T17:00:00,64.998745,5.000000
2013-06-26T00:00:00,0.081130,2013-06-26T17:00:00,64.654402,5.000000
2013-06-27T00:00:00,0.648560,2013-06-27T17:00:00,64.149029,5.000000
2013-06-28T00:00:00,1.178639,2013-06-28T17:00:00,65.533010,5.000000
2013-06-29T00:00:00,0.763439,2013-06-29T17:00:00,65.720509,5.000000
2013-06-30T00:00:00,-0.015536,2013-06-30T17:00:00,65.813009,5.000000
2013-07-01T00:00:00,-0.264626,2013-07-01T17:00:00,66.756266,5.000000
2013-07-02T00:00:00,-0.536051,2013-07-02T17:00:00,66.536709,5.000000
2013-07-03T00:00:00,-1.746638,2013-07-03T17:00:00,66.045081,5.000000
2013-07-04T00:00:00,-1.546203,2013-07-04T17:00:00,66.197536,5.000000
2013-07-05T00:00:00,-1.633545,2013-07-05T17:00:00,66.723979,5.000000
2013-07-06T00:00:00,-0.925376,2013-07-06T17:00:00,65.661960,5.000000
2013-07-07T00:00:00,-1.053695,2013-07-07T17:00:00,65.291773,5.000000
2013-07-08T00:00:00,-1.283113,2013-07-08T17:00:00,64.739614,5.000000
2013-07-09T00:00:00,-0.615930,2013-07-09T17:00:00,64.924954,5.000000
2013-07-10T00:00:00,-1.136743,2013-07-10T17:00:00,64.405322,5.000000
2013-07-11T00:00:00,-1.014980,2013-07-11T17:00:00,65.139646,5.000000
2013-07-12T00:00:00,-0.216073,2013-07-12T17:00:00,65.539185,5.000000
2013-07-13T00:00:00,0.103178,2013-07-13T17:00:00,65.554778,5.000000
2013-07-14T00:00:00,0.124622,2013-07-14T17:00:00,66.506701,5.000000
2013-07-15T00:00:00,0.186680,2013-07-15T17:00:00,66.665617,5.000000
2013-07-16T00:00:00,-0.079238,2013-07-16T17:00:00,67.505859,5.000000
2013-07-17T00:00:00,0.147715,2013-07-17T17:00:00,66.452689,5.000000
2013-07-18T00:00:00,0.104631,2013-07-18T17:00:00,67.508618,5.000000
2013-07-19T00:00:00,0.360434,2013-07-19T17:00:00,67.936665,5.000000
2013-07-20T00:00:00,-0.400431,2013-07-20T17:00:00,67.466100,5.000000
2013-07-21T00:00:00,0.074856,2013-07-21T17:00:00,66.534872,5.000000
2013-07-22T00:00:00,0.170345,2013-07-22T17:00:00,67.164539,5.000000
2013-07-23T00:00:00,0.210811,2013-07-23T17:00:00,68.791564,5.000000
2013-07-24T00:00:00,0.152294,2013-07-24T17:00:00,68.446449,5.000000
2013-07-25T00:00:00,0.013916,2013-07-25T17:00:00,67.448590,5.000000
2013-07-26T00:00:00,-0.697343,2013-07-26T17:00:00,67.080366,5.000000
2013-07-27T00:00:00,-1.316935,2013-07-27T17:00:00,66.707510,5.000000
2013-07-28T00:00:00,-0.867488,2013-07-28T17:00:00,66.270094,5.000000
2013-07-29T00:00:00,-0.770437,2013-07-29T17:00:00,65.944048,5.000000
2013-07-30T00:00:00,-0.081515,2013-07-30T17:00:00,66.538112,5.000000
2013-07-31T00:00:00,-0.535172,2013-07-31T17:00:00,66.470034,5.000000
2013-08-01T00:00:00,-0.156492,2013-08-01T17:00:00,66.273488,5.000000
2013-08-02T00:00:00,-0.434804,2013-08-02T17:00:00,65.574834,5.000000
2013-08-03T00:00:00,-1.197079,2013-08-03T17:00:00,65.962924,5.000000
2013-08-04T00:00:00,-1.433236,2013-08-04T17:00:00,65.778922,5.000000
2013-08-05T00:00:00,-1.599448,2013-08-05T17:00:00,64.905971,5.000000
2013-08-06T00:00:00,-1.915110,2013-08-06T17:00:00,63.606647,5.000000
2013-08-07T00:00:00,-2.229868,2013-08-07T17:00:00,63.108719,5.000000
2013-08-08T00:00:00,-2.407222,2013-08-08T17:00:00,63.242919,5.000000
2013-08-09T00:00:00,-1.660404,2013-08-09T17:00:00,62.440174,5.000000
2013-08-10T00:00:00,-1.162955,2013-08-10T17:00:00,62.647390,5.000000
2013-08-11T00:00:00,-0.978591,2013-08-11T17:00:00,62.221862,5.000000
2013-08-12T00:00:00,-0.370095,2013-08-12T17:00:00,62.697546,5.000000
2013-08-13T00:00:00,-0.357784,2013-08-13T17:00:00,62.989497,5.000000
2013-08-14T00:00:00,-0.959724,2013-08-14T17:00:00,63.878307,5.000000
2013-08-15T00:00:00,-0.909956,2013-08-15T17:00:00,63.717363,5.000000
2013-08-16T00:00:00,-0.339874,2013-08-16T17:00:00,63.401336,5.000000
2013-08-17T00:00:00,-0.309060,2013-08-17T17:00:00,62.902489,5.000000
2013-08-18T00:00:00,-0.191902,2013-08-18T17:00:00,63.272942,5.000000
2013-08-19T00:00:00,-0.422795,2013-08-19T17:00:00,63.502869,5.000000
2013-08-20T00:00:00,0.105544,2013-08-20T17:00:00,62.838737,5.000000
2013-08-21T00:00:00,0.037365,2013-08-21T17:00:00,62.041197,5.000000
2013-08-22T00:00:00,0.381661,2013-08-22T17:00:00,62.177760,5.000000
2013-08-23T00:00:00,0.179148,2013-08-23T17:00:00,61.882201,5.000000
2013-08-24T00:00:00,0.001790,2013-08-24T17:00:00,61.873807,5.000000
2013-08-25T00:00:00,-0.203101,2013-08-25T17:00:00,61.387168,5.000000
2013-08-26T00:00:00,-0.632591,2013-08-26T17:00:00,61.509870,5.000000
2013-08-27T00:00:00,-0.846341,2013-08-27T17:00:00,61.290773,5.000000
2013-08-28T00:00:00,-1.006234,2013-08-28T17:00:00,61.320766,5.000000
2013-08-29T00:00:00,-0.467490,2013-08-29T17:00:00,60.966135,5.000000
2013-08-30T00:00:00,-1.138595,2013-08-30T17:00:00,60.811482,5.000000
2013-08-31T00:00:00,-1.227113,2013-08-31T17:00:00,61.127286,5.000000
2013-09-01T00:00:00,-1.177580,2013-09-01T17:00:00,60.286334,5.000000
2013-09-02T00:00:00,-0.443457,2013-09-02T17:00:00,59.292630,5.000000
2013-09-03T00:00:00,-0.344077,2013-09-03T17:00:00,58.581215,5.000000
2013-09-04T00:00:00,1.088161,2013-09-04T17:00:00,59.022974,5.000000
2013-09-05T00:00:00,0.073116,2013-09-05T17:00:00,59.106721,5.000000
2013-09-06T00:00:00,-0.126425,2013-09-06T17:00:00,58.946840,5.000000
2013-09-07T00:00:00,-0.200396,2013-09-07T17:00:00,60.461080,5.000000
2013-09-08T00:00:00,-1.037569,2013-09-08T17:00:00,60.547813,5.000000
2013-09-09T00:00:00,-1.433574,2013-09-09T17:00:00,60.849292,5.000000
2013-09-10T00:00:00,-0.822298,2013-09-10T17:00:00,59.037943,5.000000
2013-09-11T00:00:00,-0.852430,2013-09-11T17:00:00,58.719510,5.000000
2013-09-12T00:00:00,-0.661676,2013-09-12T17:00:00,58.991894,5.000000
2013-09-13T00:00:00,-0.529386,2013-09-13T17:00:00,58.856803,5.000000
2013-09-14T00:00:00,-0.347702,2013-09-14T17:00:00,59.105698,5.000000
2013-09-15T00:00:00,-0.682244,2013-09-15T17:00:00,59.349143,5.000000
2013-09-16T00:00:00,-1.103704,2013-09-16T17:00:00,58.536667,5.000000
2013-09-17T00:00:00,-1.994358,2013-09-17T17:00:00,58.905316,5.000000
2013-09-18T00:00:00,-1.398383,2013-09-18T17:00:00,59.057664,5.000000
2013-09-19T00:00:00,-0.523457,2013-09-19T17:00:00,58.692569,5.000000
2013-09-20T00:00:00,-0.392191,2013-09-20T17:00:00,58.136865,5.000000
2013-09-21T00:00:00,-0.869754,2013-09-21T17:00:00,57.337068,5.000000
2013-09-22T00:00:00,-1.392138,2013-09-22T17:00:00,56.427806,5.000000
2013-09-23T00:00:00,-0.991426,2013-09-23T17:00:00,55.782316,5.000000
2013-09-24T00:00:00,-0.726263,2013-09-24T17:00:00,55.333338,5.000000
2013-09-25T00:00:00,-1.104043,2013-09-25T17:00:00,55.095902,5.000000
2013-09-26T00:00:00,-1.251000,2013-09-26T17:00:00,55.514956,5.000000
2013-09-27T00:00:00,-1.551793,2013-09-27T17:00:00,55.564867,5.000000
2013-09-28T00:00:00,-1.736405,2013-09-28T17:00:00,55.693680,5.000000
2013-09-29T00:00:00,-1.714829,2013-09-29T17:00:00,55.434769,5.000000
2013-09-30T00:00:00,-2.119834,2013-09-30T17:00:00,55.090787,5.000000
2013-10-01T00:00:00,-1.840759,2013-10-01T17:00:00,54.650782,5.000000
2013-10-02T00:00:00,-1.161640,2013-10-02T17:00:00,54.355018,5.000000
2013-10-03T00:00:00,-1.192619,2013-10-03T17:00:00,53.328226,5.000000
2013-10-04T00:00:00,-1.406663,2013-10-04T17:00:00,53.288672,5.000000
2013-10-05T00:00:00,-1.500810,2013-10-05T17:00:00,53.259467,5.000000
2013-10-06T00:00:00,-1.518477,2013-10-06T17:00:00,53.073237,5.000000
2013-10-07T00:00:00,-1.386111,2013-10-07T17:00:00,51.772979,5.000000
2013-10-08T00:00:00,-0.051862,2013-10-08T17:00:00,50.819687,5.000000
2013-10-09T00:00:00,-0.116776,2013-10-09T17:00:00,51.816424,5.000000
2013-10-10T00:00:00,0.476851,2013-10-10T17:00:00,51.948469,5.000000
2013-10-11T00:00:00,0.363138,2013-10-11T17:00:00,52.072761,5.000000
2013-10-12T00:00:00,0.318721,2013-10-12T17:00:00,51.667181,5.000000
2013-10-13T00:00:00,-0.517844,2013-10-13T17:00:00,51.536471,5.000000
2013-10-14T00:00:00,0.038441,2013-10-14T17:00:00,50.901204,5.000000
2013-10-15T00:00:00,0.661951,2013-10-15T17:00:00,51.715999,5.000000
2013-10-16T00:00:00,1.068146,2013-10-16T17:00:00,51.725113,5.000000
2013-10-17T00:00:00,1.091508,2013-10-17T17:00:00,51.173111,5.000000
2013-10-18T00:00:00,0.708909,2013-10-18T17:00:00,49.862059,5.000000
2013-10-19T00:00:00,0.767223,2013-10-19T17:00:00,50.272994,5.000000
2013-10-20T00:00:00,1.492261,2013-10-20T17:00:00,50.263115,5.000000
2013-10-21T00:00:00,1.404868,2013-10-21T17:00:00,50.649631,5.000000
2013-10-22T00:00:00,1.913348,2013-10-22T17:00:00,50.258886,5.000000
2013-10-23T00:00:00,1.777380,2013-10-23T17:00:00,50.064572,5.000000
2013-10-24T00:00:00,1.418126,2013-10-24T17:00:00,50.816406,5.000000
2013-10-25T00:00:00,1.253610,2013-10-25T17:00:00,51.396121,5.000000
2013-10-26T00:00:00,0.779478,2013-10-26T17:00:00,51.579330,5.000000
2013-10-27T00:00:00,1.331565,2013-10-27T17:00:00,51.938285,5.000000
2013-10-28T00:00:00,1.520548,2013-10-28T17:00:00,51.785282,5.000000
2013-10-29T00:00:00,1.015368,2013-10-29T17:00:00,51.577495,5.000000
2013-10-30T00:00:00,1.227996,2013-10-30T17:00:00,51.311959,5.000000
2013-10-31T00:00:00,1.032386,2013-10-31T17:00:00,50.867554,5.000000
2013-11-01T00:00:00,0.573668,2013-11-01T17:00:00,51.356504,5.000000
2013-11-02T00:00:00,-0.045395,2013-11-02T17:00:00,50.968249,5.000000
2013-11-03T00:00:00,-0.048487,2013-11-03T17:00:00,50.975304,5.000000
2013-11-04T00:00:00,0.913889,2013-11-04T17:00:00,50.679852,5.000000
2013-11-05T00:00:00,0.555112,2013-11-05T17:00:00,50.472938,5.000000
2013-11-06T00:00:00,0.852500,2013-11-06T17:00:00,51.665910,5.000000
2013-11-07T00:00:00,1.233583,2013-11-07T17:00:00,51.444205,5.000000
2013-11-08T00:00:00,1.030461,2013-11-08T17:00:00,51.805290,5.000000
2013-11-09T00:00:00,1.648875,2013-11-09T17:00:00,51.896642,5.000000
2013-11-10T00:00:00,1.066906,2013-11-10T17:00:00,52.373975,5.000000
2013-11-11T00:00:00,0.762260,2013-11-11T17:00:00,52.215319,5.000000
2013-11-12T00:00:00,0.507799,2013-11-12T17:00:00,52.102793,5.000000
2013-11-13T00:00:00,0.756712,2013-11-13T17:00:00,52.186836,5.000000
2013-11-14T00:00:00,0.954939,2013-11-14T17:00:00,52.566223,5.000000
2013-11-15T00:00:00,0.791879,2013-11-15T17:00:00,52.624616,5.000000
2013-11-16T00:00:00,0.530043,2013-11-16T17:00:00,52.380323,5.000000
2013-11-17T00:00:00,0.365377,2013-11-17T17:00:00,52.654117,5.000000
2013-11-18T00:00:00,0.047273,2013-11-18T17:00:00,52.636100,5.000000
2013-11-19T00:00:00,-0.230254,2013-11-19T17:00:00,52.811832,5.000000
2013-11-20T00:00:00,-0.313299,2013-11-20T17:00:00,53.517294,5.000000
2013-11-21T00:00:00,-0.070150,2013-11-21T17:00:00,53.048916,5.000000
2013-11-22T00:00:00,-0.609500,2013-11-22T17:00:00,53.834594,5.000000
2013-11-23T00:00:00,-0.687121,2013-11-23T17:00:00,53.283717,5.000000
2013-11-24T00:00:00,-0.576068,2013-11-24T17:00:00,52.745225,5.000000
2013-11-25T00:00:00,-1.151066,2013-11-25T17:00:00,53.225336,5.000000
2013-11-26T00:00:00,-1.298774,2013-11-26T17:00:00,54.144454,5.000000
2013-11-27T00:00:00,-0.906020,2013-11-27T17:00:00,54.527709,5.000000
2013-11-28T00:00:00,-0.229382,2013-11-28T17:00:00,55.432871,5.000000
2013-11-29T00:00:00,-0.378514,2013-11-29T17:00:00,56.133969,5.000000
2013-11-30T00:00:00,-0.528097,2013-11-30T17:00:00,56.070548,5.000000
2013-12-01T00:00:00,-1.117564,2013-12-01T17:00:00,56.695198,5.000000
2013-12-02T00:00:00,-1.429982,2013-12-02T17:00:00,56.592345,5.000000
2013-12-03T00:00:00,-0.927556,2013-12-03T17:00:00,56.665626,5.000000
2013-12-04T00:00:00,-0.927047,2013-12-04T17:00:00,55.887709,5.000000
2013-12-05T00:00:00,-0.873647,2013-12-05T17:00:00,54.842887,5.000000
2013-12-06T00:00:00,-1.083250,2013-12-06T17:00:00,54.580838,5.000000
2013-12-07T00:00:00,-1.944353,2013-12-07T17:00:00,53.507264,5.000000
2013-12-08T00:00:00,-1.332458,2013-12-08T17:00:00,53.818868,5.000000
2013-12-09T00:00:00,-1.345722,2013-12-09T17:00:00,53.490741,5.000000
2013-12-10T00:00:00,-1.712600,2013-12-10T17:00:00,53.641132,5.000000
2013-12-11T00:00:00,-1.472397,2013-12-11T17:00:00,53.698438,5.000000
2013-12-12T00:00:00,-1.580374,2013-12-12T17:00:00,52.651942,5.000000
2013-12-13T00:00:00,-2.416579,2013-12-13T17:00:00,53.069367,5.000000
2013-12-14T00:00:00,-1.699956,2013-12-14T17:00:00,53.148116,5.000000
2013-12-15T00:00:00,-1.534996,2013-12-15T17:00:00,53.488817,5.000000
2013-12-16T00:00:00,-0.671239,2013-12-16T17:00:00,53.458596,5.000000
2013-12-17T00:00:00,-0.388787,2013-12-17T17:00:00,52.760792,5.000000
2013-12-18T00:00:00,0.227087,2013-12-18T17:00:00,52.369366,5.000000
2013-12-19T00:00:00,1.428779,2013-12-19T17:00:00,52.241281,5.000000
2013-12-20T00:00:00,1.237922,2013-12-20T17:00:00,51.404011,5.000000
2013-12-21T00:00:00,0.297473,2013-12-21T17:00:00,51.772601,5.000000
2013-12-22T00:00:00,0.559317,2013-12-22T17:00:00,51.527489,5.000000
2013-12-23T00:00:00,0.303613,2013-12-23T17:00:00,52.419817,5.000000
2013-12-24T00:00:00,-0.388114,2013-12-24T17:00:00,52.382566,5.000000
2013-12-25T00:00:00,-0.378742,2013-12-25T17:00:00,52.530207,5.000000
2013-12-26T00:00:00,0.345619,2013-12-26T17:00:00,52.271434,5.000000
2013-12-27T00:00:00,0.813266,2013-12-27T17:00:00,51.705360,5.000000
2013-12-28T00:00:00,0.305161,2013-12-28T17:00:00,50.648299,5.000000
2013-12-29T00:00:00,0.616098,2013-12-29T17:00:00,50.971901,5.000000
2013-12-30T00:00:00,0.176800,2013-12-30T17:00:00,50.683083,5.000000
2013-12-31T00:00:00,0.739662,2013-12-31T17:00:00,50.937072,5.000000
2014-01-01T00:00:00,1.103051,2014-01-01T17:00:00,51.908979,5.000000
2014-01-02T00:00:00,0.488580,2014-01-02T17:00:00,52.042895,5.000000
2014-01-03T00:00:00,0.837670,2014-01-03T17:00:00,52.546840,5.000000
2014-01-04T00:00:00,1.065146,2014-01-04T17:00:00,51.033700,5.000000
2014-01-05T00:00:00,2.139454,2014-01-05T17:00:00,51.523184,5.000000
2014-01-06T00:00:00,1.978141,2014-01-06T17:00:00,51.639095,5.000000
2014-01-07T00:00:00,1.624324,2014-01-07T17:00:00,51.520348,5.000000
2014-01-08T00:00:00,1.511680,2014-01-08T17:00:00,51.895354,5.000000
2014-01-09T00:00:00,2.139655,2014-01-09T17:00:00,51.856329,5.000000
2014-01-10T00:00:00,1.389996,2014-01-10T17:00:00,52.204524,5.000000
2014-01-11T00:00:00,1.101203,2014-01-11T17:00:00,52.630080,5.000000
2014-01-12T00:00:00,1.077224,2014-01-12T17:00:00,52.583043,5.000000
2014-01-13T00:00:00,1.428186,2014-01-13T17:00:00,52.168121,5.000000
2014-01-14T00:00:00,1.603028,2014-01-14T17:00:00,52.738418,5.000000
2014-01-15T00:00:00,1.438754,2014-01-15T17:00:00,53.629988,5.000000
2014-01-16T00:00:00,0.778093,2014-01-16T17:00:00,54.313076,5.000000
2014-01-17T00:00:00,0.625044,2014-01-17T17:00:00,54.069163,5.000000
2014-01-18T00:00:00,0.606610,2014-01-18T17:00:00,54.884207,5.000000
2014-01-19T00:00:00,0.116071,2014-01-19T17:00:00,54.835793,5.000000
2014-01-20T00:00:00,-0.406613,2014-01-20T17:00:00,55.213237,5.000000
2014-01-21T00:00:00,0.136687,2014-01-21T17:00:00,55.205532,5.000000
2014-01-22T00:00:00,-0.296232,2014-01-22T17:00:00,55.598165,5.000000
2014-01-23T00:00:00,-0.463597,2014-01-23T17:00:00,56.237365,5.000000
2014-01-24T00:00:00,1.040818,2014-01-24T17:00:00,56.008739,5.000000
2014-01-25T00:00:00,0.511262,2014-01-25T17:00:00,56.095691,5.000000
2014-01-26T00:00:00,0.690661,2014-01-26T17:00:00,55.747271,5.000000
2014-01-27T00:00:00,-0.245940,2014-01-27T17:00:00,55.838634,5.000000
2014-01-28T00:00:00,0.024882,2014-01-28T17:00:00,56.796200,5.000000
2014-01-29T00:00:00,0.705038,2014-01-29T17:00:00,56.001953,5.000000
2014-01-30T00:00:00,0.450649,2014-01-30T17:00:00,56.484350,5.000000
2014-01-31T00:00:00,0.652437,2014-01-31T17:00:00,56.555363,5.000000
2014-02-01T00:00:00,0.781700,2014-02-01T17:00:00,56.782895,5.000000
2014-02-02T00:00:00,0.041941,2014-02-02T17:00:00,56.645917,5.000000
2014-02-03T00:00:00,-0.003938,2014-02-03T17:00:00,56.961944,5.000000
2014-02-04T00:00:00,0.040637,2014-02-04T17:00:00,56.804941,5.000000
2014-02-05T00:00:00,-0.256483,2014-02-05T17:00:00,57.256832,5.000000
2014-02-06T00:00:00,-0.508154,2014-02-06T17:00:00,57.812134,5.000000
2014-02-07T00:00:00,-0.226246,2014-02-07T17:00:00,56.679751,5.000000
2014-02-08T00:00:00,0.600304,2014-02-08T17:00:00,57.307864,5.000000
2014-02-09T00:00:00,0.959671,2014-02-09T17:00:00,56.613669,5.000000
2014-02-10T00:00:00,0.615519,2014-02-10T17:00:00,55.258601,5.000000
2014-02-11T00:00:00,0.350827,2014-02-11T17:00:00,55.392195,5.000000
2014-02-12T00:00:00,0.530030,2014-02-12T17:00:00,55.458947,5.000000
2014-02-13T00:00:00,0.306500,2014-02-13T17:00:00,56.192536,5.000000
2014-02-14T00:00:00,0.658490,2014-02-14T17:00:00,56.426544,5.000000
2014-02-15T00:00:00,1.180208,2014-02-15T17:00:00,56.928329,5.000000
2014-02-16T00:00:00,1.143257,2014-02-16T17:00:00,56.209418,5.000000
2014-02-17T00:00:00,0.984731,2014-02-17T17:00:00,57.272132,5.000000
2014-02-18T00:00:00,0.486108,2014-02-18T17:00:00,58.007092,5.000000
2014-02-19T00:00:00,0.215054,2014-02-19T17:00:00,58.061579,5.000000
2014-02-20T00:00:00,0.490300,2014-02-20T17:00:00,57.818431,5.000000
2014-02-21T00:00:00,0.260463,2014-02-21T17:00:00,58.246716,5.000000
2014-02-22T00:00:00,-0.059947,2014-02-22T17:00:00,58.131415,5.000000
2014-02-23T00:00:00,-0.961461,2014-02-23T17:00:00,58.096375,5.000000
2014-02-24T00:00:00,-1.601026,2014-02-24T17:00:00,58.656064,5.000000
2014-02-25T00:00:00,-1.101627,2014-02-25T17:00:00,58.542131,5.000000
2014-02-26T00:00:00,-0.985576,2014-02-26T17:00:00,58.328343,5.000000
2014-02-27T00:00:00,-0.519740,2014-02-27T17:00:00,58.202128,5.000000
2014-02-28T00:00:00,-0.685753,2014-02-28T17:00:00,59.254103,5.000000
2014-03-01T00:00:00,-0.776555,2014-03-01T17:00:00,59.759096,5.000000
2014-03-02T00:00:00,-0.003719,2014-03-02T17:00:00,60.456369,5.000000
2014-03-03T00:00:00,0.173412,2014-03-03T17:00:00,60.269574,5.000000
2014-03-04T00:00:00,1.029502,2014-03-04T17:00:00,60.249705,5.000000
2014-03-05T00:00:00,1.008536,2014-03-05T17:00:00,60.149696,5.000000
2014-03-06T00:00:00,1.128470,2014-03-06T17:00:00,59.317367,5.000000
2014-03-07T00:00:00,1.321290,2014-03-07T17:00:00,59.545152,5.000000
2014-03-08T00:00:00,1.375469,2014-03-08T17:00:00,59.308782,5.000000
2014-03-09T00:00:00,1.809137,2014-03-09T17:00:00,59.487383,5.000000
2014-03-10T00:00:00,1.987615,2014-03-10T17:00:00,59.049223,5.000000
2014-03-11T00:00:00,1.781702,2014-03-11T17:00:00,59.450615,5.000000
2014-03-12T00:00:00,0.781462,2014-03-12T17:00:00,60.380052,5.000000
2014-03-13T00:00:00,0.238355,2014-03-13T17:00:00,61.345081,5.000000
2014-03-14T00:00:00,-0.040050,2014-03-14T17:00:00,60.609063,5.000000
2014-03-15T00:00:00,0.009445,2014-03-15T17:00:00,61.484543,5.000000
2014-03-16T00:00:00,-0.074495,2014-03-16T17:00:00,61.701551,5.000000
2014-03-17T00:00:00,-0.200008,2014-03-17T17:00:00,61.487843,5.000000
2014-03-18T00:00:00,-0.373992,2014-03-18T17:00:00,61.904949,5.000000
2014-03-19T00:00:00,0.241787,2014-03-19T17:00:00,61.076608,5.000000
2014-03-20T00:00:00,0.119557,2014-03-20T17:00:00,61.021729,5.000000
2014-03-21T00:00:00,-0.135074,2014-03-21T17:00:00,61.486874,5.000000
2014-03-22T00:00:00,0.278630,2014-03-22T17:00:00,61.232810,5.000000
2014-03-23T00:00:00,0.092831,2014-03-23T17:00:00,61.233586,5.000000
2014-03-24T00:00:00,-0.285452,2014-03-24T17:00:00,62.074308,5.000000
2014-03-25T00:00:00,0.175600,2014-03-25T17:00:00,61.206619,5.000000
2014-03-26T00:00:00,0.167613,2014-03-26T17:00:00,62.725112,5.000000
2014-03-27T00:00:00,0.010201,2014-03-27T17:00:00,61.449548,5.000000
2014-03-28T00:00:00,-0.076496,2014-03-28T17:00:00,62.613256,5.000000
2014-03-29T00:00:00,0.099605,2014-03-29T17:00:00,63.715772,5.000000
2014-03-30T00:00:00,0.604746,2014-03-30T17:00:00,62.818403,5.000000
2014-03-31T00:00:00,-0.236028,2014-03-31T17:00:00,63.165945,5.000000
2014-04-01T00:00:00,-0.438771,2014-04-01T17:00:00,63.266321,5.000000
2014-04-02T00:00:00,-0.743287,2014-04-02T17:00:00,64.061652,5.000000
2014-04-03T00:00:00,-0.532349,2014-04-03T17:00:00,63.962448,5.000000
2014-04-04T00:00:00,-0.190955,2014-04-04T17:00:00,63.024007,5.000000
2014-04-05T00:00:00,0.518345,2014-04-05T17:00:00,62.837301,5.000000
2014-04-06T00:00:00,0.307544,2014-04-06T17:00:00,63.454447,5.000000
2014-04-07T00:00:00,0.239183,2014-04-07T17:00:00,63.820414,5.000000
2014-04-08T00:00:00,-0.268555,2014-04-08T17:00:00,64.424097,5.000000
2014-04-09T00:00:00,-0.427499,2014-04-09T17:00:00,64.779929,5.000000
2014-04-10T00:00:00,0.047313,2014-04-10T17:00:00,64.955217,5.000000
2014-04-11T00:00:00,-0.198891,2014-04-11T17:00:00,65.010981,5.000000
2014-04-12T00:00:00,-0.562098,2014-04-12T17:00:00,64.171040,5.000000
2014-04-13T00:00:00,0.208233,2014-04-13T17:00:00,64.595845,5.000000
2014-04-14T00:00:00,0.543868,2014-04-14T17:00:00,65.772553,5.000000
2014-04-15T00:00:00,0.637156,2014-04-15T17:00:00,65.537256,5.000000
2014-04-16T00:00:00,0.603747,2014-04-16T17:00:00,64.859397,5.000000
2014-04-17T00:00:00,0.734824,2014-04-17T17:00:00,64.711538,5.000000
2014-04-18T00:00:00,-0.064045,2014-04-18T17:00:00,64.299452,5.000000
2014-04-19T00:00:00,0.033383,2014-04-19T17:00:00,64.610118,5.000000
2014-04-20T00:00:00,0.731640,2014-04-20T17:00:00,65.288459,5.000000
2014-04-21T00:00:00,0.887446,2014-04-21T17:00:00,66.032490,5.000000
2014-04-22T00:00:00,1.286400,2014-04-22T17:00:00,65.877945,5.000000
2014-04-23T00:00:00,1.336951,2014-04-23T17:00:00,66.216857,5.000000
2014-04-24T00:00:00,0.884739,2014-04-24T17:00:00,66.353040,5.000000
2014-04-25T00:00:00,0.313563,2014-04-25T17:00:00,66.220441,5.000000
2014-04-26T00:00:00,-0.055696,2014-04-26T17:00:00,66.649202,5.000000
2014-04-27T00:00:00,-0.228767,2014-04-27T17:00:00,66.921540,5.000000
2014-04-28T00:00:00,-0.317591,2014-04-28T17:00:00,66.740294,5.000000
2014-04-29T00:00:00,-0.162025,2014-04-29T17:00:00,66.815976,5.000000
2014-04-30T00:00:00,-0.539093,2014-04-30T17:00:00,65.614980,5.000000
2014-05-01T00:00:00,-0.769599,2014-05-01T17:00:00,64.020294,5.000000
2014-05-02T00:00:00,-0.708880,2014-05-02T17:00:00,63.405700,5.000000
2014-05-03T00:00:00,-1.062579,2014-05-03T17:00:00,64.039957,5.000000
2014-05-04T00:00:00,-1.308633,2014-05-04T17:00:00,64.114426,5.000000
2014-05-05T00:00:00,-1.906258,2014-05-05T17:00:00,63.712033,5.000000
2014-05-06T00:00:00,-1.649890,2014-05-06T17:00:00,63.636314,5.000000
2014-05-07T00:00:00,-1.913172,2014-05-07T17:00:00,64.377780,5.000000
2014-05-08T00:00:00,-1.170793,2014-05-08T17:00:00,63.606194,5.000000
2014-05-09T00:00:00,-1.152633,2014-05-09T17:00:00,63.279037,5.000000
2014-05-10T00:00:00,-0.599787,2014-05-10T17:00:00,63.393797,5.000000
2014-05-11T00:00:00,-0.481455,2014-05-11T17:00:00,62.504391,5.000000
2014-05-12T00:00:00,-0.450429,2014-05-12T17:00:00,62.516470,5.000000
2014-05-13T00:00:00,-0.172866,2014-05-13T17:00:00,61.175549,5.000000
2014-05-14T00:00:00,-0.435866,2014-05-14T17:00:00,62.012842,5.000000
2014-05-15T00:00:00,-0.051025,2014-05-15T17:00:00,62.898954,5.000000
2014-05-16T00:00:00,-0.063698,2014-05-16T17:00:00,62.123535,5.000000
2014-05-17T00:00:00,-0.042841,2014-05-17T17:00:00,62.491687,5.000000
2014-05-18T00:00:00,-0.288283,2014-05-18T17:00:00,62.505869,5.000000
2014-05-19T00:00:00,-0.110221,2014-05-19T17:00:00,63.054853,5.000000
2014-05-20T00:00:00,0.948018,2014-05-20T17:00:00,63.349641,5.000000
2014-05-21T00:00:00,0.695364,2014-05-21T17:00:00,63.601598,5.000000
2014-05-22T00:00:00,1.500974,2014-05-22T17:00:00,63.165306,5.000000
2014-05-23T00:00:00,1.228494,2014-05-23T17:00:00,62.015069,5.000000
2014-05-24T00:00:00,1.330728,2014-05-24T17:00:00,63.347374,5.000000
2014-05-25T00:00:00,1.199580,2014-05-25T17:00:00,63.914231,5.000000
2014-05-26T00:00:00,1.622905,2014-05-26T17:00:00,63.891200,5.000000
2014-05-27T00:00:00,1.492996,2014-05-27T17:00:00,64.735372,5.000000
2014-05-28T00:00:00,1.491190,2014-05-28T17:00:00,65.064893,5.000000
2014-05-29T00:00:00,1.097802,2014-05-29T17:00:00,65.051978,5.000000
2014-05-30T00:00:00,1.147941,2014-05-30T17:00:00,66.142648,5.000000
2014-05-31T00:00:00,1.190352,2014-05-31T17:00:00,66.549603,5.000000
2014-06-01T00:00:00,1.386649,2014-06-01T17:00:00,66.967404,5.000000
2014-06-02T00:00:00,1.832627,2014-06-02T17:00:00,66.293545,5.000000
2014-06-03T00:00:00,1.638637,2014-06-03T17:00:00,67.381776,5.000000
2014-06-04T00:00:00,1.590708,2014-06-04T17:00:00,68.104908,5.000000
2014-06-05T00:00:00,1.795348,2014-06-05T17:00:00,68.860944,5.000000
2014-06-06T00:00:00,0.536047,2014-06-06T17:00:00,67.884317,5.000000
2014-06-07T00:00:00,0.241667,2014-06-07T17:00:00,68.224291,5.000000
2014-06-08T00:00:00,0.684698,2014-06-08T17:00:00,68.300070,5.000000
2014-06-09T00:00:00,1.014522,2014-06-09T17:00:00,68.654218,5.000000
2014-06-10T00:00:00,0.696503,2014-06-10T17:00:00,68.430036,5.000000
2014-06-11T00:00:00,0.074215,2014-06-11T17:00:00,70.224783,5.000000
2014-06-12T00:00:00,-0.179012,2014-06-12T17:00:00,70.271040,5.000000
2014-06-13T00:00:00,0.498661,2014-06-13T17:00:00,71.075384,5.000000
2014-06-14T00:00:00,0.256916,2014-06-14T17:00:00,70.798828,5.000000
2014-06-15T00:00:00,-0.110250,2014-06-15T17:00:00,70.314776,5.000000
2014-06-16T00:00:00,-0.683079,2014-06-16T17:00:00,70.169715,5.000000
2014-06-17T00:00:00,-0.561885,2014-06-17T17:00:00,70.521476,5.000000
2014-06-18T00:00:00,-0.373179,2014-06-18T17:00:00,70.484642,5.000000
2014-06-19T00:00:00,-0.750512,2014-06-19T17:00:00,70.780376,5.000000
2014-06-20T00:00:00,-0.655837,2014-06-20T17:00:00,70.673423,5.000000
2014-06-21T00:00:00,-0.659056,2014-06-21T17:00:00,70.472224,5.000000
2014-06-22T00:00:00,-0.728469,2014-06-22T17:00:00,70.619451,5.000000
2014-06-23T00:00:00,-0.872005,2014-06-23T17:00:00,70.673219,5.000000
2014-06-24T00:00:00,-0.688673,2014-06-24T17:00:00,69.821985,5.000000
2014-06-25T00:00:00,-0.827971,2014-06-25T17:00:00,69.898935,5.000000
2014-06-26T00:00:00,-0.914411,2014-06-26T17:00:00,70.812744,5.000000
2014-06-27T00:00:00,-0.559724,2014-06-27T17:00:00,71.504627,5.000000
2014-06-28T00:00:00,-0.467216,2014-06-28T17:00:00,70.846873,5.000000
2014-06-29T00:00:00,-0.125346,2014-06-29T17:00:00,70.976595,5.000000
2014-06-30T00:00:00,-1.246205,2014-06-30T17:00:00,70.201989,5.000000
2014-07-01T00:00:00,-0.940477,2014-07-01T17:00:00,69.557050,5.000000
2014-07-02T00:00:00,-1.210491,2014-07-02T17:00:00,69.825688,5.000000
2014-07-03T00:00:00,-1.048812,2014-07-03T17:00:00,69.062390,5.000000
2014-07-04T00:00:00,-0.732103,2014-07-04T17:00:00,69.132623,5.000000
2014-07-05T00:00:00,-0.193613,2014-07-05T17:00:00,69.293757,5.000000
2014-07-06T00:00:00,-0.094723,2014-07-06T17:00:00,69.727040,5.000000
2014-07-07T00:00:00,-0.269450,2014-07-07T17:00:00,69.267689,5.000000
2014-07-08T00:00:00,-0.275051,2014-07-08T17:00:00,67.872706,5.000000
2014-07-09T00:00:00,-0.145468,2014-07-09T17:00:00,68.533778,5.000000
2014-07-10T00:00:00,-1.029576,2014-07-10T17:00:00,68.474338,5.000000
2014-07-11T00:00:00,-0.226107,2014-07-11T17:00:00,67.448304,5.000000
2014-07-12T00:00:00,-0.624465,2014-07-12T17:00:00,65.871365,5.000000
2014-07-13T00:00:00,-0.632863,2014-07-13T17:00:00,65.389594,5.000000
2014-07-14T00:00:00,0.279595,2014-07-14T17:00:00,67.021015,5.000000
2014-07-15T00:00:00,0.729317,2014-07-15T17:00:00,67.921336,5.000000
2014-07-16T00:00:00,0.916969,2014-07-16T17:00:00,67.671583,5.000000
2014-07-17T00:00:00,1.299142,2014-07-17T17:00:00,67.029257,5.000000
2014-07-18T00:00:00,1.131563,2014-07-18T17:00:00,66.681638,5.000000
2014-07-19T00:00:00,0.668368,2014-07-19T17:00:00,67.428090,5.000000
2014-07-20T00:00:00,0.720514,2014-07-20T17:00:00,67.028259,5.000000
2014-07-21T00:00:00,0.038910,2014-07-21T17:00:00,67.282412,5.000000
2014-07-22T00:00:00,-0.424449,2014-07-22T17:00:00,66.798348,5.000000
2014-07-23T00:00:00,-0.670831,2014-07-23T17:00:00,66.146085,5.000000
2014-07-24T00:00:00,-0.325373,2014-07-24T17:00:00,66.791112,5.000000
2014-07-25T00:00:00,-0.028775,2014-07-25T17:00:00,66.793000,5.000000
2014-07-26T00:00:00,-0.147514,2014-07-26T17:00:00,66.749678,5.000000
2014-07-27T00:00:00,0.484336,2014-07-27T17:00:00,66.040779,5.000000
2014-07-28T00:00:00,0.740492,2014-07-28T17:00:00,66.303222,5.000000
2014-07-29T00:00:00,0.004167,2014-07-29T17:00:00,66.550630,5.000000
2014-07-30T00:00:00,0.030388,2014-07-30T17:00:00,66.338436,5.000000
2014-07-31T00:00:00,-0.215647,2014-07-31T17:00:00,65.859465,5.000000
2014-08-01T00:00:00,-0.427448,2014-08-01T17:00:00,66.928707,5.000000
2014-08-02T00:00:00,0.541449,2014-08-02T17:00:00,67.743446,5.000000
2014-08-03T00:00:00,-0.195930,2014-08-03T17:00:00,68.463407,5.000000
2014-08-04T00:00:00,-0.452751,2014-08-04T17:00:00,68.195764,5.000000
2014-08-05T00:00:00,-0.664224,2014-08-05T17:00:00,67.649950,5.000000
2014-08-06T00:00:00,0.426794,2014-08-06T17:00:00,66.668974,5.000000
2014-08-07T00:00:00,0.455838,2014-08-07T17:00:00,68.256383,5.000000
2014-08-08T00:00:00,0.389137,2014-08-08T17:00:00,68.545157,5.000000
2014-08-09T00:00:00,0.164104,2014-08-09T17:00:00,69.216088,5.000000
2014-08-10T00:00:00,0.154635,2014-08-10T17:00:00,68.225261,5.000000
2014-08-11T00:00:00,0.696162,2014-08-11T17:00:00,68.956784,5.000000
2014-08-12T00:00:00,0.328236,2014-08-12T17:00:00,68.822490,5.000000
2014-08-13T00:00:00,0.826577,2014-08-13T17:00:00,68.785930,5.000000
2014-08-14T00:00:00,0.434388,2014-08-14T17:00:00,69.528052,5.000000
2014-08-15T00:00:00,0.142477,2014-08-15T17:00:00,70.122599,5.000000
2014-08-16T00:00:00,-0.072935,2014-08-16T17:00:00,69.865507,5.000000
2014-08-17T00:00:00,-0.149262,2014-08-17T17:00:00,70.615376,5.000000
2014-08-18T00:00:00,-0.016633,2014-08-18T17:00:00,70.175415,5.000000
2014-08-19T00:00:00,0.113107,2014-08-19T17:00:00,69.092560,5.000000
2014-08-20T00:00:00,0.544802,2014-08-20T17:00:00,69.343545,5.000000
2014-08-21T00:00:00,0.307344,2014-08-21T17:00:00,70.255944,5.000000
2014-08-22T00:00:00,-0.160529,2014-08-22T17:00:00,69.971917,5.000000
2014-08-23T00:00:00,0.568737,2014-08-23T17:00:00,69.691229,5.000000
2014-08-24T00:00:00,1.151650,2014-08-24T17:00:00,69.668012,5.000000
2014-08-25T00:00:00,1.189559,2014-08-25T17:00:00,69.734895,5.000000
2014-08-26T00:00:00,1.673596,2014-08-26T17:00:00,69.198926,5.000000
2014-08-27T00:00:00,1.026809,2014-08-27T17:00:00,67.672016,5.000000
2014-08-28T00:00:00,0.389270,2014-08-28T17:00:00,67.544069,5.000000
2014-08-29T00:00:00,0.124130,2014-08-29T17:00:00,66.813518,5.000000
2014-08-30T00:00:00,-0.593642,2014-08-30T17:00:00,66.326848,5.000000
2014-08-31T00:00:00,-0.575116,2014-08-31T17:00:00,65.900467,5.000000
2014-09-01T00:00:00,-0.563962,2014-09-01T17:00:00,65.759339,5.000000
2014-09-02T00:00:00,-0.950203,2014-09-02T17:00:00,65.589056,5.000000
2014-09-03T00:00:00,-1.328523,2014-09-03T17:00:00,65.799991,5.000000
2014-09-04T00:00:00,-0.477194,2014-09-04T17:00:00,65.186006,5.000000
2014-09-05T00:00:00,-1.237821,2014-09-05T17:00:00,64.005469,5.000000
2014-09-06T00:00:00,-2.034487,2014-09-06T17:00:00,64.272869,5.000000
2014-09-07T00:00:00,-1.885050,2014-09-07T17:00:00,63.877372,5.000000
2014-09-08T00:00:00,-1.464002,2014-09-08T17:00:00,63.663543,5.000000
2014-09-09T00:00:00,-1.140518,2014-09-09T17:00:00,64.265279,5.000000
2014-09-10T00:00:00,-0.838710,2014-09-10T17:00:00,62.818841,5.000000
2014-09-11T00:00:00,-0.513717,2014-09-11T17:00:00,62.790489,5.000000
2014-09-12T00:00:00,-0.767943,2014-09-12T17:00:00,62.378600,5.000000
2014-09-13T00:00:00,-0.745010,2014-09-13T17:00:00,61.277840,5.000000
2014-09-14T00:00:00,-0.354741,2014-09-14T17:00:00,61.005280,5.000000
2014-09-15T00:00:00,-0.282764,2014-09-15T17:00:00,60.412739,5.000000
2014-09-16T00:00:00,-1.245554,2014-09-16T17:00:00,60.052178,5.000000
2014-09-17T00:00:00,-1.076213,2014-09-17T17:00:00,58.958091,5.000000
2014-09-18T00:00:00,-1.122177,2014-09-18T17:00:00,58.666390,5.000000
2014-09-19T00:00:00,-0.627933,2014-09-19T17:00:00,58.625271,5.000000
2014-09-20T00:00:00,-0.175785,2014-09-20T17:00:00,58.739448,5.000000
2014-09-21T00:00:00,-0.623765,2014-09-21T17:00:00,58.386248,5.000000
2014-09-22T00:00:00,0.312151,2014-09-22T17:00:00,58.699415,5.000000
2014-09-23T00:00:00,0.485159,2014-09-23T17:00:00,58.277164,5.000000
2014-09-24T00:00:00,0.355522,2014-09-24T17:00:00,59.102737,5.000000
2014-09-25T00:00:00,1.008980,2014-09-25T17:00:00,58.948841,5.000000
2014-09-26T00:00:00,1.847117,2014-09-26T17:00:00,58.563243,5.000000
2014-09-27T00:00:00,0.727061,2014-09-27T17:00:00,58.529003,5.000000
2014-09-28T00:00:00,0.519364,2014-09-28T17:00:00,57.887052,5.000000
2014-09-29T00:00:00,0.368849,2014-09-29T17:00:00,57.778729,5.000000
2014-09-30T00:00:00,-0.455079,2014-09-30T17:00:00,57.438838,5.000000
2014-10-01T00:00:00,-0.448360,2014-10-01T17:00:00,57.571597,5.000000
2014-10-02T00:00:00,-0.867558,2014-10-02T17:00:00,57.498685,5.000000
2014-10-03T00:00:00,-1.909144,2014-10-03T17:00:00,58.261429,5.000000
2014-10-04T00:00:00,-1.198926,2014-10-04T17:00:00,58.477093,5.000000
2014-10-05T00:00:00,-2.019414,2014-10-05T17:00:00,59.277605,5.000000
2014-10-06T00:00:00,-2.081339,2014-10-06T17:00:00,58.777668,5.000000
2014-10-07T00:00:00,-2.284579,2014-10-07T17:00:00,58.437578,5.000000
2014-10-08T00:00:00,-1.830890,2014-10-08T17:00:00,57.561720,5.000000
2014-10-09T00:00:00,-0.751961,2014-10-09T17:00:00,56.545536,5.000000
2014-10-10T00:00:00,-0.522964,2014-10-10T17:00:00,57.122881,5.000000
2014-10-11T00:00:00,-0.952024,2014-10-11T17:00:00,56.775978,5.000000
2014-10-12T00:00:00,-1.036472,2014-10-12T17:00:00,56.870507,5.000000
2014-10-13T00:00:00,-1.839702,2014-10-13T17:00:00,56.728808,5.000000
2014-10-14T00:00:00,-2.074760,2014-10-14T17:00:00,56.525962,5.000000
2014-10-15T00:00:00,-1.711697,2014-10-15T17:00:00,56.354519,5.000000
2014-10-16T00:00:00,-1.855754,2014-10-16T17:00:00,56.500114,5.000000
2014-10-17T00:00:00,-1.866694,2014-10-17T17:00:00,55.624389,5.000000
2014-10-18T00:00:00,-2.681841,2014-10-18T17:00:00,55.351205,5.000000
2014-10-19T00:00:00,-2.546419,2014-10-19T17:00:00,54.775373,5.000000
2014-10-20T00:00:00,-1.889061,2014-10-20T17:00:00,54.083970,5.000000
2014-10-21T00:00:00,-1.812426,2014-10-21T17:00:00,53.666998,5.000000
2014-10-22T00:00:00,-2.170768,2014-10-22T17:00:00,53.208910,5.000000
2014-10-23T00:00:00,-1.936064,2014-10-23T17:00:00,52.998960,5.000000
2014-10-24T00:00:00,-1.567843,2014-10-24T17:00:00,52.560282,5.000000
2014-10-25T00:00:00,-2.028010,2014-10-25T17:00:00,52.235797,5.000000
2014-10-26T00:00:00,-2.782839,2014-10-26T17:00:00,52.139794,5.000000
2014-10-27T00:00:00,-3.014013,2014-10-27T17:00:00,51.780926,5.000000
2014-10-28T00:00:00,-3.250336,2014-10-28T17:00:00,50.587155,5.000000
2014-10-29T00:00:00,-2.396007,2014-10-29T17:00:00,49.956590,5.000000
2014-10-30T00:00:00,-2.039996,2014-10-30T17:00:00,49.697263,5.000000
2014-10-31T00:00:00,-1.880654,2014-10-31T17:00:00,49.433782,5.000000
2014-11-01T00:00:00,-2.005181,2014-11-01T17:00:00,49.445564,5.000000
2014-11-02T00:00:00,-1.745927,2014-11-02T17:00:00,49.005652,5.000000
2014-11-03T00:00:00,-1.316722,2014-11-03T17:00:00,48.714446,5.000000
2014-11-04T00:00:00,-0.689010,2014-11-04T17:00:00,48.525339,5.000000
2014-11-05T00:00:00,0.066439,2014-11-05T17:00:00,48.444772,5.000000
2014-11-06T00:00:00,0.081907,2014-11-06T17:00:00,48.530518,5.000000
2014-11-07T00:00:00,0.326151,2014-11-07T17:00:00,48.303400,5.000000
2014-11-08T00:00:00,0.681262,2014-11-08T17:00:00,48.430582,5.000000
2014-11-09T00:00:00,0.175316,2014-11-09T17:00:00,48.710585,5.000000
2014-11-10T00:00:00,0.291746,2014-11-10T17:00:00,49.071551,5.000000
2014-11-11T00:00:00,0.625857,2014-11-11T17:00:00,49.175438,5.000000
2014-11-12T00:00:00,0.314293,2014-11-12T17:00:00,49.358508,5.000000
2014-11-13T00:00:00,-0.132125,2014-11-13T17:00:00,49.461517,5.000000
2014-11-14T00:00:00,-0.547143,2014-11-14T17:00:00,49.220735,5.000000
2014-11-15T00:00:00,-0.950631,2014-11-15T17:00:00,48.722263,5.000000
2014-11-16T00:00:00,-0.711955,2014-11-16T17:00:00,48.981383,5.000000
2014-11-17T00:00:00,0.118526,2014-11-17T17:00:00,49.181246,5.000000
2014-11-18T00:00:00,0.059291,2014-11-18T17:00:00,49.582103,5.000000
2014-11-19T00:00:00,-0.471184,2014-11-19T17:00:00,50.280525,5.000000
2014-11-20T00:00:00,-0.693633,2014-11-20T17:00:00,50.597267,5.000000
2014-11-21T00:00:00,-0.432827,2014-11-21T17:00:00,50.100730,5.000000
2014-11-22T00:00:00,-0.521510,2014-11-22T17:00:00,50.334527,5.000000
2014-11-23T00:00:00,-0.184115,2014-11-23T17:00:00,49.479344,5.000000
2014-11-24T00:00:00,0.682965,2014-11-24T17:00:00,50.092720,5.000000
2014-11-25T00:00:00,0.632618,2014-11-25T17:00:00,49.444610,5.000000
2014-11-26T00:00:00,-0.087755,2014-11-26T17:00:00,49.288453,5.000000
2014-11-27T00:00:00,-0.184748,2014-11-27T17:00:00,49.358883,5.000000
2014-11-28T00:00:00,-0.565670,2014-11-28T17:00:00,49.606669,5.000000
2014-11-29T00:00:00,-0.870046,2014-11-29T17:00:00,49.854308,5.000000
2014-11-30T00:00:00,-0.624317,2014-11-30T17:00:00,49.665865,5.000000
2014-12-01T00:00:00,-0.058315,2014-12-01T17:00:00,50.077398,5.000000
2014-12-02T00:00:00,-0.384025,2014-12-02T17:00:00,50.613578,5.000000
2014-12-03T00:00:00,-0.902003,2014-12-03T17:00:00,50.317122,5.000000
2014-12-04T00:00:00,-0.384136,2014-12-04T17:00:00,49.774832,5.000000
2014-12-05T00:00:00,0.750109,2014-12-05T17:00:00,49.309217,5.000000
2014-12-06T00:00:00,0.496602,2014-12-06T17:00:00,49.791238,5.000000
2014-12-07T00:00:00,0.958187,2014-12-07T17:00:00,49.700292,5.000000
2014-12-08T00:00:00,0.883592,2014-12-08T17:00:00,49.593498,5.000000
2014-12-09T00:00:00,0.351777,2014-12-09T17:00:00,50.366583,5.000000
2014-12-10T00:00:00,-0.220052,2014-12-10T17:00:00,51.118337,5.000000
2014-12-11T00:00:00,-0.474320,2014-12-11T17:00:00,50.958516,5.000000
2014-12-12T00:00:00,-0.612941,2014-12-12T17:00:00,50.797269,5.000000
2014-12-13T00:00:00,-1.174568,2014-12-13T17:00:00,49.931897,5.000000
2014-12-14T00:00:00,-0.930894,2014-12-14T17:00:00,49.488760,5.000000
2014-12-15T00:00:00,-0.916089,2014-12-15T17:00:00,49.360142,5.000000
2014-12-16T00:00:00,-0.518159,2014-12-16T17:00:00,48.324692,5.000000
2014-12-17T00:00:00,-0.661288,2014-12-17T17:00:00,48.615831,5.000000
2014-12-18T00:00:00,-1.026144,2014-12-18T17:00:00,48.371355,5.000000
2014-12-19T00:00:00,-1.327770,2014-12-19T17:00:00,47.901622,5.000000
2014-12-20T00:00:00,-0.800621,2014-12-20T17:00:00,47.742067,5.000000
2014-12-21T00:00:00,-0.327900,2014-12-21T17:00:00,47.188610,5.000000
2014-12-22T00:00:00,0.455745,2014-12-22T17:00:00,46.717779,5.000000
2014-12-23T00:00:00,-0.292614,2014-12-23T17:00:00,46.478128,5.000000
2014-12-24T00:00:00,-0.298388,2014-12-24T17:00:00,47.406104,5.000000
2014-12-25T00:00:00,0.140403,2014-12-25T17:00:00,46.707108,5.000000
2014-12-26T00:00:00,0.006978,2014-12-26T17:00:00,46.067049,5.000000
2014-12-27T00:00:00,-0.335523,2014-12-27T17:00:00,46.749891,5.000000
2014-12-28T00:00:00,-0.603799,2014-12-28T17:00:00,46.387752,5.000000
2014-12-29T00:00:00,-0.726748,2014-12-29T17:00:00,45.639794,5.000000
2014-12-30T00:00:00,-1.672716,2014-12-30T17:00:00,46.058935,5.000000
2014-12-31T00:00:00,-0.707260,2014-12-31T17:00:00,45.197856,5.000000
2015-01-01T00:00:00,-1.044246,2015-01-01T17:00:00,44.668755,5.000000
2015-01-02T00:00:00,-1.055732,2015-01-02T17:00:00,45.052235,5.000000
2015-01-03T00:00:00,-0.220045,2015-01-03T17:00:00,44.598992,5.000000
2015-01-04T00:00:00,-0.619666,2015-01-04T17:00:00,44.663206,5.000000
2015-01-05T00:00:00,-0.665468,2015-01-05T17:00:00,44.789057,5.000000
2015-01-06T00:00:00,-0.278952,2015-01-06T17:00:00,45.133381,5.000000
2015-01-07T00:00:00,-0.259739,2015-01-07T17:00:00,45.157191,5.000000
2015-01-08T00:00:00,-0.283343,2015-01-08T17:00:00,45.152226,5.000000
2015-01-09T00:00:00,-0.065782,2015-01-09T17:00:00,45.726892,5.000000
2015-01-10T00:00:00,0.509179,2015-01-10T17:00:00,45.308805,5.000000
2015-01-11T00:00:00,0.662381,2015-01-11T17:00:00,45.069855,5.000000
2015-01-12T00:00:00,0.840637,2015-01-12T17:00:00,44.699253,5.000000
2015-01-13T00:00:00,0.412533,2015-01-13T17:00:00,44.426719,5.000000
2015-01-14T00:00:00,0.399047,2015-01-14T17:00:00,44.604992,5.000000
2015-01-15T00:00:00,0.532134,2015-01-15T17:00:00,43.929224,5.000000
2015-01-16T00:00:00,0.491694,2015-01-16T17:00:00,43.792403,5.000000
2015-01-17T00:00:00,0.274813,2015-01-17T17:00:00,44.081020,5.000000
2015-01-18T00:00:00,-0.034861,2015-01-18T17:00:00,43.861683,5.000000
2015-01-19T00:00:00,-0.178987,2015-01-19T17:00:00,43.947211,5.000000
2015-01-20T00:00:00,-0.144596,2015-01-20T17:00:00,44.402065,5.000000
2015-01-21T00:00:00,0.397023,2015-01-21T17:00:00,44.938392,5.000000
2015-01-22T00:00:00,1.013244,2015-01-22T17:00:00,44.576977,5.000000
2015-01-23T00:00:00,1.150091,2015-01-23T17:00:00,44.953072,5.000000
2015-01-24T00:00:00,1.590990,2015-01-24T17:00:00,45.138965,5.000000
2015-01-25T00:00:00,1.407200,2015-01-25T17:00:00,45.124238,5.000000
2015-01-26T00:00:00,1.387091,2015-01-26T17:00:00,45.167332,5.000000
2015-01-27T00:00:00,0.627948,2015-01-27T17:00:00,44.862932,5.000000
2015-01-28T00:00:00,0.410311,2015-01-28T17:00:00,45.695826,5.000000
2015-01-29T00:00:00,0.282520,2015-01-29T17:00:00,46.153914,5.000000
2015-01-30T00:00:00,0.136508,2015-01-30T17:00:00,46.072445,5.000000
2015-01-31T00:00:00,-0.136495,2015-01-31T17:00:00,45.767915,5.000000
2015-02-01T00:00:00,-0.163746,2015-02-01T17:00:00,46.287768,5.000000
2015-02-02T00:00:00,-0.174494,2015-02-02T17:00:00,46.395930,5.000000
2015-02-03T00:00:00,-0.093423,2015-02-03T17:00:00,46.458674,5.000000
2015-02-04T00:00:00,-0.503540,2015-02-04T17:00:00,46.126561,5.000000
2015-02-05T00:00:00,0.258086,2015-02-05T17:00:00,46.343624,5.000000
2015-02-06T00:00:00,0.564142,2015-02-06T17:00:00,46.592971,5.000000
2015-02-07T00:00:00,-0.008609,2015-02-07T17:00:00,46.995604,5.000000
2015-02-08T00:00:00,0.119620,2015-02-08T17:00:00,46.968000,5.000000
2015-02-09T00:00:00,-0.671018,2015-02-09T17:00:00,46.996290,5.000000
2015-02-10T00:00:00,-0.083927,2015-02-10T17:00:00,47.076375,5.000000
2015-02-11T00:00:00,0.346643,2015-02-11T17:00:00,47.013676,5.000000
2015-02-12T00:00:00,0.617922,2015-02-12T17:00:00,47.117859,5.000000
2015-02-13T00:00:00,0.098743,2015-02-13T17:00:00,47.192649,5.000000
2015-02-14T00:00:00,-0.366720,2015-02-14T17:00:00,47.601823,5.000000
2015-02-15T00:00:00,-0.504612,2015-02-15T17:00:00,47.660640,5.000000
2015-02-16T00:00:00,1.098653,2015-02-16T17:00:00,47.101610,5.000000
2015-02-17T00:00:00,1.081319,2015-02-17T17:00:00,47.445974,5.000000
2015-02-18T00:00:00,0.781987,2015-02-18T17:00:00,47.874488,5.000000
2015-02-19T00:00:00,1.178508,2015-02-19T17:00:00,48.319355,5.000000
2015-02-20T00:00:00,1.326048,2015-02-20T17:00:00,48.663059,5.000000
2015-02-21T00:00:00,1.264715,2015-02-21T17:00:00,48.332243,5.000000
2015-02-22T00:00:00,1.401169,2015-02-22T17:00:00,48.303454,5.000000
2015-02-23T00:00:00,1.252809,2015-02-23T17:00:00,48.549415,5.000000
2015-02-24T00:00:00,0.674069,2015-02-24T17:00:00,49.095899,5.000000
2015-02-25T00:00:00,0.378032,2015-02-25T17:00:00,49.112375,5.000000
2015-02-26T00:00:00,-0.190777,2015-02-26T17:00:00,49.001284,5.000000
2015-02-27T00:00:00,-0.468888,2015-02-27T17:00:00,47.486000,5.000000
2015-02-28T00:00:00,-0.303574,2015-02-28T17:00:00,46.909296,5.000000
2015-03-01T00:00:00,-0.539741,2015-03-01T17:00:00,47.101301,5.000000
2015-03-02T00:00:00,-0.649771,2015-03-02T17:00:00,46.771084,5.000000
2015-03-03T00:00:00,-0.505493,2015-03-03T17:00:00,46.503198,5.000000
2015-03-04T00:00:00,-1.028028,2015-03-04T17:00:00,46.135435,5.000000
2015-03-05T00:00:00,-1.368420,2015-03-05T17:00:00,46.196456,5.000000
2015-03-06T00:00:00,-0.837228,2015-03-06T17:00:00,45.251161,5.000000
2015-03-07T00:00:00,-1.075734,2015-03-07T17:00:00,45.570730,5.000000
2015-03-08T00:00:00,-1.423725,2015-03-08T17:00:00,45.207822,5.000000
2015-03-09T00:00:00,-1.757539,2015-03-09T17:00:00,44.894124,5.000000
2015-03-10T00:00:00,-1.894475,2015-03-10T17:00:00,44.573389,5.000000
2015-03-11T00:00:00,-1.319489,2015-03-11T17:00:00,44.334101,5.000000
2015-03-12T00:00:00,-0.623422,2015-03-12T17:00:00,43.410916,5.000000
2015-03-13T00:00:00,0.409121,2015-03-13T17:00:00,42.707975,5.000000
2015-03-14T00:00:00,0.763983,2015-03-14T17:00:00,43.490914,5.000000
2015-03-15T00:00:00,0.510716,2015-03-15T17:00:00,43.614556,5.000000
2015-03-16T00:00:00,0.666569,2015-03-16T17:00:00,43.385677,5.000000
2015-03-17T00:00:00,0.814754,2015-03-17T17:00:00,43.905478,5.000000
2015-03-18T00:00:00,0.542215,2015-03-18T17:00:00,44.106523,5.000000
2015-03-19T00:00:00,0.019864,2015-03-19T17:00:00,44.788777,5.000000
2015-03-20T00:00:00,-0.290890,2015-03-20T17:00:00,44.882153,5.000000
2015-03-21T00:00:00,-0.117376,2015-03-21T17:00:00,45.270690,5.000000
2015-03-22T00:00:00,-0.019018,2015-03-22T17:00:00,45.338597,5.000000
2015-03-23T00:00:00,-0.431826,2015-03-23T17:00:00,45.626369,5.000000
2015-03-24T00:00:00,-0.268712,2015-03-24T17:00:00,45.731347,5.000000
2015-03-25T00:00:00,-0.449251,2015-03-25T17:00:00,45.246656,5.000000
2015-03-26T00:00:00,-0.741337,2015-03-26T17:00:00,45.702158,5.000000
2015-03-27T00:00:00,-0.261973,2015-03-27T17:00:00,45.752032,5.000000
2015-03-28T00:00:00,0.012670,2015-03-28T17:00:00,46.042022,5.000000
2015-03-29T00:00:00,-0.115680,2015-03-29T17:00:00,46.283232,5.000000
2015-03-30T00:00:00,-0.613404,2015-03-30T17:00:00,45.860410,5.000000
2015-03-31T00:00:00,-0.582074,2015-03-31T17:00:00,45.965540,5.000000
2015-04-01T00:00:00,-1.018433,2015-04-01T17:00:00,46.140872,5.000000
2015-04-02T00:00:00,-1.143332,2015-04-02T17:00:00,45.609829,5.000000
2015-04-03T00:00:00,-1.283062,2015-04-03T17:00:00,45.156117,5.000000
2015-04-04T00:00:00,-0.945037,2015-04-04T17:00:00,45.007318,5.000000
2015-04-05T00:00:00,-0.287969,2015-04-05T17:00:00,45.239577,5.000000
2015-04-06T00:00:00,-0.715795,2015-04-06T17:00:00,44.912690,5.000000
2015-04-07T00:00:00,-0.219629,2015-04-07T17:00:00,44.475673,5.000000
2015-04-08T00:00:00,0.351587,2015-04-08T17:00:00,44.141423,5.000000
2015-04-09T00:00:00,0.125101,2015-04-09T17:00:00,43.718010,5.000000
2015-04-10T00:00:00,0.169161,2015-04-10T17:00:00,44.498367,5.000000
2015-04-11T00:00:00,0.605871,2015-04-11T17:00:00,44.474709,5.000000
2015-04-12T00:00:00,0.894041,2015-04-12T17:00:00,45.193118,5.000000
2015-04-13T00:00:00,0.958121,2015-04-13T17:00:00,44.678286,5.000000
2015-04-14T00:00:00,1.200086,2015-04-14T17:00:00,44.847230,5.000000
2015-04-15T00:00:00,1.077714,2015-04-15T17:00:00,45.027575,5.000000
2015-04-16T00:00:00,0.191177,2015-04-16T17:00:00,45.750321,5.000000
2015-04-17T00:00:00,-0.127109,2015-04-17T17:00:00,46.276736,5.000000
2015-04-18T00:00:00,-0.208545,2015-04-18T17:00:00,45.875056,5.000000
2015-04-19T00:00:00,-0.292954,2015-04-19T17:00:00,45.331635,5.000000
2015-04-20T00:00:00,-0.389970,2015-04-20T17:00:00,45.099544,5.000000
2015-04-21T00:00:00,-0.896761,2015-04-21T17:00:00,45.373392,5.000000
2015-04-22T00:00:00,-1.730131,2015-04-22T17:00:00,45.668116,5.000000
2015-04-23T00:00:00,-1.712365,2015-04-23T17:00:00,44.953176,5.000000
2015-04-24T00:00:00,-1.904314,2015-04-24T17:00:00,43.972491,5.000000
2015-04-25T00:00:00,-1.879484,2015-04-25T17:00:00,43.807590,5.000000
2015-04-26T00:00:00,-1.247806,2015-04-26T17:00:00,42.965824,5.000000
2015-04-27T00:00:00,0.047820,2015-04-27T17:00:00,43.165815,5.000000
2015-04-28T00:00:00,0.044297,2015-04-28T17:00:00,43.751662,5.000000
2015-04-29T00:00:00,0.159338,2015-04-29T17:00:00,43.350082,5.000000
2015-04-30T00:00:00,-0.268397,2015-04-30T17:00:00,43.064591,5.000000
2015-05-01T00:00:00,0.143262,2015-05-01T17:00:00,42.776105,5.000000
2015-05-02T00:00:00,0.301222,2015-05-02T17:00:00,42.972496,5.000000
2015-05-03T00:00:00,-0.054456,2015-05-03T17:00:00,42.740921,5.000000
2015-05-04T00:00:00,0.547363,2015-05-04T17:00:00,44.194129,5.000000
2015-05-05T00:00:00,0.644785,2015-05-05T17:00:00,44.571442,5.000000
2015-05-06T00:00:00,0.886645,2015-05-06T17:00:00,44.650792,5.000000
2015-05-07T00:00:00,1.107243,2015-05-07T17:00:00,44.166166,5.000000
2015-05-08T00:00:00,0.751023,2015-05-08T17:00:00,44.799503,5.000000
2015-05-09T00:00:00,0.593112,2015-05-09T17:00:00,45.450728,5.000000
2015-05-10T00:00:00,0.442054,2015-05-10T17:00:00,45.424203,5.000000
2015-05-11T00:00:00,0.873709,2015-05-11T17:00:00,45.271690,5.000000
2015-05-12T00:00:00,0.963553,2015-05-12T17:00:00,45.960125,5.000000
2015-05-13T00:00:00,1.059303,2015-05-13T17:00:00,45.780537,5.000000
2015-05-14T00:00:00,0.927272,2015-05-14T17:00:00,45.751302,5.000000
2015-05-15T00:00:00,0.786297,2015-05-15T17:00:00,45.814803,5.000000
2015-05-16T00:00:00,-0.135607,2015-05-16T17:00:00,46.796131,5.000000
2015-05-17T00:00:00,-0.429870,2015-05-17T17:00:00,48.028134,5.000000
2015-05-18T00:00:00,-0.645847,2015-05-18T17:00:00,47.207078,5.000000
2015-05-19T00:00:00,-0.316712,2015-05-19T17:00:00,46.765880,5.000000
2015-05-20T00:00:00,-0.851441,2015-05-20T17:00:00,46.292563,5.000000
2015-05-21T00:00:00,-0.607330,2015-05-21T17:00:00,45.984255,5.000000
2015-05-22T00:00:00,-0.419040,2015-05-22T17:00:00,46.611609,5.000000
2015-05-23T00:00:00,-0.198571,2015-05-23T17:00:00,47.170749,5.000000
2015-05-24T00:00:00,0.343478,2015-05-24T17:00:00,47.306863,5.000000
2015-05-25T00:00:00,0.737999,2015-05-25T17:00:00,47.533035,5.000000
2015-05-26T00:00:00,0.766386,2015-05-26T17:00:00,47.992265,5.000000
2015-05-27T00:00:00,-0.352499,2015-05-27T17:00:00,47.519699,5.000000
2015-05-28T00:00:00,-0.073264,2015-05-28T17:00:00,47.686913,5.000000
2015-05-29T00:00:00,-1.033081,2015-05-29T17:00:00,46.598017,5.000000
2015-05-30T00:00:00,-1.533151,2015-05-30T17:00:00,46.788568,5.000000
2015-05-31T00:00:00,-1.689273,2015-05-31T17:00:00,47.054894,5.000000
2015-06-01T00:00:00,-1.063011,2015-06-01T17:00:00,47.009837,5.000000
2015-06-02T00:00:00,-1.396606,2015-06-02T17:00:00,47.038214,5.000000
2015-06-03T00:00:00,-1.296759,2015-06-03T17:00:00,47.213813,5.000000
2015-06-04T00:00:00,-1.521580,2015-06-04T17:00:00,47.600213,5.000000
2015-06-05T00:00:00,-0.864275,2015-06-05T17:00:00,47.973581,5.000000
2015-06-06T00:00:00,-0.455885,2015-06-06T17:00:00,48.189531,5.000000
2015-06-07T00:00:00,-1.345007,2015-06-07T17:00:00,47.910144,5.000000
2015-06-08T00:00:00,-1.342178,2015-06-08T17:00:00,47.746842,5.000000
2015-06-09T00:00:00,-1.330717,2015-06-09T17:00:00,47.686894,5.000000
2015-06-10T00:00:00,-2.472045,2015-06-10T17:00:00,47.211845,5.000000
2015-06-11T00:00:00,-3.025231,2015-06-11T17:00:00,46.923117,5.000000
2015-06-12T00:00:00,-3.629781,2015-06-12T17:00:00,47.394890,5.000000
2015-06-13T00:00:00,-2.982976,2015-06-13T17:00:00,46.607501,5.000000
2015-06-14T00:00:00,-2.125798,2015-06-14T17:00:00,46.365863,5.000000
2015-06-15T00:00:00,-2.609804,2015-06-15T17:00:00,45.354615,5.000000
2015-06-16T00:00:00,-2.419123,2015-06-16T17:00:00,44.789261,5.000000
2015-06-17T00:00:00,-2.800082,2015-06-17T17:00:00,44.682106,5.000000
2015-06-18T00:00:00,-1.681046,2015-06-18T17:00:00,44.490411,5.000000
2015-06-19T00:00:00,-1.044287,2015-06-19T17:00:00,44.015173,5.000000
2015-06-20T00:00:00,-1.220781,2015-06-20T17:00:00,43.847052,5.000000
2015-06-21T00:00:00,-1.434081,2015-06-21T17:00:00,43.849242,5.000000
2015-06-22T00:00:00,-0.925609,2015-06-22T17:00:00,43.808235,5.000000
2015-06-23T00:00:00,-0.772346,2015-06-23T17:00:00,43.969132,5.000000
2015-06-24T00:00:00,-0.843386,2015-06-24T17:00:00,43.281102,5.000000
2015-06-25T00:00:00,-0.435874,2015-06-25T17:00:00,43.136441,5.000000
2015-06-26T00:00:00,-0.612381,2015-06-26T17:00:00,43.347216,5.000000
2015-06-27T00:00:00,-0.728039,2015-06-27T17:00:00,43.155544,5.000000
2015-06-28T00:00:00,-1.141513,2015-06-28T17:00:00,42.494422,5.000000
2015-06-29T00:00:00,-0.785641,2015-06-29T17:00:00,42.976075,5.000000
2015-06-30T00:00:00,-0.317086,2015-06-30T17:00:00,42.598861,5.000000
2015-07-01T00:00:00,0.084056,2015-07-01T17:00:00,42.355849,5.000000
2015-07-02T00:00:00,0.006331,2015-07-02T17:00:00,42.321835,5.000000
2015-07-03T00:00:00,-0.537789,2015-07-03T17:00:00,42.211038,5.000000
2015-07-04T00:00:00,-0.832598,2015-07-04T17:00:00,41.993482,5.000000
2015-07-05T00:00:00,-0.680534,2015-07-05T17:00:00,41.805268,5.000000
2015-07-06T00:00:00,-0.286872,2015-07-06T17:00:00,41.661215,5.000000
2015-07-07T00:00:00,-0.957076,2015-07-07T17:00:00,41.764218,5.000000
2015-07-08T00:00:00,-1.154060,2015-07-08T17:00:00,41.241681,5.000000
2015-07-09T00:00:00,-1.188876,2015-07-09T17:00:00,40.986172,5.000000
2015-07-10T00:00:00,-1.013452,2015-07-10T17:00:00,40.943867,5.000000
2015-07-11T00:00:00,-0.274124,2015-07-11T17:00:00,41.433046,5.000000
2015-07-12T00:00:00,-0.147741,2015-07-12T17:00:00,41.887557,5.000000
2015-07-13T00:00:00,-0.095589,2015-07-13T17:00:00,41.935654,5.000000
2015-07-14T00:00:00,-0.135166,2015-07-14T17:00:00,41.537603,5.000000
2015-07-15T00:00:00,-0.985561,2015-07-15T17:00:00,41.682718,5.000000
2015-07-16T00:00:00,-1.376731,2015-07-16T17:00:00,41.923548,5.000000
2015-07-17T00:00:00,-1.220553,2015-07-17T17:00:00,42.309839,5.000000
2015-07-18T00:00:00,-0.868777,2015-07-18T17:00:00,41.626862,5.000000
2015-07-19T00:00:00,-0.967409,2015-07-19T17:00:00,41.582860,5.000000
2015-07-20T00:00:00,-0.744037,2015-07-20T17:00:00,40.936249,5.000000
2015-07-21T00:00:00,-0.008783,2015-07-21T17:00:00,40.286606,5.000000
2015-07-22T00:00:00,-0.270410,2015-07-22T17:00:00,40.800917,5.000000
2015-07-23T00:00:00,0.081587,2015-07-23T17:00:00,41.156375,5.000000
2015-07-24T00:00:00,0.612182,2015-07-24T17:00:00,40.856220,5.000000
2015-07-25T00:00:00,0.439153,2015-07-25T17:00:00,40.602844,5.000000
2015-07-26T00:00:00,0.127357,2015-07-26T17:00:00,39.945578,5.000000
2015-07-27T00:00:00,0.058371,2015-07-27T17:00:00,40.508999,5.000000
2015-07-28T00:00:00,0.780448,2015-07-28T17:00:00,40.047960,5.000000
2015-07-29T00:00:00,1.113156,2015-07-29T17:00:00,40.258128,5.000000
2015-07-30T00:00:00,1.695327,2015-07-30T17:00:00,40.185521,5.000000
2015-07-31T00:00:00,1.379781,2015-07-31T17:00:00,40.115749,5.000000
2015-08-01T00:00:00,0.872941,2015-08-01T17:00:00,40.367163,5.000000
2015-08-02T00:00:00,0.784630,2015-08-02T17:00:00,39.732605,5.000000
2015-08-03T00:00:00,0.892449,2015-08-03T17:00:00,39.563518,5.000000
2015-08-04T00:00:00,1.419469,2015-08-04T17:00:00,40.019619,5.000000
2015-08-05T00:00:00,1.675895,2015-08-05T17:00:00,40.688566,5.000000
2015-08-06T00:00:00,1.037460,2015-08-06T17:00:00,40.529721,5.000000
2015-08-07T00:00:00,0.988187,2015-08-07T17:00:00,41.208074,5.000000
2015-08-08T00:00:00,0.528537,2015-08-08T17:00:00,41.735881,5.000000
2015-08-09T00:00:00,0.299810,2015-08-09T17:00:00,42.153730,5.000000
2015-08-10T00:00:00,0.145391,2015-08-10T17:00:00,41.700097,5.000000
2015-08-11T00:00:00,-0.206852,2015-08-11T17:00:00,42.063120,5.000000
2015-08-12T00:00:00,0.176595,2015-08-12T17:00:00,42.709836,5.000000
2015-08-13T00:00:00,0.077888,2015-08-13T17:00:00,42.899924,5.000000
2015-08-14T00:00:00,-0.045303,2015-08-14T17:00:00,42.963544,5.000000
2015-08-15T00:00:00,-0.065543,2015-08-15T17:00:00,43.058960,5.000000
2015-08-16T00:00:00,-0.496617,2015-08-16T17:00:00,43.222017,5.000000
2015-08-17T00:00:00,-0.779425,2015-08-17T17:00:00,42.954335,5.000000
2015-08-18T00:00:00,0.072348,2015-08-18T17:00:00,43.314924,5.000000
2015-08-19T00:00:00,0.484123,2015-08-19T17:00:00,44.137550,5.000000
2015-08-20T00:00:00,0.395151,2015-08-20T17:00:00,44.473241,5.000000
2015-08-21T00:00:00,0.377680,2015-08-21T17:00:00,44.993998,5.000000
2015-08-22T00:00:00,0.493339,2015-08-22T17:00:00,44.760345,5.000000
2015-08-23T00:00:00,0.825803,2015-08-23T17:00:00,44.736954,5.000000
2015-08-24T00:00:00,0.900130,2015-08-24T17:00:00,44.373028,5.000000
2015-08-25T00:00:00,0.316267,2015-08-25T17:00:00,44.079964,5.000000
2015-08-26T00:00:00,0.567442,2015-08-26T17:00:00,44.622871,5.000000
2015-08-27T00:00:00,1.471899,2015-08-27T17:00:00,43.878712,5.000000
2015-08-28T00:00:00,1.642430,2015-08-28T17:00:00,43.816670,5.000000
2015-08-29T00:00:00,1.008786,2015-08-29T17:00:00,44.440001,5.000000
2015-08-30T00:00:00,1.646658,2015-08-30T17:00:00,44.436078,5.000000
2015-08-31T00:00:00,1.121297,2015-08-31T17:00:00,45.061704,5.000000
2015-09-01T00:00:00,1.336748,2015-09-01T17:00:00,45.588247,5.000000
2015-09-02T00:00:00,1.500211,2015-09-02T17:00:00,45.141894,5.000000
2015-09-03T00:00:00,1.408507,2015-09-03T17:00:00,45.457986,5.000000
2015-09-04T00:00:00,1.093339,2015-09-04T17:00:00,45.803439,5.000000
2015-09-05T00:00:00,0.981882,2015-09-05T17:00:00,45.337879,5.000000
2015-09-06T00:00:00,0.828898,2015-09-06T17:00:00,44.834154,5.000000
2015-09-07T00:00:00,0.553043,2015-09-07T17:00:00,45.121636,5.000000
2015-09-08T00:00:00,0.446920,2015-09-08T17:00:00,44.990526,5.000000
2015-09-09T00:00:00,-0.229016,2015-09-09T17:00:00,45.779452,5.000000
2015-09-10T00:00:00,0.063697,2015-09-10T17:00:00,46.164188,5.000000
2015-09-11T00:00:00,0.440951,2015-09-11T17:00:00,46.550927,5.000000
2015-09-12T00:00:00,0.806513,2015-09-12T17:00:00,47.284757,5.000000
2015-09-13T00:00:00,0.976768,2015-09-13T17:00:00,47.747756,5.000000
2015-09-14T00:00:00,0.833539,2015-09-14T17:00:00,47.245183,5.000000
2015-09-15T00:00:00,-0.157730,2015-09-15T17:00:00,47.814553,5.000000
2015-09-16T00:00:00,0.629121,2015-09-16T17:00:00,47.029695,5.000000
2015-09-17T00:00:00,0.579865,2015-09-17T17:00:00,47.322919,5.000000
2015-09-18T00:00:00,0.656779,2015-09-18T17:00:00,47.189133,5.000000
2015-09-19T00:00:00,0.255199,2015-09-19T17:00:00,47.096765,5.000000
2015-09-20T00:00:00,0.761071,2015-09-20T17:00:00,47.103780,5.000000
2015-09-21T00:00:00,0.841752,2015-09-21T17:00:00,47.284738,5.000000
2015-09-22T00:00:00,1.155303,2015-09-22T17:00:00,47.430181,5.000000
2015-09-23T00:00:00,0.792457,2015-09-23T17:00:00,48.077853,5.000000
2015-09-24T00:00:00,0.722268,2015-09-24T17:00:00,48.276071,5.000000
2015-09-25T00:00:00,0.223191,2015-09-25T17:00:00,48.543117,5.000000
2015-09-26T00:00:00,0.376940,2015-09-26T17:00:00,48.380920,5.000000
2015-09-27T00:00:00,0.169146,2015-09-27T17:00:00,48.500469,5.000000
2015-09-28T00:00:00,-0.097556,2015-09-28T17:00:00,48.498735,5.000000
2015-09-29T00:00:00,-0.960627,2015-09-29T17:00:00,48.544727,5.000000
2015-09-30T00:00:00,-1.224335,2015-09-30T17:00:00,48.627569,5.000000
2015-10-01T00:00:00,-0.418313,2015-10-01T17:00:00,47.560841,5.000000
2015-10-02T00:00:00,-0.856543,2015-10-02T17:00:00,47.050904,5.000000
2015-10-03T00:00:00,-1.523639,2015-10-03T17:00:00,46.750134,5.000000
2015-10-04T00:00:00,-1.450969,2015-10-04T17:00:00,46.604695,5.000000
2015-10-05T00:00:00,-1.934512,2015-10-05T17:00:00,46.340928,5.000000
2015-10-06T00:00:00,-2.342414,2015-10-06T17:00:00,45.810964,5.000000
2015-10-07T00:00:00,-1.620526,2015-10-07T17:00:00,46.295342,5.000000
2015-10-08T00:00:00,-1.712250,2015-10-08T17:00:00,45.865513,5.000000
2015-10-09T00:00:00,-1.367663,2015-10-09T17:00:00,44.910236,5.000000
2015-10-10T00:00:00,-2.306063,2015-10-10T17:00:00,44.545008,5.000000
2015-10-11T00:00:00,-1.901532,2015-10-11T17:00:00,43.677877,5.000000
2015-10-12T00:00:00,-1.830599,2015-10-12T17:00:00,42.235637,5.000000
2015-10-13T00:00:00,-1.603596,2015-10-13T17:00:00,42.326766,5.000000
2015-10-14T00:00:00,-1.038626,2015-10-14T17:00:00,42.069367,5.000000
2015-10-15T00:00:00,-0.985539,2015-10-15T17:00:00,41.438692,5.000000
2015-10-16T00:00:00,-0.354151,2015-10-16T17:00:00,41.340750,5.000000
2015-10-17T00:00:00,-0.588327,2015-10-17T17:00:00,41.297796,5.000000
2015-10-18T00:00:00,-0.532497,2015-10-18T17:00:00,41.441041,5.000000
2015-10-19T00:00:00,-0.692232,2015-10-19T17:00:00,40.694979,5.000000
2015-10-20T00:00:00,-0.320435,2015-10-20T17:00:00,40.579201,5.000000
2015-10-21T00:00:00,-0.732528,2015-10-21T17:00:00,39.746547,5.000000
2015-10-22T00:00:00,-1.051977,2015-10-22T17:00:00,40.239634,5.000000
2015-10-23T00:00:00,-0.897392,2015-10-23T17:00:00,40.455785,5.000000
2015-10-24T00:00:00,-0.582092,2015-10-24T17:00:00,40.922201,5.000000
2015-10-25T00:00:00,-0.815785,2015-10-25T17:00:00,40.404658,5.000000
2015-10-26T00:00:00,-0.475264,2015-10-26T17:00:00,40.274950,5.000000
2015-10-27T00:00:00,-0.705266,2015-10-27T17:00:00,40.033850,5.000000
2015-10-28T00:00:00,-0.287736,2015-10-28T17:00:00,40.277592,5.000000
2015-10-29T00:00:00,-0.170132,2015-10-29T17:00:00,40.237829,5.000000
2015-10-30T00:00:00,-0.040895,2015-10-30T17:00:00,40.734799,5.000000
2015-10-31T00:00:00,0.241783,2015-10-31T17:00:00,41.021786,5.000000
2015-11-01T00:00:00,0.646229,2015-11-01T17:00:00,41.358630,5.000000
2015-11-02T00:00:00,0.505730,2015-11-02T17:00:00,40.934105,5.000000
2015-11-03T00:00:00,0.724209,2015-11-03T17:00:00,41.185529,5.000000
2015-11-04T00:00:00,0.956327,2015-11-04T17:00:00,41.077154,5.000000
2015-11-05T00:00:00,-0.049178,2015-11-05T17:00:00,40.151055,5.000000
2015-11-06T00:00:00,0.423562,2015-11-06T17:00:00,39.963963,5.000000
2015-11-07T00:00:00,0.997656,2015-11-07T17:00:00,40.016155,5.000000
2015-11-08T00:00:00,0.692928,2015-11-08T17:00:00,40.083821,5.000000
2015-11-09T00:00:00,0.396608,2015-11-09T17:00:00,39.478639,5.000000
2015-11-10T00:00:00,0.247728,2015-11-10T17:00:00,39.161504,5.000000
2015-11-11T00:00:00,0.386931,2015-11-11T17:00:00,38.860095,5.000000
2015-11-12T00:00:00,0.084807,2015-11-12T17:00:00,38.510503,5.000000
2015-11-13T00:00:00,0.247053,2015-11-13T17:00:00,38.145799,5.000000
2015-11-14T00:00:00,0.026995,2015-11-14T17:00:00,38.173381,5.000000
2015-11-15T00:00:00,0.349770,2015-11-15T17:00:00,38.655476,5.000000
2015-11-16T00:00:00,-0.391546,2015-11-16T17:00:00,38.501901,5.000000
2015-11-17T00:00:00,-0.652761,2015-11-17T17:00:00,38.984060,5.000000
2015-11-18T00:00:00,-1.033973,2015-11-18T17:00:00,39.180318,5.000000
2015-11-19T00:00:00,-1.030369,2015-11-19T17:00:00,39.649675,5.000000
2015-11-20T00:00:00,-0.712636,2015-11-20T17:00:00,39.069037,5.000000
2015-11-21T00:00:00,-0.818874,2015-11-21T17:00:00,39.301653,5.000000
2015-11-22T00:00:00,-0.959922,2015-11-22T17:00:00,38.952217,5.000000
2015-11-23T00:00:00,-0.580212,2015-11-23T17:00:00,38.957378,5.000000
2015-11-24T00:00:00,-0.329211,2015-11-24T17:00:00,38.609926,5.000000
2015-11-25T00:00:00,-0.463320,2015-11-25T17:00:00,39.014318,5.000000
2015-11-26T00:00:00,-0.776252,2015-11-26T17:00:00,39.102137,5.000000
2015-11-27T00:00:00,-0.576309,2015-11-27T17:00:00,39.565441,5.000000
2015-11-28T00:00:00,-0.660480,2015-11-28T17:00:00,39.702339,5.000000
2015-11-29T00:00:00,-0.876160,2015-11-29T17:00:00,39.497921,5.000000
2015-11-30T00:00:00,-1.170209,2015-11-30T17:00:00,39.690164,5.000000
2015-12-01T00:00:00,-1.956506,2015-12-01T17:00:00,39.280709,5.000000
2015-12-02T00:00:00,-1.849360,2015-12-02T17:00:00,39.886647,5.000000
2015-12-03T00:00:00,-1.813079,2015-12-03T17:00:00,39.734844,5.000000
2015-12-04T00:00:00,-2.301610,2015-12-04T17:00:00,40.020997,5.000000
2015-12-05T00:00:00,-1.590243,2015-12-05T17:00:00,40.157691,5.000000
2015-12-06T00:00:00,-0.894102,2015-12-06T17:00:00,40.058524,5.000000
2015-12-07T00:00:00,-1.340596,2015-12-07T17:00:00,40.178595,5.000000
2015-12-08T00:00:00,-1.353344,2015-12-08T17:00:00,40.407591,5.000000
2015-12-09T00:00:00,-0.785620,2015-12-09T17:00:00,39.944695,5.000000
2015-12-10T00:00:00,-0.686016,2015-12-10T17:00:00,39.654836,5.000000
2015-12-11T00:00:00,-0.493777,2015-12-11T17:00:00,39.641676,5.000000
2015-12-12T00:00:00,0.511051,2015-12-12T17:00:00,39.923124,5.000000
2015-12-13T00:00:00,0.503426,2015-12-13T17:00:00,39.786232,5.000000
2015-12-14T00:00:00,0.728200,2015-12-14T17:00:00,39.591518,5.000000
2015-12-15T00:00:00,0.443525,2015-12-15T17:00:00,39.636649,5.000000
2015-12-16T00:00:00,0.434132,2015-12-16T17:00:00,40.048085,5.000000
2015-12-17T00:00:00,0.222670,2015-12-17T17:00:00,39.352140,5.000000
2015-12-18T00:00:00,0.554115,2015-12-18T17:00:00,38.976439,5.000000
2015-12-19T00:00:00,1.002035,2015-12-19T17:00:00,38.977654,5.000000
2015-12-20T00:00:00,0.809482,2015-12-20T17:00:00,38.874694,5.000000
2015-12-21T00:00:00,0.560947,2015-12-21T17:00:00,38.956893,5.000000
2015-12-22T00:00:00,0.346669,2015-12-22T17:00:00,38.684983,5.000000
2015-12-23T00:00:00,0.291447,2015-12-23T17:00:00,38.690983,5.000000
2015-12-24T00:00:00,0.278308,2015-12-24T17:00:00,39.093517,5.000000
2015-12-25T00:00:00,0.609011,2015-12-25T17:00:00,38.724911,5.000000
2015-12-26T00:00:00,1.079339,2015-12-26T17:00:00,38.703998,5.000000
2015-12-27T00:00:00,0.425303,2015-12-27T17:00:00,39.114151,5.000000
2015-12-28T00:00:00,0.228975,2015-12-28T17:00:00,39.541978,5.000000
2015-12-29T00:00:00,0.513638,2015-12-29T17:00:00,39.827439,5.000000
2015-12-30T00:00:00,0.856881,2015-12-30T17:00:00,40.122534,5.000000
2015-12-31T00:00:00,0.699610,2015-12-31T17:00:00,40.377120,5.000000
2016-01-01T00:00:00,0.931399,2016-01-01T17:00:00,40.581635,5.000000
2016-01-02T00:00:00,0.810839,2016-01-02T17:00:00,39.630973,5.000000
2016-01-03T00:00:00,0.902107,2016-01-03T17:00:00,39.759050,5.000000
2016-01-04T00:00:00,1.541746,2016-01-04T17:00:00,39.322167,5.000000
2016-01-05T00:00:00,0.971152,2016-01-05T17:00:00,39.966807,5.000000
2016-01-06T00:00:00,1.410628,2016-01-06T17:00:00,39.808325,5.000000
2016-01-07T00:00:00,1.629576,2016-01-07T17:00:00,40.450588,5.000000
2016-01-08T00:00:00,1.446746,2016-01-08T17:00:00,40.985191,5.000000
2016-01-09T00:00:00,0.650226,2016-01-09T17:00:00,41.447962,5.000000
2016-01-10T00:00:00,1.235366,2016-01-10T17:00:00,42.327495,5.000000
2016-01-11T00:00:00,0.958472,2016-01-11T17:00:00,42.794631,5.000000
2016-01-12T00:00:00,1.003219,2016-01-12T17:00:00,42.287989,5.000000
2016-01-13T00:00:00,1.010822,2016-01-13T17:00:00,41.879812,5.000000
2016-01-14T00:00:00,1.176323,2016-01-14T17:00:00,42.363128,5.000000
2016-01-15T00:00:00,1.497329,2016-01-15T17:00:00,43.092937,5.000000
2016-01-16T00:00:00,0.894010,2016-01-16T17:00:00,43.302028,5.000000
2016-01-17T00:00:00,1.084004,2016-01-17T17:00:00,43.709114,5.000000
2016-01-18T00:00:00,1.077405,2016-01-18T17:00:00,44.249774,5.000000
2016-01-19T00:00:00,0.654644,2016-01-19T17:00:00,44.189374,5.000000
2016-01-20T00:00:00,-0.553542,2016-01-20T17:00:00,44.537698,5.000000
2016-01-21T00:00:00,-0.714161,2016-01-21T17:00:00,44.276356,5.000000
2016-01-22T00:00:00,-0.516112,2016-01-22T17:00:00,44.542440,5.000000
2016-01-23T00:00:00,-0.331942,2016-01-23T17:00:00,44.032670,5.000000
2016-01-24T00:00:00,0.045051,2016-01-24T17:00:00,44.303641,5.000000
2016-01-25T00:00:00,0.418088,2016-01-25T17:00:00,44.679788,5.000000
2016-01-26T00:00:00,-0.332711,2016-01-26T17:00:00,44.227405,5.000000
2016-01-27T00:00:00,-0.643763,2016-01-27T17:00:00,43.994542,5.000000
2016-01-28T00:00:00,0.632251,2016-01-28T17:00:00,44.003658,5.000000
2016-01-29T00:00:00,0.901256,2016-01-29T17:00:00,43.647167,5.000000
2016-01-30T00:00:00,0.607806,2016-01-30T17:00:00,43.399439,5.000000
2016-01-31T00:00:00,1.120216,2016-01-31T17:00:00,43.220178,5.000000
2016-02-01T00:00:00,0.991673,2016-02-01T17:00:00,43.177355,5.000000
2016-02-02T00:00:00,1.132972,2016-02-02T17:00:00,42.891100,5.000000
2016-02-03T00:00:00,1.313888,2016-02-03T17:00:00,42.754808,5.000000
2016-02-04T00:00:00,0.353279,2016-02-04T17:00:00,43.008680,5.000000
2016-02-05T00:00:00,0.417069,2016-02-05T17:00:00,43.136386,5.000000
2016-02-06T00:00:00,1.547799,2016-02-06T17:00:00,44.043253,5.000000
2016-02-07T00:00:00,1.785968,2016-02-07T17:00:00,44.323668,5.000000
2016-02-08T00:00:00,1.617384,2016-02-08T17:00:00,44.687967,5.000000
2016-02-09T00:00:00,1.919128,2016-02-09T17:00:00,43.814263,5.000000
2016-02-10T00:00:00,1.828255,2016-02-10T17:00:00,44.261109,5.000000
2016-02-11T00:00:00,0.852729,2016-02-11T17:00:00,43.542090,5.000000
2016-02-12T00:00:00,0.747839,2016-02-12T17:00:00,43.042462,5.000000
2016-02-13T00:00:00,0.332018,2016-02-13T17:00:00,43.550706,5.000000
2016-02-14T00:00:00,0.416732,2016-02-14T17:00:00,43.793208,5.000000
2016-02-15T00:00:00,0.146184,2016-02-15T17:00:00,43.602722,5.000000
2016-02-16T00:00:00,-0.123660,2016-02-16T17:00:00,43.549013,5.000000
2016-02-17T00:00:00,-0.630757,2016-02-17T17:00:00,43.391924,5.000000
2016-02-18T00:00:00,-0.597414,2016-02-18T17:00:00,43.146766,5.000000
2016-02-19T00:00:00,-0.437733,2016-02-19T17:00:00,43.659284,5.000000
2016-02-20T00:00:00,-0.865397,2016-02-20T17:00:00,43.519380,5.000000
2016-02-21T00:00:00,-1.045290,2016-02-21T17:00:00,43.176049,5.000000
2016-02-22T00:00:00,-0.924765,2016-02-22T17:00:00,42.992221,5.000000
2016-02-23T00:00:00,-1.032541,2016-02-23T17:00:00,42.754690,5.000000
2016-02-24T00:00:00,-0.658834,2016-02-24T17:00:00,42.457000,5.000000
2016-02-25T00:00:00,-0.021715,2016-02-25T17:00:00,41.835342,5.000000
2016-02-26T00:00:00,-0.093357,2016-02-26T17:00:00,41.234071,5.000000
2016-02-27T00:00:00,0.149516,2016-02-27T17:00:00,41.302583,5.000000
2016-02-28T00:00:00,0.103556,2016-02-28T17:00:00,41.030298,5.000000
2016-02-29T00:00:00,-0.427926,2016-02-29T17:00:00,40.791408,5.000000
2016-03-01T00:00:00,-0.793911,2016-03-01T17:00:00,40.515230,5.000000
2016-03-02T00:00:00,0.388124,2016-03-02T17:00:00,40.074366,5.000000
2016-03-03T00:00:00,0.965805,2016-03-03T17:00:00,40.591399,5.000000
2016-03-04T00:00:00,1.009840,2016-03-04T17:00:00,40.806085,5.000000
2016-03-05T00:00:00,0.591517,2016-03-05T17:00:00,40.789161,5.000000
2016-03-06T00:00:00,0.310215,2016-03-06T17:00:00,41.191389,5.000000
2016-03-07T00:00:00,0.740812,2016-03-07T17:00:00,41.218008,5.000000
2016-03-08T00:00:00,0.258287,2016-03-08T17:00:00,41.472216,5.000000
2016-03-09T00:00:00,0.073085,2016-03-09T17:00:00,41.477147,5.000000
2016-03-10T00:00:00,0.255994,2016-03-10T17:00:00,41.376674,5.000000
2016-03-11T00:00:00,0.558180,2016-03-11T17:00:00,41.838670,5.000000
2016-03-12T00:00:00,0.534612,2016-03-12T17:00:00,42.487094,5.000000
2016-03-13T00:00:00,0.535387,2016-03-13T17:00:00,42.315791,5.000000
2016-03-14T00:00:00,0.496851,2016-03-14T17:00:00,42.126314,5.000000
2016-03-15T00:00:00,0.797076,2016-03-15T17:00:00,42.073624,5.000000
2016-03-16T00:00:00,1.145538,2016-03-16T17:00:00,41.661216,5.000000
2016-03-17T00:00:00,0.626171,2016-03-17T17:00:00,42.059808,5.000000
2016-03-18T00:00:00,1.090024,2016-03-18T17:00:00,42.594680,5.000000
2016-03-19T00:00:00,1.475120,2016-03-19T17:00:00,41.781795,5.000000
2016-03-20T00:00:00,1.325305,2016-03-20T17:00:00,42.262050,5.000000
2016-03-21T00:00:00,0.750570,2016-03-21T17:00:00,42.054314,5.000000
2016-03-22T00:00:00,0.899839,2016-03-22T17:00:00,42.416817,5.000000
2016-03-23T00:00:00,0.965451,2016-03-23T17:00:00,42.141434,5.000000
2016-03-24T00:00:00,0.636409,2016-03-24T17:00:00,41.409371,5.000000
2016-03-25T00:00:00,0.492610,2016-03-25T17:00:00,41.538010,5.000000
2016-03-26T00:00:00,0.248614,2016-03-26T17:00:00,41.784261,5.000000
2016-03-27T00:00:00,0.549049,2016-03-27T17:00:00,41.728211,5.000000
2016-03-28T00:00:00,0.724981,2016-03-28T17:00:00,41.975013,5.000000
2016-03-29T00:00:00,0.579826,2016-03-29T17:00:00,41.837096,5.000000
2016-03-30T00:00:00,0.477822,2016-03-30T17:00:00,42.640288,5.000000
2016-03-31T00:00:00,0.378673,2016-03-31T17:00:00,42.590089,5.000000
2016-04-01T00:00:00,0.448614,2016-04-01T17:00:00,42.658554,5.000000
2016-04-02T00:00:00,1.255206,2016-04-02T17:00:00,42.851276,5.000000
2016-04-03T00:00:00,1.178621,2016-04-03T17:00:00,42.907357,5.000000
2016-04-04T00:00:00,1.100226,2016-04-04T17:00:00,43.058881,5.000000
2016-04-05T00:00:00,0.623192,2016-04-05T17:00:00,44.113270,5.000000
2016-04-06T00:00:00,-0.229023,2016-04-06T17:00:00,43.897469,5.000000
2016-04-07T00:00:00,-0.178143,2016-04-07T17:00:00,43.398714,5.000000
2016-04-08T00:00:00,-0.498075,2016-04-08T17:00:00,43.844165,5.000000
2016-04-09T00:00:00,-0.927586,2016-04-09T17:00:00,43.145363,5.000000
2016-04-10T00:00:00,-0.806013,2016-04-10T17:00:00,42.830939,5.000000
2016-04-11T00:00:00,-0.554278,2016-04-11T17:00:00,42.600296,5.000000
2016-04-12T00:00:00,-0.743744,2016-04-12T17:00:00,42.454089,5.000000
2016-04-13T00:00:00,-1.068992,2016-04-13T17:00:00,42.485063,5.000000
2016-04-14T00:00:00,-0.719836,2016-04-14T17:00:00,42.323174,5.000000
2016-04-15T00:00:00,-0.618188,2016-04-15T17:00:00,43.055232,5.000000
2016-04-16T00:00:00,-0.647802,2016-04-16T17:00:00,43.008725,5.000000
2016-04-17T00:00:00,-1.042129,2016-04-17T17:00:00,43.094366,5.000000
2016-04-18T00:00:00,-1.440566,2016-04-18T17:00:00,42.447619,5.000000
2016-04-19T00:00:00,-0.609145,2016-04-19T17:00:00,42.649496,5.000000
2016-04-20T00:00:00,-0.542946,2016-04-20T17:00:00,42.374333,5.000000
2016-04-21T00:00:00,-1.213585,2016-04-21T17:00:00,42.339127,5.000000
2016-04-22T00:00:00,-1.027154,2016-04-22T17:00:00,41.740105,5.000000
2016-04-23T00:00:00,-1.261824,2016-04-23T17:00:00,41.643613,5.000000
2016-04-24T00:00:00,-1.425617,2016-04-24T17:00:00,41.850568,5.000000
2016-04-25T00:00:00,-1.718857,2016-04-25T17:00:00,41.874616,5.000000
2016-04-26T00:00:00,-0.701153,2016-04-26T17:00:00,41.985574,5.000000
2016-04-27T00:00:00,-0.280431,2016-04-27T17:00:00,41.416285,5.000000
2016-04-28T00:00:00,0.257313,2016-04-28T17:00:00,40.952178,5.000000
2016-04-29T00:00:00,1.145689,2016-04-29T17:00:00,41.354595,5.000000
2016-04-30T00:00:00,1.401046,2016-04-30T17:00:00,41.342872,5.000000
2016-05-01T00:00:00,1.530112,2016-05-01T17:00:00,40.936995,5.000000
2016-05-02T00:00:00,1.349536,2016-05-02T17:00:00,40.513958,5.000000
2016-05-03T00:00:00,1.611946,2016-05-03T17:00:00,40.722907,5.000000
2016-05-04T00:00:00,1.441608,2016-05-04T17:00:00,40.641890,5.000000
2016-05-05T00:00:00,1.523102,2016-05-05T17:00:00,41.057194,5.000000
2016-05-06T00:00:00,1.472375,2016-05-06T17:00:00,41.009253,5.000000
2016-05-07T00:00:00,0.929300,2016-05-07T17:00:00,41.179784,5.000000
2016-05-08T00:00:00,0.493455,2016-05-08T17:00:00,41.858665,5.000000
2016-05-09T00:00:00,0.328966,2016-05-09T17:00:00,42.483553,5.000000
2016-05-10T00:00:00,0.669768,2016-05-10T17:00:00,42.398286,5.000000
2016-05-11T00:00:00,1.348760,2016-05-11T17:00:00,42.783755,5.000000
2016-05-12T00:00:00,1.070352,2016-05-12T17:00:00,42.746650,5.000000
2016-05-13T00:00:00,1.516952,2016-05-13T17:00:00,42.862876,5.000000
2016-05-14T00:00:00,1.326949,2016-05-14T17:00:00,42.817333,5.000000
2016-05-15T00:00:00,0.866702,2016-05-15T17:00:00,43.847497,5.000000
2016-05-16T00:00:00,0.820822,2016-05-16T17:00:00,44.421097,5.000000
2016-05-17T00:00:00,0.492744,2016-05-17T17:00:00,44.322131,5.000000
2016-05-18T00:00:00,0.461630,2016-05-18T17:00:00,44.033171,5.000000
2016-05-19T00:00:00,0.243096,2016-05-19T17:00:00,44.140711,5.000000
2016-05-20T00:00:00,-0.278711,2016-05-20T17:00:00,43.968943,5.000000
2016-05-21T00:00:00,-0.132785,2016-05-21T17:00:00,44.471423,5.000000
2016-05-22T00:00:00,-0.301202,2016-05-22T17:00:00,45.534167,5.000000
2016-05-23T00:00:00,-0.023213,2016-05-23T17:00:00,45.326685,5.000000
2016-05-24T00:00:00,-0.091985,2016-05-24T17:00:00,45.208775,5.000000
2016-05-25T00:00:00,0.540863,2016-05-25T17:00:00,45.364430,5.000000
2016-05-26T00:00:00,0.263533,2016-05-26T17:00:00,45.075128,5.000000
2016-05-27T00:00:00,0.921038,2016-05-27T17:00:00,45.641670,5.000000
2016-05-28T00:00:00,0.908113,2016-05-28T17:00:00,45.807737,5.000000
2016-05-29T00:00:00,0.116836,2016-05-29T17:00:00,45.732144,5.000000
2016-05-30T00:00:00,0.432120,2016-05-30T17:00:00,45.542780,5.000000
2016-05-31T00:00:00,-0.432570,2016-05-31T17:00:00,45.902731,5.000000
2016-06-01T00:00:00,-0.319594,2016-06-01T17:00:00,45.979696,5.000000
2016-06-02T00:00:00,-0.090783,2016-06-02T17:00:00,45.639968,5.000000
2016-06-03T00:00:00,-0.342852,2016-06-03T17:00:00,45.176875,5.000000
2016-06-04T00:00:00,-0.344122,2016-06-04T17:00:00,44.907585,5.000000
2016-06-05T00:00:00,-0.270918,2016-06-05T17:00:00,44.560771,5.000000
2016-06-06T00:00:00,-0.882194,2016-06-06T17:00:00,44.509863,5.000000
2016-06-07T00:00:00,-0.982976,2016-06-07T17:00:00,45.868127,5.000000
2016-06-08T00:00:00,-1.524847,2016-06-08T17:00:00,45.633212,5.000000
2016-06-09T00:00:00,-1.151474,2016-06-09T17:00:00,45.468437,5.000000
2016-06-10T00:00:00,-0.912327,2016-06-10T17:00:00,45.552396,5.000000
2016-06-11T00:00:00,-0.031896,2016-06-11T17:00:00,45.882535,5.000000
2016-06-12T00:00:00,0.649963,2016-06-12T17:00:00,45.511716,5.000000
2016-06-13T00:00:00,1.277691,2016-06-13T17:00:00,45.124905,5.000000
2016-06-14T00:00:00,1.097088,2016-06-14T17:00:00,45.568209,5.000000
2016-06-15T00:00:00,-0.324357,2016-06-15T17:00:00,46.019621,5.000000
2016-06-16T00:00:00,-1.129324,2016-06-16T17:00:00,46.467225,5.000000
2016-06-17T00:00:00,-1.161485,2016-06-17T17:00:00,46.306272,5.000000
2016-06-18T00:00:00,-1.406029,2016-06-18T17:00:00,45.718852,5.000000
2016-06-19T00:00:00,-0.519006,2016-06-19T17:00:00,45.682416,5.000000
2016-06-20T00:00:00,-1.178771,2016-06-20T17:00:00,44.792497,5.000000
2016-06-21T00:00:00,-1.267057,2016-06-21T17:00:00,45.386412,5.000000
2016-06-22T00:00:00,-1.527474,2016-06-22T17:00:00,44.429588,5.000000
2016-06-23T00:00:00,-0.648403,2016-06-23T17:00:00,43.860987,5.000000
2016-06-24T00:00:00,-0.226068,2016-06-24T17:00:00,43.349093,5.000000
2016-06-25T00:00:00,-0.065303,2016-06-25T17:00:00,43.643808,5.000000
2016-06-26T00:00:00,0.157384,2016-06-26T17:00:00,44.491542,5.000000
2016-06-27T00:00:00,0.063307,2016-06-27T17:00:00,44.089500,5.000000
2016-06-28T00:00:00,-0.247714,2016-06-28T17:00:00,44.198530,5.000000
2016-06-29T00:00:00,0.050943,2016-06-29T17:00:00,44.270134,5.000000
2016-06-30T00:00:00,0.622872,2016-06-30T17:00:00,44.211789,5.000000
2016-07-01T00:00:00,0.889529,2016-07-01T17:00:00,44.686646,5.000000
2016-07-02T00:00:00,1.181922,2016-07-02T17:00:00,45.888182,5.000000
2016-07-03T00:00:00,0.745448,2016-07-03T17:00:00,45.206768,5.000000
2016-07-04T00:00:00,0.718427,2016-07-04T17:00:00,45.158948,5.000000
2016-07-05T00:00:00,0.591453,2016-07-05T17:00:00,45.557953,5.000000
2016-07-06T00:00:00,0.442389,2016-07-06T17:00:00,45.984192,5.000000
2016-07-07T00:00:00,0.906286,2016-07-07T17:00:00,46.089734,5.000000
2016-07-08T00:00:00,-0.152187,2016-07-08T17:00:00,45.576856,5.000000
2016-07-09T00:00:00,-0.369094,2016-07-09T17:00:00,44.894133,5.000000
2016-07-10T00:00:00,-0.249307,2016-07-10T17:00:00,44.524120,5.000000
2016-07-11T00:00:00,0.444601,2016-07-11T17:00:00,43.820738,5.000000
2016-07-12T00:00:00,0.284901,2016-07-12T17:00:00,44.609005,5.000000
2016-07-13T00:00:00,0.763820,2016-07-13T17:00:00,44.020036,5.000000
2016-07-14T00:00:00,1.269695,2016-07-14T17:00:00,43.508453,5.000000
2016-07-15T00:00:00,1.057493,2016-07-15T17:00:00,42.902609,5.000000
2016-07-16T00:00:00,1.018765,2016-07-16T17:00:00,43.016234,5.000000
2016-07-17T00:00:00,-0.180074,2016-07-17T17:00:00,43.430370,5.000000
2016-07-18T00:00:00,-0.030985,2016-07-18T17:00:00,43.839709,5.000000
2016-07-19T00:00:00,0.080159,2016-07-19T17:00:00,43.564399,5.000000
2016-07-20T00:00:00,0.495494,2016-07-20T17:00:00,43.256861,5.000000
2016-07-21T00:00:00,0.270783,2016-07-21T17:00:00,42.292007,5.000000
2016-07-22T00:00:00,0.373266,2016-07-22T17:00:00,42.194565,5.000000
2016-07-23T00:00:00,0.178433,2016-07-23T17:00:00,42.770794,5.000000
2016-07-24T00:00:00,0.383862,2016-07-24T17:00:00,43.152744,5.000000
2016-07-25T00:00:00,0.067797,2016-07-25T17:00:00,42.924611,5.000000
2016-07-26T00:00:00,-0.287040,2016-07-26T17:00:00,42.464751,5.000000
2016-07-27T00:00:00,-0.042844,2016-07-27T17:00:00,42.200350,5.000000
2016-07-28T00:00:00,-0.057328,2016-07-28T17:00:00,42.242154,5.000000
2016-07-29T00:00:00,-0.148441,2016-07-29T17:00:00,41.959515,5.000000
2016-07-30T00:00:00,-0.207455,2016-07-30T17:00:00,42.215681,5.000000
2016-07-31T00:00:00,-0.182804,2016-07-31T17:00:00,42.479472,5.000000
2016-08-01T00:00:00,-0.591681,2016-08-01T17:00:00,41.840685,5.000000
2016-08-02T00:00:00,-0.943962,2016-08-02T17:00:00,41.120922,5.000000
2016-08-03T00:00:00,-1.059607,2016-08-03T17:00:00,40.602542,5.000000
2016-08-04T00:00:00,-1.172531,2016-08-04T17:00:00,40.783632,5.000000
2016-08-05T00:00:00,-1.356264,2016-08-05T17:00:00,40.465282,5.000000
2016-08-06T00:00:00,-1.980938,2016-08-06T17:00:00,39.820130,5.000000
2016-08-07T00:00:00,-1.871535,2016-08-07T17:00:00,39.861431,5.000000
2016-08-08T00:00:00,-2.092277,2016-08-08T17:00:00,39.531913,5.000000
2016-08-09T00:00:00,-1.215655,2016-08-09T17:00:00,39.268350,5.000000
2016-08-10T00:00:00,-0.483069,2016-08-10T17:00:00,38.860875,5.000000
2016-08-11T00:00:00,-0.006822,2016-08-11T17:00:00,39.258028,5.000000
2016-08-12T00:00:00,-0.528920,2016-08-12T17:00:00,38.914815,5.000000
2016-08-13T00:00:00,0.538913,2016-08-13T17:00:00,38.934900,5.000000
2016-08-14T00:00:00,-0.018527,2016-08-14T17:00:00,38.557945,5.000000
2016-08-15T00:00:00,0.609763,2016-08-15T17:00:00,38.902385,5.000000
2016-08-16T00:00:00,0.695101,2016-08-16T17:00:00,39.337052,5.000000
2016-08-17T00:00:00,0.844038,2016-08-17T17:00:00,39.456502,5.000000
2016-08-18T00:00:00,0.606096,2016-08-18T17:00:00,39.584154,5.000000
2016-08-19T00:00:00,0.504514,2016-08-19T17:00:00,39.795139,5.000000
2016-08-20T00:00:00,0.542644,2016-08-20T17:00:00,39.458506,5.000000
2016-08-21T00:00:00,0.412609,2016-08-21T17:00:00,40.144256,5.000000
2016-08-22T00:00:00,0.620064,2016-08-22T17:00:00,40.138793,5.000000
2016-08-23T00:00:00,0.764752,2016-08-23T17:00:00,40.003827,5.000000
2016-08-24T00:00:00,0.362413,2016-08-24T17:00:00,40.438574,5.000000
2016-08-25T00:00:00,-0.021115,2016-08-25T17:00:00,40.351813,5.000000
2016-08-26T00:00:00,0.882352,2016-08-26T17:00:00,40.027546,5.000000
2016-08-27T00:00:00,0.273443,2016-08-27T17:00:00,40.034365,5.000000
2016-08-28T00:00:00,0.715758,2016-08-28T17:00:00,40.378545,5.000000
2016-08-29T00:00:00,0.706965,2016-08-29T17:00:00,40.737645,5.000000
2016-08-30T00:00:00,0.543875,2016-08-30T17:00:00,40.766871,5.000000
2016-08-31T00:00:00,0.659109,2016-08-31T17:00:00,41.098319,5.000000
2016-09-01T00:00:00,0.627717,2016-09-01T17:00:00,40.392150,5.000000
2016-09-02T00:00:00,1.114711,2016-09-02T17:00:00,40.587684,5.000000
2016-09-03T00:00:00,1.344445,2016-09-03T17:00:00,41.529097,5.000000
2016-09-04T00:00:00,0.639258,2016-09-04T17:00:00,41.706296,5.000000
2016-09-05T00:00:00,-0.118690,2016-09-05T17:00:00,42.320626,5.000000
2016-09-06T00:00:00,0.020384,2016-09-06T17:00:00,43.449191,5.000000
2016-09-07T00:00:00,-0.132275,2016-09-07T17:00:00,43.558479,5.000000
2016-09-08T00:00:00,0.417487,2016-09-08T17:00:00,43.454358,5.000000
2016-09-09T00:00:00,0.600050,2016-09-09T17:00:00,43.109389,5.000000
2016-09-10T00:00:00,0.524600,2016-09-10T17:00:00,43.305534,5.000000
2016-09-11T00:00:00,-0.293672,2016-09-11T17:00:00,43.748223,5.000000
2016-09-12T00:00:00,-0.369256,2016-09-12T17:00:00,43.214857,5.000000
2016-09-13T00:00:00,-0.162192,2016-09-13T17:00:00,43.413024,5.000000
2016-09-14T00:00:00,-0.264261,2016-09-14T17:00:00,44.282842,5.000000
2016-09-15T00:00:00,-0.875784,2016-09-15T17:00:00,44.226393,5.000000
2016-09-16T00:00:00,-0.806266,2016-09-16T17:00:00,43.834144,5.000000
2016-09-17T00:00:00,-0.300813,2016-09-17T17:00:00,43.135037,5.000000
2016-09-18T00:00:00,-0.217584,2016-09-18T17:00:00,42.173001,5.000000
2016-09-19T00:00:00,-0.187801,2016-09-19T17:00:00,41.667767,5.000000
2016-09-20T00:00:00,0.495811,2016-09-20T17:00:00,42.028012,5.000000
2016-09-21T00:00:00,0.145446,2016-09-21T17:00:00,42.207109,5.000000
2016-09-22T00:00:00,0.682374,2016-09-22T17:00:00,42.441015,5.000000
2016-09-23T00:00:00,0.919759,2016-09-23T17:00:00,43.486549,5.000000
2016-09-24T00:00:00,0.890155,2016-09-24T17:00:00,43.629512,5.000000
2016-09-25T00:00:00,0.665835,2016-09-25T17:00:00,43.984863,5.000000
2016-09-26T00:00:00,1.043389,2016-09-26T17:00:00,43.488235,5.000000
2016-09-27T00:00:00,0.223678,2016-09-27T17:00:00,43.872507,5.000000
2016-09-28T00:00:00,0.061532,2016-09-28T17:00:00,44.001741,5.000000
2016-09-29T00:00:00,0.080577,2016-09-29T17:00:00,43.723118,5.000000
2016-09-30T00:00:00,0.041138,2016-09-30T17:00:00,43.609497,5.000000
2016-10-01T00:00:00,0.173504,2016-10-01T17:00:00,43.819703,5.000000
2016-10-02T00:00:00,-0.602733,2016-10-02T17:00:00,44.088401,5.000000
2016-10-03T00:00:00,-1.111043,2016-10-03T17:00:00,43.828709,5.000000
2016-10-04T00:00:00,-0.895206,2016-10-04T17:00:00,43.907799,5.000000
2016-10-05T00:00:00,-1.153923,2016-10-05T17:00:00,43.796106,5.000000
2016-10-06T00:00:00,-0.737993,2016-10-06T17:00:00,44.152697,5.000000
2016-10-07T00:00:00,-0.265697,2016-10-07T17:00:00,43.901100,5.000000
2016-10-08T00:00:00,0.711582,2016-10-08T17:00:00,43.467047,5.000000
2016-10-09T00:00:00,0.774277,2016-10-09T17:00:00,43.009592,5.000000
2016-10-10T00:00:00,0.630216,2016-10-10T17:00:00,42.422553,5.000000
2016-10-11T00:00:00,0.562778,2016-10-11T17:00:00,42.227070,5.000000
2016-10-12T00:00:00,0.600192,2016-10-12T17:00:00,42.642039,5.000000
2016-10-13T00:00:00,0.863534,2016-10-13T17:00:00,43.135728,5.000000
2016-10-14T00:00:00,1.023293,2016-10-14T17:00:00,42.742932,5.000000
2016-10-15T00:00:00,0.639823,2016-10-15T17:00:00,42.946666,5.000000
2016-10-16T00:00:00,0.653394,2016-10-16T17:00:00,42.579942,5.000000
2016-10-17T00:00:00,1.549345,2016-10-17T17:00:00,42.758049,5.000000
2016-10-18T00:00:00,1.577899,2016-10-18T17:00:00,42.453680,5.000000
2016-10-19T00:00:00,1.309476,2016-10-19T17:00:00,42.413933,5.000000
2016-10-20T00:00:00,0.826516,2016-10-20T17:00:00,42.367084,5.000000
2016-10-21T00:00:00,0.968403,2016-10-21T17:00:00,41.450263,5.000000
2016-10-22T00:00:00,1.532425,2016-10-22T17:00:00,41.478344,5.000000
2016-10-23T00:00:00,0.529282,2016-10-23T17:00:00,42.032111,5.000000
2016-10-24T00:00:00,0.433959,2016-10-24T17:00:00,42.471816,5.000000
2016-10-25T00:00:00,0.250603,2016-10-25T17:00:00,42.976449,5.000000
2016-10-26T00:00:00,0.013851,2016-10-26T17:00:00,42.815293,5.000000
2016-10-27T00:00:00,0.467809,2016-10-27T17:00:00,43.935521,5.000000
2016-10-28T00:00:00,0.325248,2016-10-28T17:00:00,44.051699,5.000000
2016-10-29T00:00:00,-0.099981,2016-10-29T17:00:00,43.585717,5.000000
2016-10-30T00:00:00,-0.415970,2016-10-30T17:00:00,43.806767,5.000000
2016-10-31T00:00:00,-1.110337,2016-10-31T17:00:00,43.687317,5.000000
2016-11-01T00:00:00,-1.014161,2016-11-01T17:00:00,43.743759,5.000000
2016-11-02T00:00:00,-0.191718,2016-11-02T17:00:00,43.304659,5.000000
2016-11-03T00:00:00,0.364691,2016-11-03T17:00:00,43.130967,5.000000
2016-11-04T00:00:00,0.571242,2016-11-04T17:00:00,43.597785,5.000000
2016-11-05T00:00:00,1.391666,2016-11-05T17:00:00,43.416465,5.000000
2016-11-06T00:00:00,0.950058,2016-11-06T17:00:00,43.166320,5.000000
2016-11-07T00:00:00,1.172324,2016-11-07T17:00:00,42.914917,5.000000
2016-11-08T00:00:00,1.180880,2016-11-08T17:00:00,42.867895,5.000000
2016-11-09T00:00:00,0.822746,2016-11-09T17:00:00,42.960608,5.000000
2016-11-10T00:00:00,0.263595,2016-11-10T17:00:00,42.719461,5.000000
2016-11-11T00:00:00,0.564499,2016-11-11T17:00:00,42.814825,5.000000
2016-11-12T00:00:00,-0.663092,2016-11-12T17:00:00,43.224114,5.000000
2016-11-13T00:00:00,-0.040290,2016-11-13T17:00:00,43.083838,5.000000
2016-11-14T00:00:00,-0.166372,2016-11-14T17:00:00,42.893427,5.000000
2016-11-15T00:00:00,-0.708275,2016-11-15T17:00:00,42.576429,5.000000
2016-11-16T00:00:00,-1.094915,2016-11-16T17:00:00,42.903323,5.000000
2016-11-17T00:00:00,-2.070624,2016-11-17T17:00:00,43.370979,5.000000
2016-11-18T00:00:00,-1.451599,2016-11-18T17:00:00,43.522412,5.000000
2016-11-19T00:00:00,-1.281659,2016-11-19T17:00:00,43.061903,5.000000
2016-11-20T00:00:00,-1.079513,2016-11-20T17:00:00,42.865289,5.000000
2016-11-21T00:00:00,-1.643350,2016-11-21T17:00:00,42.560225,5.000000
2016-11-22T00:00:00,-1.377202,2016-11-22T17:00:00,42.539867,5.000000
2016-11-23T00:00:00,-0.907875,2016-11-23T17:00:00,42.733817,5.000000
2016-11-24T00:00:00,-0.742959,2016-11-24T17:00:00,42.871252,5.000000
2016-11-25T00:00:00,-1.510118,2016-11-25T17:00:00,43.498697,5.000000
2016-11-26T00:00:00,-1.394637,2016-11-26T17:00:00,43.500643,5.000000
2016-11-27T00:00:00,-1.485659,2016-11-27T17:00:00,42.129428,5.000000
2016-11-28T00:00:00,-1.303690,2016-11-28T17:00:00,41.954525,5.000000
2016-11-29T00:00:00,-0.782230,2016-11-29T17:00:00,42.000410,5.000000
2016-11-30T00:00:00,-0.299503,2016-11-30T17:00:00,41.852343,5.000000
2016-12-01T00:00:00,-0.250790,2016-12-01T17:00:00,41.457839,5.000000
2016-12-02T00:00:00,-0.826682,2016-12-02T17:00:00,41.198293,5.000000
2016-12-03T00:00:00,-0.858265,2016-12-03T17:00:00,42.494805,5.000000
2016-12-04T00:00:00,-1.206731,2016-12-04T17:00:00,42.422243,5.000000
2016-12-05T00:00:00,-0.370923,2016-12-05T17:00:00,42.583090,5.000000
2016-12-06T00:00:00,-0.182443,2016-12-06T17:00:00,42.341803,5.000000
2016-12-07T00:00:00,0.113845,2016-12-07T17:00:00,41.279245,5.000000
2016-12-08T00:00:00,0.491368,2016-12-08T17:00:00,40.971685,5.000000
2016-12-09T00:00:00,0.506978,2016-12-09T17:00:00,40.567593,5.000000
2016-12-10T00:00:00,0.754342,2016-12-10T17:00:00,41.617784,5.000000
2016-12-11T00:00:00,0.892532,2016-12-11T17:00:00,41.571037,5.000000
2016-12-12T00:00:00,0.635086,2016-12-12T17:00:00,41.563079,5.000000
2016-12-13T00:00:00,0.552916,2016-12-13T17:00:00,41.300060,5.000000
2016-12-14T00:00:00,0.796779,2016-12-14T17:00:00,41.149779,5.000000
2016-12-15T00:00:00,0.958170,2016-12-15T17:00:00,41.315690,5.000000
2016-12-16T00:00:00,0.176886,2016-12-16T17:00:00,41.416075,5.000000
2016-12-17T00:00:00,1.038849,2016-12-17T17:00:00,41.195872,5.000000
2016-12-18T00:00:00,0.426095,2016-12-18T17:00:00,41.499191,5.000000
2016-12-19T00:00:00,0.546842,2016-12-19T17:00:00,41.648417,5.000000
2016-12-20T00:00:00,0.312191,2016-12-20T17:00:00,42.013189,5.000000
2016-12-21T00:00:00,-0.281515,2016-12-21T17:00:00,41.946474,5.000000
2016-12-22T00:00:00,-0.767613,2016-12-22T17:00:00,41.693456,5.000000
2016-12-23T00:00:00,-0.118762,2016-12-23T17:00:00,41.657391,5.000000
2016-12-24T00:00:00,-0.085803,2016-12-24T17:00:00,41.098940,5.000000
2016-12-25T00:00:00,-0.040709,2016-12-25T17:00:00,41.408023,5.000000
2016-12-26T00:00:00,0.007667,2016-12-26T17:00:00,41.040173,5.000000
2016-12-27T00:00:00,-0.168300,2016-12-27T17:00:00,40.657381,5.000000
2016-12-28T00:00:00,0.184104,2016-12-28T17:00:00,40.064002,5.000000
2016-12-29T00:00:00,0.526906,2016-12-29T17:00:00,39.976568,5.000000
2016-12-30T00:00:00,0.798684,2016-12-30T17:00:00,40.982165,5.000000
2016-12-31T00:00:00,0.783010,2016-12-31T17:00:00,40.797839,5.000000
2017-01-01T00:00:00,0.704675,2017-01-01T17:00:00,39.943708,5.000000
2017-01-02T00:00:00,0.711362,2017-01-02T17:00:00,39.662277,5.000000
2017-01-03T00:00:00,-0.093555,2017-01-03T17:00:00,40.313006,5.000000
2017-01-04T00:00:00,-0.449272,2017-01-04T17:00:00,41.254396,5.000000
2017-01-05T00:00:00,0.444544,2017-01-05T17:00:00,41.540703,5.000000
2017-01-06T00:00:00,0.407440,2017-01-06T17:00:00,41.459722,5.000000
2017-01-07T00:00:00,1.077908,2017-01-07T17:00:00,40.816076,5.000000
2017-01-08T00:00:00,1.342106,2017-01-08T17:00:00,41.277647,5.000000
2017-01-09T00:00:00,1.225167,2017-01-09T17:00:00,41.113814,5.000000
2017-01-10T00:00:00,1.076944,2017-01-10T17:00:00,40.976721,5.000000
2017-01-11T00:00:00,1.229054,2017-01-11T17:00:00,41.469417,5.000000
2017-01-12T00:00:00,1.484543,2017-01-12T17:00:00,41.390414,5.000000
2017-01-13T00:00:00,0.879683,2017-01-13T17:00:00,41.450102,5.000000
2017-01-14T00:00:00,0.927143,2017-01-14T17:00:00,41.968255,5.000000
2017-01-15T00:00:00,-0.047747,2017-01-15T17:00:00,42.285271,5.000000
2017-01-16T00:00:00,0.087474,2017-01-16T17:00:00,41.914845,5.000000
2017-01-17T00:00:00,0.110640,2017-01-17T17:00:00,40.908743,5.000000
2017-01-18T00:00:00,0.206456,2017-01-18T17:00:00,40.563597,5.000000
2017-01-19T00:00:00,0.450078,2017-01-19T17:00:00,41.122149,5.000000
2017-01-20T00:00:00,0.929564,2017-01-20T17:00:00,41.412258,5.000000
2017-01-21T00:00:00,0.493057,2017-01-21T17:00:00,41.602387,5.000000
2017-01-22T00:00:00,0.841281,2017-01-22T17:00:00,41.572470,5.000000
2017-01-23T00:00:00,1.248888,2017-01-23T17:00:00,40.878086,5.000000
2017-01-24T00:00:00,0.522956,2017-01-24T17:00:00,41.579994,5.000000
2017-01-25T00:00:00,-0.031984,2017-01-25T17:00:00,41.685776,5.000000
2017-01-26T00:00:00,-0.078905,2017-01-26T17:00:00,41.175311,5.000000
2017-01-27T00:00:00,-0.438104,2017-01-27T17:00:00,41.043408,5.000000
2017-01-28T00:00:00,0.079842,2017-01-28T17:00:00,41.300034,5.000000
2017-01-29T00:00:00,0.349775,2017-01-29T17:00:00,41.185934,5.000000
2017-01-30T00:00:00,0.392719,2017-01-30T17:00:00,40.899647,5.000000
2017-01-31T00:00:00,0.375015,2017-01-31T17:00:00,40.723152,5.000000
2017-02-01T00:00:00,0.910258,2017-02-01T17:00:00,40.767558,5.000000
2017-02-02T00:00:00,0.929340,2017-02-02T17:00:00,41.566854,5.000000
2017-02-03T00:00:00,0.965115,2017-02-03T17:00:00,41.857877,5.000000
2017-02-04T00:00:00,2.284571,2017-02-04T17:00:00,41.322233,5.000000
2017-02-05T00:00:00,1.941154,2017-02-05T17:00:00,41.083306,5.000000
2017-02-06T00:00:00,2.320851,2017-02-06T17:00:00,41.459060,5.000000
2017-02-07T00:00:00,2.047245,2017-02-07T17:00:00,41.843202,5.000000
2017-02-08T00:00:00,1.557320,2017-02-08T17:00:00,41.907429,5.000000
2017-02-09T00:00:00,1.499190,2017-02-09T17:00:00,41.689759,5.000000
2017-02-10T00:00:00,1.704854,2017-02-10T17:00:00,41.932001,5.000000
2017-02-11T00:00:00,1.152218,2017-02-11T17:00:00,42.448786,5.000000
2017-02-12T00:00:00,1.244138,2017-02-12T17:00:00,42.894297,5.000000
2017-02-13T00:00:00,1.195971,2017-02-13T17:00:00,42.845870,5.000000
2017-02-14T00:00:00,0.695122,2017-02-14T17:00:00,43.112342,5.000000
2017-02-15T00:00:00,1.410468,2017-02-15T17:00:00,43.369811,5.000000
2017-02-16T00:00:00,0.766396,2017-02-16T17:00:00,43.534611,5.000000
2017-02-17T00:00:00,0.538094,2017-02-17T17:00:00,43.522738,5.000000
2017-02-18T00:00:00,0.973051,2017-02-18T17:00:00,44.158493,5.000000
2017-02-19T00:00:00,1.575025,2017-02-19T17:00:00,44.223043,5.000000
2017-02-20T00:00:00,1.591897,2017-02-20T17:00:00,44.547486,5.000000
2017-02-21T00:00:00,1.582865,2017-02-21T17:00:00,44.464670,5.000000
2017-02-22T00:00:00,1.399455,2017-02-22T17:00:00,43.999227,5.000000
2017-02-23T00:00:00,0.430192,2017-02-23T17:00:00,43.725449,5.000000
2017-02-24T00:00:00,-0.111090,2017-02-24T17:00:00,43.967376,5.000000
2017-02-25T00:00:00,0.508061,2017-02-25T17:00:00,43.234445,5.000000
2017-02-26T00:00:00,-0.074133,2017-02-26T17:00:00,43.475259,5.000000
2017-02-27T00:00:00,-0.092498,2017-02-27T17:00:00,43.339305,5.000000
2017-02-28T00:00:00,0.071396,2017-02-28T17:00:00,43.829233,5.000000
2017-03-01T00:00:00,-0.096131,2017-03-01T17:00:00,43.382573,5.000000
2017-03-02T00:00:00,-0.003059,2017-03-02T17:00:00,43.579731,5.000000
2017-03-03T00:00:00,0.121442,2017-03-03T17:00:00,44.056992,5.000000
2017-03-04T00:00:00,0.505321,2017-03-04T17:00:00,43.801182,5.000000
2017-03-05T00:00:00,0.345462,2017-03-05T17:00:00,44.073977,5.000000
2017-03-06T00:00:00,0.459139,2017-03-06T17:00:00,43.978421,5.000000
2017-03-07T00:00:00,0.471229,2017-03-07T17:00:00,42.707414,5.000000
2017-03-08T00:00:00,-0.391734,2017-03-08T17:00:00,43.350470,5.000000
2017-03-09T00:00:00,-0.678260,2017-03-09T17:00:00,43.823141,5.000000
2017-03-10T00:00:00,-0.480785,2017-03-10T17:00:00,43.317901,5.000000
2017-03-11T00:00:00,-0.186388,2017-03-11T17:00:00,43.812241,5.000000
2017-03-12T00:00:00,-0.748489,2017-03-12T17:00:00,43.754238,5.000000
2017-03-13T00:00:00,-0.903797,2017-03-13T17:00:00,43.911476,5.000000
2017-03-14T00:00:00,-0.616046,2017-03-14T17:00:00,44.042496,5.000000
2017-03-15T00:00:00,-1.263777,2017-03-15T17:00:00,44.090641,5.000000
2017-03-16T00:00:00,-0.549462,2017-03-16T17:00:00,44.217860,5.000000
2017-03-17T00:00:00,-1.279059,2017-03-17T17:00:00,43.992867,5.000000
2017-03-18T00:00:00,-1.496676,2017-03-18T17:00:00,44.111944,5.000000
2017-03-19T00:00:00,-1.390646,2017-03-19T17:00:00,43.366065,5.000000
2017-03-20T00:00:00,-1.363026,2017-03-20T17:00:00,42.742553,5.000000
2017-03-21T00:00:00,-1.579339,2017-03-21T17:00:00,42.826593,5.000000
2017-03-22T00:00:00,-0.795636,2017-03-22T17:00:00,42.836958,5.000000
2017-03-23T00:00:00,-0.101426,2017-03-23T17:00:00,42.143170,5.000000
2017-03-24T00:00:00,0.116552,2017-03-24T17:00:00,42.544558,5.000000
2017-03-25T00:00:00,0.007305,2017-03-25T17:00:00,42.665969,5.000000
2017-03-26T00:00:00,-0.091100,2017-03-26T17:00:00,41.981758,5.000000
2017-03-27T00:00:00,-0.272758,2017-03-27T17:00:00,42.744997,5.000000
2017-03-28T00:00:00,-0.152364,2017-03-28T17:00:00,42.798594,5.000000
2017-03-29T00:00:00,-0.279201,2017-03-29T17:00:00,42.530049,5.000000
2017-03-30T00:00:00,0.167483,2017-03-30T17:00:00,42.319191,5.000000
2017-03-31T00:00:00,0.207232,2017-03-31T17:00:00,42.429099,5.000000
2017-04-01T00:00:00,-0.119922,2017-04-01T17:00:00,42.609457,5.000000
2017-04-02T00:00:00,0.762196,2017-04-02T17:00:00,43.346004,5.000000
2017-04-03T00:00:00,0.529803,2017-04-03T17:00:00,43.392986,5.000000
2017-04-04T00:00:00,1.177074,2017-04-04T17:00:00,43.390622,5.000000
2017-04-05T00:00:00,1.366642,2017-04-05T17:00:00,42.543549,5.000000
2017-04-06T00:00:00,1.318738,2017-04-06T17:00:00,42.401509,5.000000
2017-04-07T00:00:00,1.062099,2017-04-07T17:00:00,42.823913,5.000000
2017-04-08T00:00:00,1.430173,2017-04-08T17:00:00,43.494888,5.000000
2017-04-09T00:00:00,1.240153,2017-04-09T17:00:00,43.027011,5.000000
2017-04-10T00:00:00,0.946478,2017-04-10T17:00:00,43.344698,5.000000
2017-04-11T00:00:00,0.729176,2017-04-11T17:00:00,43.752993,5.000000
2017-04-12T00:00:00,0.714165,2017-04-12T17:00:00,43.781731,5.000000
2017-04-13T00:00:00,0.716070,2017-04-13T17:00:00,43.619357,5.000000
2017-04-14T00:00:00,0.543959,2017-04-14T17:00:00,43.389338,5.000000
2017-04-15T00:00:00,0.667978,2017-04-15T17:00:00,43.635650,5.000000
2017-04-16T00:00:00,-0.132815,2017-04-16T17:00:00,43.681853,5.000000
2017-04-17T00:00:00,-0.786777,2017-04-17T17:00:00,43.489398,5.000000
2017-04-18T00:00:00,-1.332193,2017-04-18T17:00:00,43.227885,5.000000
2017-04-19T00:00:00,-1.496678,2017-04-19T17:00:00,42.832629,5.000000
2017-04-20T00:00:00,-1.016991,2017-04-20T17:00:00,42.553905,5.000000
2017-04-21T00:00:00,-0.361991,2017-04-21T17:00:00,42.045989,5.000000
2017-04-22T00:00:00,-1.285815,2017-04-22T17:00:00,41.885531,5.000000
2017-04-23T00:00:00,-1.688063,2017-04-23T17:00:00,42.145936,5.000000
2017-04-24T00:00:00,-1.452443,2017-04-24T17:00:00,41.730834,5.000000
2017-04-25T00:00:00,-0.875897,2017-04-25T17:00:00,41.225698,5.000000
2017-04-26T00:00:00,-0.260817,2017-04-26T17:00:00,41.135698,5.000000
2017-04-27T00:00:00,0.290773,2017-04-27T17:00:00,40.882992,5.000000
2017-04-28T00:00:00,-0.432772,2017-04-28T17:00:00,41.052957,5.000000
2017-04-29T00:00:00,0.267336,2017-04-29T17:00:00,41.072709,5.000000
2017-04-30T00:00:00,-0.375172,2017-04-30T17:00:00,41.201342,5.000000
2017-05-01T00:00:00,-0.439696,2017-05-01T17:00:00,40.863429,5.000000
2017-05-02T00:00:00,0.319322,2017-05-02T17:00:00,40.821102,5.000000
2017-05-03T00:00:00,0.762142,2017-05-03T17:00:00,40.660486,5.000000
2017-05-04T00:00:00,1.010657,2017-05-04T17:00:00,40.263359,5.000000
2017-05-05T00:00:00,0.783006,2017-05-05T17:00:00,40.937317,5.000000
2017-05-06T00:00:00,0.619543,2017-05-06T17:00:00,41.611353,5.000000
2017-05-07T00:00:00,0.700254,2017-05-07T17:00:00,41.616893,5.000000
2017-05-08T00:00:00,1.010362,2017-05-08T17:00:00,41.456115,5.000000
2017-05-09T00:00:00,0.258784,2017-05-09T17:00:00,41.618449,5.000000
2017-05-10T00:00:00,0.587927,2017-05-10T17:00:00,41.132981,5.000000
2017-05-11T00:00:00,0.497316,2017-05-11T17:00:00,41.255204,5.000000
2017-05-12T00:00:00,1.405557,2017-05-12T17:00:00,41.337568,5.000000
2017-05-13T00:00:00,0.767158,2017-05-13T17:00:00,41.740107,5.000000
2017-05-14T00:00:00,0.408021,2017-05-14T17:00:00,41.990165,5.000000
2017-05-15T00:00:00,0.547635,2017-05-15T17:00:00,42.283740,5.000000
2017-05-16T00:00:00,0.411419,2017-05-16T17:00:00,42.012043,5.000000
2017-05-17T00:00:00,0.257664,2017-05-17T17:00:00,42.033773,5.000000
2017-05-18T00:00:00,-0.357048,2017-05-18T17:00:00,42.926014,5.000000
2017-05-19T00:00:00,-0.137518,2017-05-19T17:00:00,42.158826,5.000000
2017-05-20T00:00:00,-0.159999,2017-05-20T17:00:00,42.872847,5.000000
2017-05-21T00:00:00,0.043288,2017-05-21T17:00:00,43.012016,5.000000
2017-05-22T00:00:00,-0.122909,2017-05-22T17:00:00,42.806090,5.000000
2017-05-23T00:00:00,-0.721167,2017-05-23T17:00:00,42.801701,5.000000
2017-05-24T00:00:00,-0.933491,2017-05-24T17:00:00,42.417834,5.000000
2017-05-25T00:00:00,-0.741987,2017-05-25T17:00:00,42.114955,5.000000
2017-05-26T00:00:00,0.163488,2017-05-26T17:00:00,41.760519,5.000000
2017-05-27T00:00:00,1.035394,2017-05-27T17:00:00,41.875491,5.000000
2017-05-28T00:00:00,1.296169,2017-05-28T17:00:00,42.381444,5.000000
2017-05-29T00:00:00,1.121860,2017-05-29T17:00:00,42.350629,5.000000
2017-05-30T00:00:00,1.055190,2017-05-30T17:00:00,42.502555,5.000000
2017-05-31T00:00:00,1.448622,2017-05-31T17:00:00,42.203773,5.000000
2017-06-01T00:00:00,0.940459,2017-06-01T17:00:00,42.440117,5.000000
2017-06-02T00:00:00,1.095046,2017-06-02T17:00:00,42.495872,5.000000
2017-06-03T00:00:00,1.586624,2017-06-03T17:00:00,42.851756,5.000000
2017-06-04T00:00:00,0.980418,2017-06-04T17:00:00,42.845851,5.000000
2017-06-05T00:00:00,0.306238,2017-06-05T17:00:00,43.088033,5.000000
2017-06-06T00:00:00,0.594038,2017-06-06T17:00:00,42.855701,5.000000
2017-06-07T00:00:00,1.208298,2017-06-07T17:00:00,43.260583,5.000000
2017-06-08T00:00:00,1.287962,2017-06-08T17:00:00,43.076680,5.000000
2017-06-09T00:00:00,0.884077,2017-06-09T17:00:00,42.653942,5.000000
2017-06-10T00:00:00,-0.116655,2017-06-10T17:00:00,43.784676,5.000000
2017-06-11T00:00:00,0.490038,2017-06-11T17:00:00,43.830688,5.000000
2017-06-12T00:00:00,0.405534,2017-06-12T17:00:00,43.522163,5.000000
2017-06-13T00:00:00,0.189074,2017-06-13T17:00:00,44.403495,5.000000
2017-06-14T00:00:00,0.303504,2017-06-14T17:00:00,44.114862,5.000000
2017-06-15T00:00:00,-0.090416,2017-06-15T17:00:00,43.652097,5.000000
2017-06-16T00:00:00,0.171799,2017-06-16T17:00:00,42.897291,5.000000
2017-06-17T00:00:00,0.133990,2017-06-17T17:00:00,42.616525,5.000000
2017-06-18T00:00:00,-0.524862,2017-06-18T17:00:00,43.169553,5.000000
2017-06-19T00:00:00,-1.166402,2017-06-19T17:00:00,43.329285,5.000000
2017-06-20T00:00:00,-0.656485,2017-06-20T17:00:00,43.792643,5.000000
2017-06-21T00:00:00,-0.113716,2017-06-21T17:00:00,44.106468,5.000000
2017-06-22T00:00:00,-0.814889,2017-06-22T17:00:00,43.947079,5.000000
2017-06-23T00:00:00,-0.356415,2017-06-23T17:00:00,44.126892,5.000000
2017-06-24T00:00:00,0.020391,2017-06-24T17:00:00,44.809854,5.000000
2017-06-25T00:00:00,0.276401,2017-06-25T17:00:00,44.538987,5.000000
2017-06-26T00:00:00,0.132178,2017-06-26T17:00:00,43.889413,5.000000
2017-06-27T00:00:00,0.524812,2017-06-27T17:00:00,43.553719,5.000000
2017-06-28T00:00:00,0.397841,2017-06-28T17:00:00,44.518936,5.000000
2017-06-29T00:00:00,-0.182227,2017-06-29T17:00:00,45.051062,5.000000
2017-06-30T00:00:00,0.069667,2017-06-30T17:00:00,45.461815,5.000000
2017-07-01T00:00:00,-0.708331,2017-07-01T17:00:00,45.233868,5.000000
2017-07-02T00:00:00,-0.325123,2017-07-02T17:00:00,45.165888,5.000000
2017-07-03T00:00:00,-0.148371,2017-07-03T17:00:00,45.174588,5.000000
2017-07-04T00:00:00,0.347523,2017-07-04T17:00:00,45.461547,5.000000
2017-07-05T00:00:00,0.778354,2017-07-05T17:00:00,46.138400,5.000000
2017-07-06T00:00:00,0.803715,2017-07-06T17:00:00,46.132768,5.000000
2017-07-07T00:00:00,0.780931,2017-07-07T17:00:00,47.044832,5.000000
2017-07-08T00:00:00,0.557099,2017-07-08T17:00:00,47.245666,5.000000
2017-07-09T00:00:00,0.123451,2017-07-09T17:00:00,46.584803,5.000000
2017-07-10T00:00:00,0.022027,2017-07-10T17:00:00,46.541220,5.000000
2017-07-11T00:00:00,-0.218548,2017-07-11T17:00:00,46.824877,5.000000
2017-07-12T00:00:00,0.712311,2017-07-12T17:00:00,46.484332,5.000000
2017-07-13T00:00:00,0.878599,2017-07-13T17:00:00,46.476782,5.000000
2017-07-14T00:00:00,1.112296,2017-07-14T17:00:00,45.882548,5.000000
2017-07-15T00:00:00,1.051350,2017-07-15T17:00:00,46.385241,5.000000
2017-07-16T00:00:00,1.047110,2017-07-16T17:00:00,46.374784,5.000000
2017-07-17T00:00:00,1.704211,2017-07-17T17:00:00,45.441772,5.000000
2017-07-18T00:00:00,1.346687,2017-07-18T17:00:00,45.886107,5.000000
2017-07-19T00:00:00,1.455759,2017-07-19T17:00:00,45.166745,5.000000
2017-07-20T00:00:00,1.294562,2017-07-20T17:00:00,44.282980,5.000000
2017-07-21T00:00:00,1.360792,2017-07-21T17:00:00,44.678381,5.000000
2017-07-22T00:00:00,0.644216,2017-07-22T17:00:00,45.233426,5.000000
2017-07-23T00:00:00,0.545460,2017-07-23T17:00:00,45.572962,5.000000
2017-07-24T00:00:00,0.335135,2017-07-24T17:00:00,45.634564,5.000000
2017-07-25T00:00:00,0.363556,2017-07-25T17:00:00,46.031722,5.000000
2017-07-26T00:00:00,0.421994,2017-07-26T17:00:00,46.075187,5.000000
2017-07-27T00:00:00,0.540345,2017-07-27T17:00:00,46.366719,5.000000
2017-07-28T00:00:00,0.191826,2017-07-28T17:00:00,46.849480,5.000000
2017-07-29T00:00:00,-0.658494,2017-07-29T17:00:00,47.215873,5.000000
2017-07-30T00:00:00,-0.469784,2017-07-30T17:00:00,47.237616,5.000000
2017-07-31T00:00:00,-0.420889,2017-07-31T17:00:00,46.691618,5.000000
2017-08-01T00:00:00,-0.173319,2017-08-01T17:00:00,47.643437,5.000000
2017-08-02T00:00:00,-0.176059,2017-08-02T17:00:00,47.070567,5.000000
2017-08-03T00:00:00,0.194579,2017-08-03T17:00:00,46.794233,5.000000
2017-08-04T00:00:00,-0.261559,2017-08-04T17:00:00,47.450503,5.000000
2017-08-05T00:00:00,-0.189495,2017-08-05T17:00:00,47.319144,5.000000
2017-08-06T00:00:00,-0.194436,2017-08-06T17:00:00,47.630455,5.000000
2017-08-07T00:00:00,-0.379226,2017-08-07T17:00:00,48.829573,5.000000
2017-08-08T00:00:00,-0.276722,2017-08-08T17:00:00,47.974434,5.000000
2017-08-09T00:00:00,0.417745,2017-08-09T17:00:00,47.279669,5.000000
2017-08-10T00:00:00,0.438240,2017-08-10T17:00:00,47.021591,5.000000
2017-08-11T00:00:00,0.470948,2017-08-11T17:00:00,46.726298,5.000000
2017-08-12T00:00:00,0.378983,2017-08-12T17:00:00,47.382904,5.000000
2017-08-13T00:00:00,0.573633,2017-08-13T17:00:00,47.393676,5.000000
2017-08-14T00:00:00,0.447548,2017-08-14T17:00:00,47.836989,5.000000
2017-08-15T00:00:00,0.245101,2017-08-15T17:00:00,48.203790,5.000000
2017-08-16T00:00:00,0.219212,2017-08-16T17:00:00,47.650621,5.000000
2017-08-17T00:00:00,-0.210035,2017-08-17T17:00:00,47.781567,5.000000
2017-08-18T00:00:00,-0.050194,2017-08-18T17:00:00,47.837922,5.000000
2017-08-19T00:00:00,0.198733,2017-08-19T17:00:00,48.503843,5.000000
2017-08-20T00:00:00,0.131923,2017-08-20T17:00:00,48.178123,5.000000
2017-08-21T00:00:00,0.072370,2017-08-21T17:00:00,48.979616,5.000000
2017-08-22T00:00:00,-0.349638,2017-08-22T17:00:00,48.580491,5.000000
2017-08-23T00:00:00,-0.441215,2017-08-23T17:00:00,48.317413,5.000000
2017-08-24T00:00:00,-0.495324,2017-08-24T17:00:00,48.110124,5.000000
2017-08-25T00:00:00,-0.559932,2017-08-25T17:00:00,48.358747,5.000000
2017-08-26T00:00:00,-1.058066,2017-08-26T17:00:00,48.662541,5.000000
2017-08-27T00:00:00,-1.815600,2017-08-27T17:00:00,48.614062,5.000000
2017-08-28T00:00:00,-1.689937,2017-08-28T17:00:00,48.352742,5.000000
2017-08-29T00:00:00,-1.121141,2017-08-29T17:00:00,48.253264,5.000000
2017-08-30T00:00:00,-0.250485,2017-08-30T17:00:00,48.487423,5.000000
2017-08-31T00:00:00,-0.629016,2017-08-31T17:00:00,48.309728,5.000000
2017-09-01T00:00:00,-0.529832,2017-09-01T17:00:00,47.915818,5.000000
2017-09-02T00:00:00,-0.626580,2017-09-02T17:00:00,48.804550,5.000000
2017-09-03T00:00:00,-0.815713,2017-09-03T17:00:00,49.264073,5.000000
2017-09-04T00:00:00,-0.771637,2017-09-04T17:00:00,49.301073,5.000000
2017-09-05T00:00:00,-0.602984,2017-09-05T17:00:00,49.148178,5.000000
2017-09-06T00:00:00,-0.888115,2017-09-06T17:00:00,49.448078,5.000000
2017-09-07T00:00:00,-0.571953,2017-09-07T17:00:00,49.726978,5.000000
2017-09-08T00:00:00,-0.772776,2017-09-08T17:00:00,48.933816,5.000000
2017-09-09T00:00:00,-0.911226,2017-09-09T17:00:00,48.497951,5.000000
2017-09-10T00:00:00,-1.047442,2017-09-10T17:00:00,49.412880,5.000000
2017-09-11T00:00:00,-1.053658,2017-09-11T17:00:00,49.029400,5.000000
2017-09-12T00:00:00,-1.327720,2017-09-12T17:00:00,49.855685,5.000000
2017-09-13T00:00:00,-1.013500,2017-09-13T17:00:00,50.218581,5.000000
2017-09-14T00:00:00,-0.856136,2017-09-14T17:00:00,48.899502,5.000000
2017-09-15T00:00:00,0.020143,2017-09-15T17:00:00,48.798198,5.000000
2017-09-16T00:00:00,-0.213830,2017-09-16T17:00:00,48.813059,5.000000
2017-09-17T00:00:00,0.134253,2017-09-17T17:00:00,48.192975,5.000000
2017-09-18T00:00:00,0.143608,2017-09-18T17:00:00,48.735562,5.000000
2017-09-19T00:00:00,-0.157608,2017-09-19T17:00:00,49.332273,5.000000
2017-09-20T00:00:00,0.398375,2017-09-20T17:00:00,49.588342,5.000000
2017-09-21T00:00:00,0.405595,2017-09-21T17:00:00,49.215624,5.000000
2017-09-22T00:00:00,0.536219,2017-09-22T17:00:00,49.311351,5.000000
2017-09-23T00:00:00,-0.005673,2017-09-23T17:00:00,48.953669,5.000000
2017-09-24T00:00:00,0.465361,2017-09-24T17:00:00,48.892790,5.000000
2017-09-25T00:00:00,0.620202,2017-09-25T17:00:00,48.268007,5.000000
2017-09-26T00:00:00,1.573650,2017-09-26T17:00:00,47.718669,5.000000
2017-09-27T00:00:00,1.943315,2017-09-27T17:00:00,48.329876,5.000000
2017-09-28T00:00:00,1.825759,2017-09-28T17:00:00,48.271093,5.000000
2017-09-29T00:00:00,1.595236,2017-09-29T17:00:00,48.119035,5.000000
2017-09-30T00:00:00,1.332652,2017-09-30T17:00:00,48.512537,5.000000
2017-10-01T00:00:00,1.109272,2017-10-01T17:00:00,48.959813,5.000000
2017-10-02T00:00:00,0.810355,2017-10-02T17:00:00,49.226631,5.000000
2017-10-03T00:00:00,0.315849,2017-10-03T17:00:00,49.757919,5.000000
2017-10-04T00:00:00,-0.200283,2017-10-04T17:00:00,49.754485,5.000000
2017-10-05T00:00:00,-1.315345,2017-10-05T17:00:00,50.363135,5.000000
2017-10-06T00:00:00,-1.012166,2017-10-06T17:00:00,49.593382,5.000000
2017-10-07T00:00:00,-0.896870,2017-10-07T17:00:00,49.134281,5.000000
2017-10-08T00:00:00,-0.645437,2017-10-08T17:00:00,49.016551,5.000000
2017-10-09T00:00:00,-0.563917,2017-10-09T17:00:00,48.714314,5.000000
2017-10-10T00:00:00,-1.332928,2017-10-10T17:00:00,48.708206,5.000000
2017-10-11T00:00:00,-1.115455,2017-10-11T17:00:00,48.232844,5.000000
2017-10-12T00:00:00,-0.811767,2017-10-12T17:00:00,48.432123,5.000000
2017-10-13T00:00:00,-1.718244,2017-10-13T17:00:00,47.344351,5.000000
2017-10-14T00:00:00,-1.469072,2017-10-14T17:00:00,47.740321,5.000000
2017-10-15T00:00:00,-1.368795,2017-10-15T17:00:00,48.018983,5.000000
2017-10-16T00:00:00,-1.498778,2017-10-16T17:00:00,47.770433,5.000000
2017-10-17T00:00:00,-1.601577,2017-10-17T17:00:00,47.638218,5.000000
2017-10-18T00:00:00,-1.127331,2017-10-18T17:00:00,47.542254,5.000000
2017-10-19T00:00:00,-0.588401,2017-10-19T17:00:00,47.161987,5.000000
2017-10-20T00:00:00,-0.055983,2017-10-20T17:00:00,46.883471,5.000000
2017-10-21T00:00:00,-0.049128,2017-10-21T17:00:00,47.452735,5.000000
2017-10-22T00:00:00,0.160414,2017-10-22T17:00:00,46.543507,5.000000
2017-10-23T00:00:00,0.904817,2017-10-23T17:00:00,45.530688,5.000000
2017-10-24T00:00:00,0.640245,2017-10-24T17:00:00,45.781974,5.000000
2017-10-25T00:00:00,0.956291,2017-10-25T17:00:00,45.637897,5.000000
2017-10-26T00:00:00,0.706317,2017-10-26T17:00:00,46.234625,5.000000
2017-10-27T00:00:00,0.540237,2017-10-27T17:00:00,46.385222,5.000000
2017-10-28T00:00:00,0.787441,2017-10-28T17:00:00,46.611319,5.000000
2017-10-29T00:00:00,0.763650,2017-10-29T17:00:00,46.470866,5.000000
2017-10-30T00:00:00,0.733239,2017-10-30T17:00:00,45.730534,5.000000
2017-10-31T00:00:00,0.560685,2017-10-31T17:00:00,46.128741,5.000000
2017-11-01T00:00:00,0.838068,2017-11-01T17:00:00,45.987912,5.000000
2017-11-02T00:00:00,0.300804,2017-11-02T17:00:00,46.104355,5.000000
2017-11-03T00:00:00,0.528078,2017-11-03T17:00:00,44.818460,5.000000
2017-11-04T00:00:00,0.230263,2017-11-04T17:00:00,45.004036,5.000000
2017-11-05T00:00:00,0.520435,2017-11-05T17:00:00,45.442205,5.000000
2017-11-06T00:00:00,0.464950,2017-11-06T17:00:00,45.709026,5.000000
2017-11-07T00:00:00,0.901887,2017-11-07T17:00:00,45.921942,5.000000
2017-11-08T00:00:00,1.000095,2017-11-08T17:00:00,46.514109,5.000000
2017-11-09T00:00:00,1.138051,2017-11-09T17:00:00,46.169110,5.000000
2017-11-10T00:00:00,1.214813,2017-11-10T17:00:00,45.575754,5.000000
2017-11-11T00:00:00,2.347480,2017-11-11T17:00:00,45.382399,5.000000
2017-11-12T00:00:00,1.598951,2017-11-12T17:00:00,45.924517,5.000000
2017-11-13T00:00:00,1.009156,2017-11-13T17:00:00,46.928143,5.000000
2017-11-14T00:00:00,0.521533,2017-11-14T17:00:00,46.056516,5.000000
2017-11-15T00:00:00,1.102783,2017-11-15T17:00:00,45.598232,5.000000
2017-11-16T00:00:00,1.369792,2017-11-16T17:00:00,46.012177,5.000000
2017-11-17T00:00:00,1.602110,2017-11-17T17:00:00,45.556054,5.000000
2017-11-18T00:00:00,1.056719,2017-11-18T17:00:00,45.122126,5.000000
2017-11-19T00:00:00,0.131975,2017-11-19T17:00:00,44.568732,5.000000
2017-11-20T00:00:00,0.370960,2017-11-20T17:00:00,43.981555,5.000000
2017-11-21T00:00:00,0.248191,2017-11-21T17:00:00,43.445604,5.000000
2017-11-22T00:00:00,0.447801,2017-11-22T17:00:00,43.162035,5.000000
2017-11-23T00:00:00,-0.742592,2017-11-23T17:00:00,42.801317,5.000000
2017-11-24T00:00:00,-0.961301,2017-11-24T17:00:00,42.422245,5.000000
2017-11-25T00:00:00,-1.157846,2017-11-25T17:00:00,42.146450,5.000000
2017-11-26T00:00:00,-1.102781,2017-11-26T17:00:00,41.681623,5.000000
2017-11-27T00:00:00,-0.801718,2017-11-27T17:00:00,40.921193,5.000000
2017-11-28T00:00:00,-1.146790,2017-11-28T17:00:00,41.259386,5.000000
2017-11-29T00:00:00,-0.842541,2017-11-29T17:00:00,41.294200,5.000000
2017-11-30T00:00:00,-0.680504,2017-11-30T17:00:00,41.440330,5.000000
2017-12-01T00:00:00,-0.954481,2017-12-01T17:00:00,41.110105,5.000000
2017-12-02T00:00:00,-1.280761,2017-12-02T17:00:00,41.366071,5.000000
2017-12-03T00:00:00,-1.305591,2017-12-03T17:00:00,40.924611,5.000000
2017-12-04T00:00:00,-1.740196,2017-12-04T17:00:00,40.887318,5.000000
2017-12-05T00:00:00,-1.105429,2017-12-05T17:00:00,40.307422,5.000000
2017-12-06T00:00:00,-1.214748,2017-12-06T17:00:00,39.987754,5.000000
2017-12-07T00:00:00,-1.676107,2017-12-07T17:00:00,40.054071,5.000000
2017-12-08T00:00:00,-1.684574,2017-12-08T17:00:00,39.679015,5.000000
2017-12-09T00:00:00,-1.632391,2017-12-09T17:00:00,39.844296,5.000000
2017-12-10T00:00:00,-0.947652,2017-12-10T17:00:00,39.777172,5.000000
2017-12-11T00:00:00,-0.911977,2017-12-11T17:00:00,39.836619,5.000000
2017-12-12T00:00:00,-1.272988,2017-12-12T17:00:00,39.584888,5.000000
2017-12-13T00:00:00,-1.177423,2017-12-13T17:00:00,39.026211,5.000000
2017-12-14T00:00:00,-1.114455,2017-12-14T17:00:00,38.818512,5.000000
2017-12-15T00:00:00,-0.824625,2017-12-15T17:00:00,38.527835,5.000000
2017-12-16T00:00:00,-1.267354,2017-12-16T17:00:00,38.283236,5.000000
2017-12-17T00:00:00,-1.571775,2017-12-17T17:00:00,38.844899,5.000000
2017-12-18T00:00:00,-1.634318,2017-12-18T17:00:00,38.527061,5.000000
2017-12-19T00:00:00,-2.735217,2017-12-19T17:00:00,38.157230,5.000000
2017-12-20T00:00:00,-2.638323,2017-12-20T17:00:00,38.973160,5.000000
2017-12-21T00:00:00,-2.873697,2017-12-21T17:00:00,38.659775,5.000000
2017-12-22T00:00:00,-2.524250,2017-12-22T17:00:00,38.489423,5.000000
2017-12-23T00:00:00,-2.403608,2017-12-23T17:00:00,38.309402,5.000000
2017-12-24T00:00:00,-1.256691,2017-12-24T17:00:00,38.921785,5.000000
2017-12-25T00:00:00,-0.991152,2017-12-25T17:00:00,38.912769,5.000000
2017-12-26T00:00:00,-1.191394,2017-12-26T17:00:00,38.919751,5.000000
2017-12-27T00:00:00,-1.628596,2017-12-27T17:00:00,38.172398,5.000000
2017-12-28T00:00:00,-1.615015,2017-12-28T17:00:00,37.896123,5.000000
2017-12-29T00:00:00,-1.646682,2017-12-29T17:00:00,37.886185,5.000000
2017-12-30T00:00:00,-1.770587,2017-12-30T17:00:00,37.732752,5.000000
2017-12-31T00:00:00,-1.061096,2017-12-31T17:00:00,38.023922,5.000000
2018-01-01T00:00:00,-1.243091,2018-01-01T17:00:00,38.514791,5.000000
2018-01-02T00:00:00,-1.681885,2018-01-02T17:00:00,38.640402,5.000000
2018-01-03T00:00:00,-1.440239,2018-01-03T17:00:00,37.963652,5.000000
2018-01-04T00:00:00,-1.247648,2018-01-04T17:00:00,38.605072,5.000000
2018-01-05T00:00:00,-1.567935,2018-01-05T17:00:00,38.605625,5.000000
2018-01-06T00:00:00,-0.869546,2018-01-06T17:00:00,38.257801,5.000000
2018-01-07T00:00:00,-0.723555,2018-01-07T17:00:00,37.753313,5.000000
2018-01-08T00:00:00,-0.657700,2018-01-08T17:00:00,37.371241,5.000000
2018-01-09T00:00:00,0.051131,2018-01-09T17:00:00,37.637953,5.000000
2018-01-10T00:00:00,-0.570326,2018-01-10T17:00:00,37.238763,5.000000
2018-01-11T00:00:00,-0.756343,2018-01-11T17:00:00,37.758932,5.000000
2018-01-12T00:00:00,-0.805274,2018-01-12T17:00:00,37.583090,5.000000
2018-01-13T00:00:00,-0.307993,2018-01-13T17:00:00,37.354988,5.000000
2018-01-14T00:00:00,-0.781649,2018-01-14T17:00:00,37.434767,5.000000
2018-01-15T00:00:00,-0.340451,2018-01-15T17:00:00,37.408435,5.000000
2018-01-16T00:00:00,-0.239933,2018-01-16T17:00:00,37.303725,5.000000
2018-01-17T00:00:00,0.598467,2018-01-17T17:00:00,37.385897,5.000000
2018-01-18T00:00:00,0.676626,2018-01-18T17:00:00,37.159309,5.000000
2018-01-19T00:00:00,0.128233,2018-01-19T17:00:00,37.573038,5.000000
2018-01-20T00:00:00,-0.258782,2018-01-20T17:00:00,37.452800,5.000000
2018-01-21T00:00:00,0.016409,2018-01-21T17:00:00,37.309763,5.000000
2018-01-22T00:00:00,0.053254,2018-01-22T17:00:00,37.657324,5.000000
2018-01-23T00:00:00,0.392636,2018-01-23T17:00:00,37.957417,5.000000
2018-01-24T00:00:00,0.262852,2018-01-24T17:00:00,37.940651,5.000000
2018-01-25T00:00:00,0.834306,2018-01-25T17:00:00,37.507944,5.000000
2018-01-26T00:00:00,0.126993,2018-01-26T17:00:00,37.596001,5.000000
2018-01-27T00:00:00,0.633269,2018-01-27T17:00:00,38.153532,5.000000
2018-01-28T00:00:00,0.243966,2018-01-28T17:00:00,38.013940,5.000000
2018-01-29T00:00:00,0.751694,2018-01-29T17:00:00,38.046046,5.000000
2018-01-30T00:00:00,0.117986,2018-01-30T17:00:00,38.946052,5.000000
2018-01-31T00:00:00,-0.216803,2018-01-31T17:00:00,39.852946,5.000000
2018-02-01T00:00:00,-0.735923,2018-02-01T17:00:00,39.336801,5.000000
2018-02-02T00:00:00,-0.211888,2018-02-02T17:00:00,39.190550,5.000000
2018-02-03T00:00:00,-0.331940,2018-02-03T17:00:00,38.991771,5.000000
2018-02-04T00:00:00,-0.441983,2018-02-04T17:00:00,38.881060,5.000000
2018-02-05T00:00:00,-0.772798,2018-02-05T17:00:00,38.753915,5.000000
2018-02-06T00:00:00,0.194714,2018-02-06T17:00:00,39.262411,5.000000
2018-02-07T00:00:00,1.184300,2018-02-07T17:00:00,39.437540,5.000000
2018-02-08T00:00:00,0.775602,2018-02-08T17:00:00,39.614444,5.000000
2018-02-09T00:00:00,0.316596,2018-02-09T17:00:00,39.550284,5.000000
2018-02-10T00:00:00,0.593838,2018-02-10T17:00:00,39.628731,5.000000
2018-02-11T00:00:00,0.175680,2018-02-11T17:00:00,39.896228,5.000000
2018-02-12T00:00:00,0.280060,2018-02-12T17:00:00,39.724179,5.000000
2018-02-13T00:00:00,0.581621,2018-02-13T17:00:00,39.572667,5.000000
2018-02-14T00:00:00,1.895433,2018-02-14T17:00:00,39.933383,5.000000
2018-02-15T00:00:00,2.055368,2018-02-15T17:00:00,40.415955,5.000000
2018-02-16T00:00:00,1.799524,2018-02-16T17:00:00,40.350842,5.000000
2018-02-17T00:00:00,0.939791,2018-02-17T17:00:00,40.558240,5.000000
2018-02-18T00:00:00,0.780160,2018-02-18T17:00:00,40.227679,5.000000
2018-02-19T00:00:00,0.801852,2018-02-19T17:00:00,40.272084,5.000000
2018-02-20T00:00:00,1.445655,2018-02-20T17:00:00,40.783282,5.000000
2018-02-21T00:00:00,1.665166,2018-02-21T17:00:00,40.232099,5.000000
2018-02-22T00:00:00,1.512275,2018-02-22T17:00:00,40.275652,5.000000
2018-02-23T00:00:00,1.800390,2018-02-23T17:00:00,41.017507,5.000000
2018-02-24T00:00:00,2.139862,2018-02-24T17:00:00,41.669092,5.000000
2018-02-25T00:00:00,1.546442,2018-02-25T17:00:00,41.742434,5.000000
2018-02-26T00:00:00,1.126088,2018-02-26T17:00:00,42.178282,5.000000
2018-02-27T00:00:00,0.515155,2018-02-27T17:00:00,42.105128,5.000000
2018-02-28T00:00:00,0.865783,2018-02-28T17:00:00,42.803966,5.000000
2018-03-01T00:00:00,1.144979,2018-03-01T17:00:00,43.274630,5.000000
2018-03-02T00:00:00,1.214630,2018-03-02T17:00:00,42.962445,5.000000
2018-03-03T00:00:00,0.726878,2018-03-03T17:00:00,43.045416,5.000000
2018-03-04T00:00:00,1.105995,2018-03-04T17:00:00,42.874837,5.000000
2018-03-05T00:00:00,0.728415,2018-03-05T17:00:00,42.263700,5.000000
2018-03-06T00:00:00,0.779311,2018-03-06T17:00:00,42.224646,5.000000
2018-03-07T00:00:00,-0.107710,2018-03-07T17:00:00,42.037793,5.000000
2018-03-08T00:00:00,-0.557260,2018-03-08T17:00:00,42.193696,5.000000
2018-03-09T00:00:00,-0.857277,2018-03-09T17:00:00,42.811963,5.000000
2018-03-10T00:00:00,-1.100575,2018-03-10T17:00:00,42.381167,5.000000
2018-03-11T00:00:00,-0.920067,2018-03-11T17:00:00,41.739066,5.000000
2018-03-12T00:00:00,-0.945150,2018-03-12T17:00:00,41.941947,5.000000
2018-03-13T00:00:00,-0.655411,2018-03-13T17:00:00,42.018828,5.000000
2018-03-14T00:00:00,-0.196324,2018-03-14T17:00:00,42.130673,5.000000
2018-03-15T00:00:00,-0.828172,2018-03-15T17:00:00,42.386983,5.000000
2018-03-16T00:00:00,-0.659826,2018-03-16T17:00:00,42.170345,5.000000
2018-03-17T00:00:00,0.273191,2018-03-17T17:00:00,42.233721,5.000000
2018-03-18T00:00:00,0.011652,2018-03-18T17:00:00,42.273191,5.000000
2018-03-19T00:00:00,0.272351,2018-03-19T17:00:00,42.083713,5.000000
2018-03-20T00:00:00,0.398434,2018-03-20T17:00:00,41.767280,5.000000
2018-03-21T00:00:00,0.296558,2018-03-21T17:00:00,41.707473,5.000000
2018-03-22T00:00:00,0.361848,2018-03-22T17:00:00,42.538109,5.000000
2018-03-23T00:00:00,1.360585,2018-03-23T17:00:00,42.717014,5.000000
2018-03-24T00:00:00,1.785687,2018-03-24T17:00:00,42.845172,5.000000
2018-03-25T00:00:00,1.713297,2018-03-25T17:00:00,43.186878,5.000000
2018-03-26T00:00:00,1.414554,2018-03-26T17:00:00,42.524082,5.000000
2018-03-27T00:00:00,1.412968,2018-03-27T17:00:00,42.739983,5.000000
2018-03-28T00:00:00,1.390723,2018-03-28T17:00:00,42.382629,5.000000
2018-03-29T00:00:00,1.696140,2018-03-29T17:00:00,43.550600,5.000000
2018-03-30T00:00:00,1.509272,2018-03-30T17:00:00,44.219946,5.000000
2018-03-31T00:00:00,0.695011,2018-03-31T17:00:00,44.575776,5.000000
2018-04-01T00:00:00,0.076076,2018-04-01T17:00:00,44.758743,5.000000
2018-04-02T00:00:00,-0.417026,2018-04-02T17:00:00,45.723314,5.000000
2018-04-03T00:00:00,-0.374359,2018-04-03T17:00:00,45.047504,5.000000
2018-04-04T00:00:00,-0.194533,2018-04-04T17:00:00,45.121451,5.000000
2018-04-05T00:00:00,0.554015,2018-04-05T17:00:00,44.787314,5.000000
2018-04-06T00:00:00,0.016073,2018-04-06T17:00:00,45.199871,5.000000
2018-04-07T00:00:00,-1.560146,2018-04-07T17:00:00,45.770060,5.000000
2018-04-08T00:00:00,-1.228200,2018-04-08T17:00:00,45.837410,5.000000
2018-04-09T00:00:00,-0.267182,2018-04-09T17:00:00,45.888749,5.000000
2018-04-10T00:00:00,-0.971158,2018-04-10T17:00:00,45.647579,5.000000
2018-04-11T00:00:00,-1.175351,2018-04-11T17:00:00,46.288455,5.000000
2018-04-12T00:00:00,-1.155615,2018-04-12T17:00:00,45.809101,5.000000
2018-04-13T00:00:00,-0.864873,2018-04-13T17:00:00,44.905425,5.000000
2018-04-14T00:00:00,-0.604717,2018-04-14T17:00:00,44.949162,5.000000
2018-04-15T00:00:00,-0.773231,2018-04-15T17:00:00,44.897211,5.000000
2018-04-16T00:00:00,-1.218732,2018-04-16T17:00:00,44.795216,5.000000
2018-04-17T00:00:00,-0.691112,2018-04-17T17:00:00,44.873513,5.000000
2018-04-18T00:00:00,-0.451709,2018-04-18T17:00:00,44.561351,5.000000
2018-04-19T00:00:00,0.114116,2018-04-19T17:00:00,43.981160,5.000000
2018-04-20T00:00:00,-0.373794,2018-04-20T17:00:00,43.743254,5.000000
2018-04-21T00:00:00,-0.282817,2018-04-21T17:00:00,43.687557,5.000000
2018-04-22T00:00:00,-0.369268,2018-04-22T17:00:00,43.248241,5.000000
2018-04-23T00:00:00,-0.984547,2018-04-23T17:00:00,42.499247,5.000000
2018-04-24T00:00:00,-0.979336,2018-04-24T17:00:00,42.545601,5.000000
2018-04-25T00:00:00,-0.107393,2018-04-25T17:00:00,41.968665,5.000000
2018-04-26T00:00:00,-0.756932,2018-04-26T17:00:00,41.991035,5.000000
2018-04-27T00:00:00,-0.824900,2018-04-27T17:00:00,42.056089,5.000000
2018-04-28T00:00:00,-0.202205,2018-04-28T17:00:00,41.576874,5.000000
2018-04-29T00:00:00,0.024279,2018-04-29T17:00:00,41.729932,5.000000
2018-04-30T00:00:00,-0.166638,2018-04-30T17:00:00,41.115219,5.000000
2018-05-01T00:00:00,-1.163784,2018-05-01T17:00:00,41.495304,5.000000
2018-05-02T00:00:00,-1.474402,2018-05-02T17:00:00,41.484982,5.000000
2018-05-03T00:00:00,-1.492199,2018-05-03T17:00:00,41.711645,5.000000
2018-05-04T00:00:00,-2.296159,2018-05-04T17:00:00,41.241236,5.000000
2018-05-05T00:00:00,-2.017474,2018-05-05T17:00:00,41.459722,5.000000
2018-05-06T00:00:00,-1.741745,2018-05-06T17:00:00,41.576998,5.000000
2018-05-07T00:00:00,-1.339701,2018-05-07T17:00:00,40.749974,5.000000
2018-05-08T00:00:00,-2.013736,2018-05-08T17:00:00,40.250684,5.000000
2018-05-09T00:00:00,-1.200413,2018-05-09T17:00:00,40.120484,5.000000
2018-05-10T00:00:00,-1.419492,2018-05-10T17:00:00,39.881898,5.000000
2018-05-11T00:00:00,-1.595442,2018-05-11T17:00:00,39.360696,5.000000
2018-05-12T00:00:00,-1.584696,2018-05-12T17:00:00,38.785054,5.000000
2018-05-13T00:00:00,-1.616333,2018-05-13T17:00:00,38.158308,5.000000
2018-05-14T00:00:00,-1.151187,2018-05-14T17:00:00,37.594962,5.000000
2018-05-15T00:00:00,-1.519547,2018-05-15T17:00:00,37.148475,5.000000
2018-05-16T00:00:00,-0.996882,2018-05-16T17:00:00,37.388685,5.000000
2018-05-17T00:00:00,-0.824818,2018-05-17T17:00:00,37.523415,5.000000
2018-05-18T00:00:00,0.003488,2018-05-18T17:00:00,37.620565,5.000000
2018-05-19T00:00:00,0.072278,2018-05-19T17:00:00,37.841006,5.000000
2018-05-20T00:00:00,-0.129607,2018-05-20T17:00:00,37.333376,5.000000
2018-05-21T00:00:00,-0.560175,2018-05-21T17:00:00,37.377750,5.000000
2018-05-22T00:00:00,-0.322696,2018-05-22T17:00:00,36.503929,5.000000
2018-05-23T00:00:00,-0.667515,2018-05-23T17:00:00,36.155195,5.000000
2018-05-24T00:00:00,-0.568748,2018-05-24T17:00:00,36.111418,5.000000
2018-05-25T00:00:00,-0.233775,2018-05-25T17:00:00,35.903001,5.000000
2018-05-26T00:00:00,-0.164007,2018-05-26T17:00:00,35.482409,5.000000
2018-05-27T00:00:00,-0.105124,2018-05-27T17:00:00,35.432519,5.000000
2018-05-28T00:00:00,-0.612854,2018-05-28T17:00:00,35.798051,5.000000
2018-05-29T00:00:00,-0.260121,2018-05-29T17:00:00,36.137972,5.000000
2018-05-30T00:00:00,0.045530,2018-05-30T17:00:00,35.700924,5.000000
2018-05-31T00:00:00,-0.650946,2018-05-31T17:00:00,35.485400,5.000000
2018-06-01T00:00:00,-1.176285,2018-06-01T17:00:00,35.169059,5.000000
2018-06-02T00:00:00,-1.614711,2018-06-02T17:00:00,34.521643,5.000000
2018-06-03T00:00:00,-0.992159,2018-06-03T17:00:00,33.766600,5.000000
2018-06-04T00:00:00,-1.242902,2018-06-04T17:00:00,33.998495,5.000000
2018-06-05T00:00:00,-1.329462,2018-06-05T17:00:00,33.962371,5.000000
2018-06-06T00:00:00,-1.343832,2018-06-06T17:00:00,33.499839,5.000000
2018-06-07T00:00:00,-1.343159,2018-06-07T17:00:00,33.482548,5.000000
2018-06-08T00:00:00,-1.888724,2018-06-08T17:00:00,33.541264,5.000000
2018-06-09T00:00:00,-1.525760,2018-06-09T17:00:00,33.207871,5.000000
2018-06-10T00:00:00,-0.694116,2018-06-10T17:00:00,32.862774,5.000000
2018-06-11T00:00:00,-0.976377,2018-06-11T17:00:00,32.683130,5.000000
2018-06-12T00:00:00,-0.932205,2018-06-12T17:00:00,32.644464,5.000000
2018-06-13T00:00:00,-0.502670,2018-06-13T17:00:00,32.600074,5.000000
2018-06-14T00:00:00,-0.172522,2018-06-14T17:00:00,32.348420,5.000000
2018-06-15T00:00:00,-0.608595,2018-06-15T17:00:00,31.790696,5.000000
2018-06-16T00:00:00,-0.800175,2018-06-16T17:00:00,31.377647,5.000000
2018-06-17T00:00:00,-0.150558,2018-06-17T17:00:00,31.586046,5.000000
2018-06-18T00:00:00,-0.986271,2018-06-18T17:00:00,31.646483,5.000000
2018-06-19T00:00:00,-1.235474,2018-06-19T17:00:00,31.329113,5.000000
2018-06-20T00:00:00,-0.997349,2018-06-20T17:00:00,30.984874,5.000000
2018-06-21T00:00:00,-1.300510,2018-06-21T17:00:00,30.743128,5.000000
2018-06-22T00:00:00,-1.212413,2018-06-22T17:00:00,30.327019,5.000000
2018-06-23T00:00:00,-1.199797,2018-06-23T17:00:00,30.230895,5.000000
2018-06-24T00:00:00,-1.324862,2018-06-24T17:00:00,29.566110,5.000000
2018-06-25T00:00:00,-0.660544,2018-06-25T17:00:00,29.128939,5.000000
2018-06-26T00:00:00,-0.550155,2018-06-26T17:00:00,29.146454,5.000000
2018-06-27T00:00:00,-1.573028,2018-06-27T17:00:00,28.786734,5.000000
2018-06-28T00:00:00,-1.672276,2018-06-28T17:00:00,28.628261,5.000000
2018-06-29T00:00:00,-2.220426,2018-06-29T17:00:00,28.692925,5.000000
2018-06-30T00:00:00,-2.103160,2018-06-30T17:00:00,28.571511,5.000000
2018-07-01T00:00:00,-2.202295,2018-07-01T17:00:00,28.306410,5.000000
2018-07-02T00:00:00,-2.017613,2018-07-02T17:00:00,27.662118,5.000000
2018-07-03T00:00:00,-1.533044,2018-07-03T17:00:00,27.586905,5.000000
2018-07-04T00:00:00,-1.434907,2018-07-04T17:00:00,27.395595,5.000000
2018-07-05T00:00:00,-1.555994,2018-07-05T17:00:00,26.608998,5.000000
2018-07-06T00:00:00,-0.859277,2018-07-06T17:00:00,26.581639,5.000000
2018-07-07T00:00:00,0.010007,2018-07-07T17:00:00,26.602335,5.000000
2018-07-08T00:00:00,0.375631,2018-07-08T17:00:00,26.366377,5.000000
2018-07-09T00:00:00,-0.581031,2018-07-09T17:00:00,26.300234,5.000000
2018-07-10T00:00:00,-1.019680,2018-07-10T17:00:00,25.686154,5.000000
2018-07-11T00:00:00,-0.249985,2018-07-11T17:00:00,25.315772,5.000000
2018-07-12T00:00:00,-0.132845,2018-07-12T17:00:00,25.064979,5.000000
2018-07-13T00:00:00,0.120267,2018-07-13T17:00:00,24.974388,5.000000
2018-07-14T00:00:00,0.163113,2018-07-14T17:00:00,25.096295,5.000000
2018-07-15T00:00:00,-0.232415,2018-07-15T17:00:00,24.569563,5.000000
2018-07-16T00:00:00,-0.555420,2018-07-16T17:00:00,24.157993,5.000000
2018-07-17T00:00:00,0.165930,2018-07-17T17:00:00,24.332474,5.000000
2018-07-18T00:00:00,0.380182,2018-07-18T17:00:00,24.729282,5.000000
2018-07-19T00:00:00,0.082332,2018-07-19T17:00:00,24.810218,5.000000
2018-07-20T00:00:00,-0.271623,2018-07-20T17:00:00,25.058628,5.000000
2018-07-21T00:00:00,-1.031169,2018-07-21T17:00:00,25.108296,5.000000
2018-07-22T00:00:00,-1.175381,2018-07-22T17:00:00,25.141628,5.000000
2018-07-23T00:00:00,-1.513570,2018-07-23T17:00:00,25.198637,5.000000
2018-07-24T00:00:00,-1.623208,2018-07-24T17:00:00,25.064264,5.000000
2018-07-25T00:00:00,-1.717757,2018-07-25T17:00:00,24.775869,5.000000
2018-07-26T00:00:00,-1.867795,2018-07-26T17:00:00,24.602754,5.000000
2018-07-27T00:00:00,-1.180672,2018-07-27T17:00:00,24.523024,5.000000
2018-07-28T00:00:00,-0.696469,2018-07-28T17:00:00,24.893430,5.000000
2018-07-29T00:00:00,-0.380332,2018-07-29T17:00:00,24.652859,5.000000
2018-07-30T00:00:00,0.051353,2018-07-30T17:00:00,24.924174,5.000000
2018-07-31T00:00:00,-0.017796,2018-07-31T17:00:00,24.982418,5.000000
2018-08-01T00:00:00,0.801202,2018-08-01T17:00:00,25.021737,5.000000
2018-08-02T00:00:00,1.054015,2018-08-02T17:00:00,24.869695,5.000000
2018-08-03T00:00:00,1.015140,2018-08-03T17:00:00,25.092085,5.000000
2018-08-04T00:00:00,0.446366,2018-08-04T17:00:00,25.093138,5.000000
2018-08-05T00:00:00,0.098922,2018-08-05T17:00:00,25.195908,5.000000
2018-08-06T00:00:00,-0.321918,2018-08-06T17:00:00,25.376667,5.000000
2018-08-07T00:00:00,0.174256,2018-08-07T17:00:00,25.614698,5.000000
2018-08-08T00:00:00,0.076850,2018-08-08T17:00:00,25.404325,5.000000
2018-08-09T00:00:00,1.422587,2018-08-09T17:00:00,25.367490,5.000000
2018-08-10T00:00:00,1.028015,2018-08-10T17:00:00,25.602230,5.000000
2018-08-11T00:00:00,0.993839,2018-08-11T17:00:00,25.129907,5.000000
2018-08-12T00:00:00,0.812372,2018-08-12T17:00:00,25.246917,5.000000
2018-08-13T00:00:00,0.886761,2018-08-13T17:00:00,25.129040,5.000000
2018-08-14T00:00:00,1.116548,2018-08-14T17:00:00,25.147017,5.000000
2018-08-15T00:00:00,1.424780,2018-08-15T17:00:00,25.598334,5.000000
2018-08-16T00:00:00,1.363348,2018-08-16T17:00:00,25.577925,5.000000
2018-08-17T00:00:00,1.447540,2018-08-17T17:00:00,25.615831,5.000000
2018-08-18T00:00:00,0.504126,2018-08-18T17:00:00,25.778960,5.000000
2018-08-19T00:00:00,0.326518,2018-08-19T17:00:00,25.936625,5.000000
2018-08-20T00:00:00,0.023856,2018-08-20T17:00:00,25.986087,5.000000
2018-08-21T00:00:00,-0.028694,2018-08-21T17:00:00,25.747197,5.000000
2018-08-22T00:00:00,-0.053162,2018-08-22T17:00:00,25.528801,5.000000
2018-08-23T00:00:00,0.176081,2018-08-23T17:00:00,25.215387,5.000000
2018-08-24T00:00:00,0.033527,2018-08-24T17:00:00,25.643890,5.000000
2018-08-25T00:00:00,0.728957,2018-08-25T17:00:00,25.594287,5.000000
2018-08-26T00:00:00,0.443598,2018-08-26T17:00:00,25.623731,5.000000
2018-08-27T00:00:00,-0.154497,2018-08-27T17:00:00,26.014520,5.000000
2018-08-28T00:00:00,-0.063564,2018-08-28T17:00:00,26.426696,5.000000
2018-08-29T00:00:00,-0.131129,2018-08-29T17:00:00,26.530540,5.000000
2018-08-30T00:00:00,-0.143274,2018-08-30T17:00:00,26.642712,5.000000
2018-08-31T00:00:00,0.202011,2018-08-31T17:00:00,26.549553,5.000000
2018-09-01T00:00:00,-0.149235,2018-09-01T17:00:00,26.397184,5.000000
2018-09-02T00:00:00,0.393161,2018-09-02T17:00:00,26.720408,5.000000
2018-09-03T00:00:00,1.031782,2018-09-03T17:00:00,26.522509,5.000000
2018-09-04T00:00:00,1.007617,2018-09-04T17:00:00,26.665121,5.000000
2018-09-05T00:00:00,0.516165,2018-09-05T17:00:00,26.560695,5.000000
2018-09-06T00:00:00,0.538492,2018-09-06T17:00:00,26.639540,5.000000
2018-09-07T00:00:00,1.059465,2018-09-07T17:00:00,26.864790,5.000000
2018-09-08T00:00:00,0.907847,2018-09-08T17:00:00,26.841901,5.000000
2018-09-09T00:00:00,1.167117,2018-09-09T17:00:00,27.090777,5.000000
2018-09-10T00:00:00,0.672818,2018-09-10T17:00:00,27.598496,5.000000
2018-09-11T00:00:00,0.397569,2018-09-11T17:00:00,27.485188,5.000000
2018-09-12T00:00:00,0.243465,2018-09-12T17:00:00,27.305905,5.000000
2018-09-13T00:00:00,-0.652178,2018-09-13T17:00:00,27.511394,5.000000
2018-09-14T00:00:00,-0.634916,2018-09-14T17:00:00,27.496200,5.000000
2018-09-15T00:00:00,-0.884523,2018-09-15T17:00:00,28.342332,5.000000
2018-09-16T00:00:00,-1.597887,2018-09-16T17:00:00,28.280958,5.000000
2018-09-17T00:00:00,-1.216803,2018-09-17T17:00:00,28.181600,5.000000
2018-09-18T00:00:00,-1.195363,2018-09-18T17:00:00,27.925617,5.000000
2018-09-19T00:00:00,-1.070126,2018-09-19T17:00:00,28.056049,5.000000
2018-09-20T00:00:00,-0.637361,2018-09-20T17:00:00,28.143798,5.000000
2018-09-21T00:00:00,-1.080259,2018-09-21T17:00:00,28.003081,5.000000
2018-09-22T00:00:00,-1.729488,2018-09-22T17:00:00,28.159608,5.000000
2018-09-23T00:00:00,-0.481626,2018-09-23T17:00:00,28.061010,5.000000
2018-09-24T00:00:00,0.548542,2018-09-24T17:00:00,28.127338,5.000000
2018-09-25T00:00:00,0.540938,2018-09-25T17:00:00,28.485701,5.000000
2018-09-26T00:00:00,1.520855,2018-09-26T17:00:00,28.832435,5.000000
2018-09-27T00:00:00,1.423387,2018-09-27T17:00:00,29.125920,5.000000
2018-09-28T00:00:00,1.111395,2018-09-28T17:00:00,28.894142,5.000000
2018-09-29T00:00:00,0.675187,2018-09-29T17:00:00,29.214847,5.000000
2018-09-30T00:00:00,0.417268,2018-09-30T17:00:00,29.056085,5.000000
2018-10-01T00:00:00,0.703694,2018-10-01T17:00:00,29.169339,5.000000
2018-10-02T00:00:00,0.448249,2018-10-02T17:00:00,29.729488,5.000000
2018-10-03T00:00:00,-0.083218,2018-10-03T17:00:00,29.888907,5.000000
2018-10-04T00:00:00,0.036606,2018-10-04T17:00:00,30.496473,5.000000
2018-10-05T00:00:00,-0.458698,2018-10-05T17:00:00,30.417539,5.000000
2018-10-06T00:00:00,-1.268513,2018-10-06T17:00:00,30.168186,5.000000
2018-10-07T00:00:00,-1.047956,2018-10-07T17:00:00,30.134249,5.000000
2018-10-08T00:00:00,-1.037296,2018-10-08T17:00:00,29.023656,5.000000
2018-10-09T00:00:00,-1.012367,2018-10-09T17:00:00,28.724346,5.000000
2018-10-10T00:00:00,-1.340384,2018-10-10T17:00:00,27.678376,5.000000
2018-10-11T00:00:00,-1.303235,2018-10-11T17:00:00,27.644408,5.000000
2018-10-12T00:00:00,-0.369807,2018-10-12T17:00:00,27.673819,5.000000
2018-10-13T00:00:00,-0.838827,2018-10-13T17:00:00,27.442588,5.000000
2018-10-14T00:00:00,-1.627003,2018-10-14T17:00:00,27.557207,5.000000
2018-10-15T00:00:00,-1.641057,2018-10-15T17:00:00,27.402783,5.000000
2018-10-16T00:00:00,-1.300633,2018-10-16T17:00:00,27.253918,5.000000
2018-10-17T00:00:00,-1.099034,2018-10-17T17:00:00,27.024241,5.000000
2018-10-18T00:00:00,-0.537176,2018-10-18T17:00:00,26.381193,5.000000
2018-10-19T00:00:00,0.016084,2018-10-19T17:00:00,26.762620,5.000000
2018-10-20T00:00:00,-0.072759,2018-10-20T17:00:00,26.671149,5.000000
2018-10-21T00:00:00,0.096265,2018-10-21T17:00:00,26.246382,5.000000
2018-10-22T00:00:00,-0.036733,2018-10-22T17:00:00,26.010191,5.000000
2018-10-23T00:00:00,0.272293,2018-10-23T17:00:00,25.956086,5.000000
2018-10-24T00:00:00,0.475080,2018-10-24T17:00:00,26.172768,5.000000
2018-10-25T00:00:00,0.107465,2018-10-25T17:00:00,26.120688,5.000000
2018-10-26T00:00:00,-0.535828,2018-10-26T17:00:00,26.176618,5.000000
2018-10-27T00:00:00,-0.292060,2018-10-27T17:00:00,26.501947,5.000000
2018-10-28T00:00:00,0.603281,2018-10-28T17:00:00,27.069473,5.000000
2018-10-29T00:00:00,1.043293,2018-10-29T17:00:00,27.155057,5.000000
2018-10-30T00:00:00,1.027299,2018-10-30T17:00:00,27.232574,5.000000
2018-10-31T00:00:00,0.997467,2018-10-31T17:00:00,26.815205,5.000000
2018-11-01T00:00:00,0.855712,2018-11-01T17:00:00,26.906660,5.000000
2018-11-02T00:00:00,1.028512,2018-11-02T17:00:00,27.061323,5.000000
2018-11-03T00:00:00,1.245781,2018-11-03T17:00:00,27.743764,5.000000
2018-11-04T00:00:00,0.610914,2018-11-04T17:00:00,27.659736,5.000000
2018-11-05T00:00:00,0.535466,2018-11-05T17:00:00,27.965075,5.000000
2018-11-06T00:00:00,0.000712,2018-11-06T17:00:00,27.884481,5.000000
2018-11-07T00:00:00,0.247944,2018-11-07T17:00:00,28.073685,5.000000
2018-11-08T00:00:00,0.285786,2018-11-08T17:00:00,28.040023,5.000000
2018-11-09T00:00:00,-0.573939,2018-11-09T17:00:00,27.686936,5.000000
2018-11-10T00:00:00,-0.721191,2018-11-10T17:00:00,27.810455,5.000000
2018-11-11T00:00:00,-0.932680,2018-11-11T17:00:00,27.385387,5.000000
2018-11-12T00:00:00,-1.005871,2018-11-12T17:00:00,27.349169,5.000000
2018-11-13T00:00:00,-0.275060,2018-11-13T17:00:00,27.483957,5.000000
2018-11-14T00:00:00,-0.401116,2018-11-14T17:00:00,27.146439,5.000000
2018-11-15T00:00:00,-0.399877,2018-11-15T17:00:00,26.512870,5.000000
2018-11-16T00:00:00,-0.139121,2018-11-16T17:00:00,26.665517,5.000000
2018-11-17T00:00:00,0.095474,2018-11-17T17:00:00,26.612926,5.000000
2018-11-18T00:00:00,0.636839,2018-11-18T17:00:00,26.824204,5.000000
2018-11-19T00:00:00,0.716407,2018-11-19T17:00:00,26.297832,5.000000
2018-11-20T00:00:00,1.060279,2018-11-20T17:00:00,26.607384,5.000000
2018-11-21T00:00:00,0.436691,2018-11-21T17:00:00,26.040156,5.000000
2018-11-22T00:00:00,0.575175,2018-11-22T17:00:00,25.868680,5.000000
2018-11-23T00:00:00,0.547612,2018-11-23T17:00:00,25.744238,5.000000
2018-11-24T00:00:00,0.145925,2018-11-24T17:00:00,26.065177,5.000000
2018-11-25T00:00:00,0.217376,2018-11-25T17:00:00,25.750020,5.000000
2018-11-26T00:00:00,0.061895,2018-11-26T17:00:00,25.482744,5.000000
2018-11-27T00:00:00,-0.407393,2018-11-27T17:00:00,25.466034,5.000000
2018-11-28T00:00:00,-0.147663,2018-11-28T17:00:00,25.469968,5.000000
2018-11-29T00:00:00,-0.523490,2018-11-29T17:00:00,25.007353,5.000000
2018-11-30T00:00:00,-0.498694,2018-11-30T17:00:00,24.448814,5.000000
2018-12-01T00:00:00,-0.076836,2018-12-01T17:00:00,24.405900,5.000000
2018-12-02T00:00:00,0.580683,2018-12-02T17:00:00,24.517010,5.000000
2018-12-03T00:00:00,0.854156,2018-12-03T17:00:00,24.056292,5.000000
2018-12-04T00:00:00,0.573269,2018-12-04T17:00:00,24.079450,5.000000
2018-12-05T00:00:00,0.396935,2018-12-05T17:00:00,23.763357,5.000000
2018-12-06T00:00:00,0.448480,2018-12-06T17:00:00,23.704562,5.000000
2018-12-07T00:00:00,-0.720828,2018-12-07T17:00:00,23.646844,5.000000
2018-12-08T00:00:00,-0.630756,2018-12-08T17:00:00,23.597570,5.000000
2018-12-09T00:00:00,-1.059210,2018-12-09T17:00:00,23.452645,5.000000
2018-12-10T00:00:00,-1.072753,2018-12-10T17:00:00,23.436492,5.000000
2018-12-11T00:00:00,-1.011978,2018-12-11T17:00:00,23.524580,5.000000
2018-12-12T00:00:00,-1.187782,2018-12-12T17:00:00,23.383284,5.000000
2018-12-13T00:00:00,-1.449666,2018-12-13T17:00:00,23.573877,5.000000
2018-12-14T00:00:00,-1.536825,2018-12-14T17:00:00,23.646675,5.000000
2018-12-15T00:00:00,-1.114800,2018-12-15T17:00:00,23.750237,5.000000
2018-12-16T00:00:00,-0.839801,2018-12-16T17:00:00,23.176640,5.000000
2018-12-17T00:00:00,-0.068715,2018-12-17T17:00:00,23.222808,5.000000
2018-12-18T00:00:00,-0.242194,2018-12-18T17:00:00,23.132531,5.000000
2018-12-19T00:00:00,-0.287794,2018-12-19T17:00:00,23.013462,5.000000
2018-12-20T00:00:00,-0.415953,2018-12-20T17:00:00,22.891025,5.000000
2018-12-21T00:00:00,-0.124265,2018-12-21T17:00:00,23.001214,5.000000
2018-12-22T00:00:00,0.177477,2018-12-22T17:00:00,23.284149,5.000000
2018-12-23T00:00:00,0.439780,2018-12-23T17:00:00,23.414438,5.000000
2018-12-24T00:00:00,0.358420,2018-12-24T17:00:00,23.208141,5.000000
2018-12-25T00:00:00,0.061525,2018-12-25T17:00:00,23.061337,5.000000
2018-12-26T00:00:00,-0.117384,2018-12-26T17:00:00,22.691975,5.000000
2018-12-27T00:00:00,0.008214,2018-12-27T17:00:00,22.910946,5.000000
2018-12-28T00:00:00,-0.463923,2018-12-28T17:00:00,22.890857,5.000000
2018-12-29T00:00:00,-1.152827,2018-12-29T17:00:00,22.856402,5.000000
2018-12-30T00:00:00,-1.455832,2018-12-30T17:00:00,22.871027,5.000000
2018-12-31T00:00:00,-1.083349,2018-12-31T17:00:00,22.890915,5.000000
2019-01-01T00:00:00,-1.030655,2019-01-01T17:00:00,22.743074,5.000000
2019-01-02T00:00:00,-0.504419,2019-01-02T17:00:00,22.800767,5.000000
2019-01-03T00:00:00,-0.619120,2019-01-03T17:00:00,22.833365,5.000000
2019-01-04T00:00:00,-1.435004,2019-01-04T17:00:00,22.722132,5.000000
2019-01-05T00:00:00,-0.774470,2019-01-05T17:00:00,22.860175,5.000000
2019-01-06T00:00:00,-0.587038,2019-01-06T17:00:00,22.960572,5.000000
2019-01-07T00:00:00,-0.972313,2019-01-07T17:00:00,23.151004,5.000000
2019-01-08T00:00:00,-0.461623,2019-01-08T17:00:00,23.112387,5.000000
2019-01-09T00:00:00,-0.106397,2019-01-09T17:00:00,22.883248,5.000000
2019-01-10T00:00:00,0.081557,2019-01-10T17:00:00,22.753028,5.000000
2019-01-11T00:00:00,-0.620566,2019-01-11T17:00:00,22.859602,5.000000
2019-01-12T00:00:00,-0.974599,2019-01-12T17:00:00,23.002467,5.000000
2019-01-13T00:00:00,-0.135708,2019-01-13T17:00:00,22.804443,5.000000
2019-01-14T00:00:00,-0.622146,2019-01-14T17:00:00,22.329307,5.000000
2019-01-15T00:00:00,-0.862129,2019-01-15T17:00:00,22.378594,5.000000
2019-01-16T00:00:00,-1.078738,2019-01-16T17:00:00,22.450052,5.000000
2019-01-17T00:00:00,-0.722681,2019-01-17T17:00:00,22.001543,5.000000
2019-01-18T00:00:00,-1.043845,2019-01-18T17:00:00,22.073854,5.000000
2019-01-19T00:00:00,-1.289909,2019-01-19T17:00:00,21.950569,5.000000
2019-01-20T00:00:00,-1.316170,2019-01-20T17:00:00,21.988564,5.000000
2019-01-21T00:00:00,-0.019986,2019-01-21T17:00:00,21.877180,5.000000
2019-01-22T00:00:00,0.340812,2019-01-22T17:00:00,21.824201,5.000000
2019-01-23T00:00:00,0.064084,2019-01-23T17:00:00,21.857583,5.000000
2019-01-24T00:00:00,-0.483865,2019-01-24T17:00:00,21.547000,5.000000
2019-01-25T00:00:00,-0.459553,2019-01-25T17:00:00,21.471748,5.000000
2019-01-26T00:00:00,-0.592161,2019-01-26T17:00:00,21.731764,5.000000
2019-01-27T00:00:00,-0.500225,2019-01-27T17:00:00,21.306720,5.000000
2019-01-28T00:00:00,0.640889,2019-01-28T17:00:00,21.507185,5.000000
2019-01-29T00:00:00,0.568158,2019-01-29T17:00:00,21.702523,5.000000
2019-01-30T00:00:00,0.711308,2019-01-30T17:00:00,21.739047,5.000000
2019-01-31T00:00:00,0.671484,2019-01-31T17:00:00,21.396303,5.000000
2019-02-01T00:00:00,0.224710,2019-02-01T17:00:00,21.306380,5.000000
2019-02-02T00:00:00,0.878218,2019-02-02T17:00:00,21.742522,5.000000
2019-02-03T00:00:00,1.131575,2019-02-03T17:00:00,21.448389,5.000000
2019-02-04T00:00:00,0.688367,2019-02-04T17:00:00,21.504417,5.000000
2019-02-05T00:00:00,1.173630,2019-02-05T17:00:00,21.123809,5.000000
2019-02-06T00:00:00,1.162241,2019-02-06T17:00:00,21.149086,5.000000
2019-02-07T00:00:00,1.718468,2019-02-07T17:00:00,21.185952,5.000000
2019-02-08T00:00:00,0.837306,2019-02-08T17:00:00,21.187770,5.000000
2019-02-09T00:00:00,0.900057,2019-02-09T17:00:00,21.372756,5.000000
2019-02-10T00:00:00,0.859260,2019-02-10T17:00:00,21.944927,5.000000
2019-02-11T00:00:00,1.542012,2019-02-11T17:00:00,21.941242,5.000000
2019-02-12T00:00:00,0.856176,2019-02-12T17:00:00,21.959241,5.000000
2019-02-13T00:00:00,0.962489,2019-02-13T17:00:00,21.758124,5.000000
2019-02-14T00:00:00,0.240426,2019-02-14T17:00:00,21.799830,5.000000
2019-02-15T00:00:00,0.503259,2019-02-15T17:00:00,21.903545,5.000000
2019-02-16T00:00:00,-0.353058,2019-02-16T17:00:00,21.525982,5.000000
2019-02-17T00:00:00,-0.835367,2019-02-17T17:00:00,21.947197,5.000000
2019-02-18T00:00:00,-0.202437,2019-02-18T17:00:00,21.736633,5.000000
2019-02-19T00:00:00,-0.242349,2019-02-19T17:00:00,21.782208,5.000000
2019-02-20T00:00:00,-0.424504,2019-02-20T17:00:00,21.706269,5.000000
2019-02-21T00:00:00,-0.307497,2019-02-21T17:00:00,22.012159,5.000000
2019-02-22T00:00:00,0.056355,2019-02-22T17:00:00,21.944044,5.000000
2019-02-23T00:00:00,-0.162116,2019-02-23T17:00:00,21.733415,5.000000
2019-02-24T00:00:00,-0.183130,2019-02-24T17:00:00,21.590830,5.000000
2019-02-25T00:00:00,-0.463396,2019-02-25T17:00:00,21.504756,5.000000
2019-02-26T00:00:00,-0.180699,2019-02-26T17:00:00,21.522601,5.000000
2019-02-27T00:00:00,-0.728492,2019-02-27T17:00:00,21.353607,5.000000
2019-02-28T00:00:00,-1.303125,2019-02-28T17:00:00,21.539499,5.000000
2019-03-01T00:00:00,-1.326730,2019-03-01T17:00:00,21.513904,5.000000
2019-03-02T00:00:00,-1.131117,2019-03-02T17:00:00,21.466037,5.000000
2019-03-03T00:00:00,-1.323452,2019-03-03T17:00:00,21.325293,5.000000
2019-03-04T00:00:00,-1.501048,2019-03-04T17:00:00,21.521971,5.000000
2019-03-05T00:00:00,-1.646657,2019-03-05T17:00:00,21.592733,5.000000
2019-03-06T00:00:00,-1.541222,2019-03-06T17:00:00,21.775071,5.000000
2019-03-07T00:00:00,-1.535932,2019-03-07T17:00:00,21.739403,5.000000
2019-03-08T00:00:00,-1.677749,2019-03-08T17:00:00,21.762013,5.000000
2019-03-09T00:00:00,-2.008782,2019-03-09T17:00:00,21.359414,5.000000
2019-03-10T00:00:00,-1.088875,2019-03-10T17:00:00,21.021230,5.000000
2019-03-11T00:00:00,-1.800203,2019-03-11T17:00:00,20.625994,5.000000
2019-03-12T00:00:00,-2.377668,2019-03-12T17:00:00,20.601531,5.000000
2019-03-13T00:00:00,-2.427158,2019-03-13T17:00:00,20.512870,5.000000
2019-03-14T00:00:00,-1.277720,2019-03-14T17:00:00,20.669299,5.000000
2019-03-15T00:00:00,-1.538084,2019-03-15T17:00:00,20.491577,5.000000
2019-03-16T00:00:00,-2.382687,2019-03-16T17:00:00,20.422994,5.000000
2019-03-17T00:00:00,-1.931068,2019-03-17T17:00:00,20.220546,5.000000
2019-03-18T00:00:00,-2.420290,2019-03-18T17:00:00,20.039332,5.000000
2019-03-19T00:00:00,-1.816422,2019-03-19T17:00:00,19.957432,5.000000
2019-03-20T00:00:00,-1.495540,2019-03-20T17:00:00,19.665140,5.000000
2019-03-21T00:00:00,-1.322764,2019-03-21T17:00:00,19.406658,5.000000
2019-03-22T00:00:00,-0.945039,2019-03-22T17:00:00,18.844608,5.000000
2019-03-23T00:00:00,-0.841269,2019-03-23T17:00:00,18.868552,5.000000
2019-03-24T00:00:00,-0.357011,2019-03-24T17:00:00,18.824611,5.000000
2019-03-25T00:00:00,0.398215,2019-03-25T17:00:00,18.883886,5.000000
2019-03-26T00:00:00,0.421647,2019-03-26T17:00:00,18.987796,5.000000
2019-03-27T00:00:00,0.260970,2019-03-27T17:00:00,18.858386,5.000000
2019-03-28T00:00:00,0.507250,2019-03-28T17:00:00,18.876062,5.000000
2019-03-29T00:00:00,0.633013,2019-03-29T17:00:00,18.356602,5.000000
2019-03-30T00:00:00,-0.085379,2019-03-30T17:00:00,18.186585,5.000000
2019-03-31T00:00:00,-0.054231,2019-03-31T17:00:00,18.062613,5.000000
2019-04-01T00:00:00,0.341863,2019-04-01T17:00:00,17.974777,5.000000
2019-04-02T00:00:00,0.060970,2019-04-02T17:00:00,17.800279,5.000000
2019-04-03T00:00:00,-0.207292,2019-04-03T17:00:00,17.766777,5.000000
2019-04-04T00:00:00,-0.061220,2019-04-04T17:00:00,17.509128,5.000000
2019-04-05T00:00:00,-0.814690,2019-04-05T17:00:00,17.644968,5.000000
2019-04-06T00:00:00,-1.365283,2019-04-06T17:00:00,17.595961,5.000000
2019-04-07T00:00:00,-1.993227,2019-04-07T17:00:00,17.738103,5.000000
2019-04-08T00:00:00,-1.201542,2019-04-08T17:00:00,17.468391,5.000000
2019-04-09T00:00:00,-1.115835,2019-04-09T17:00:00,16.990797,5.000000
2019-04-10T00:00:00,-0.776726,2019-04-10T17:00:00,16.822628,5.000000
2019-04-11T00:00:00,-0.653798,2019-04-11T17:00:00,17.072149,5.000000
2019-04-12T00:00:00,-0.641512,2019-04-12T17:00:00,17.128243,5.000000
2019-04-13T00:00:00,-0.274380,2019-04-13T17:00:00,17.070188,5.000000
2019-04-14T00:00:00,-0.353428,2019-04-14T17:00:00,17.103118,5.000000
2019-04-15T00:00:00,-0.602794,2019-04-15T17:00:00,16.931919,5.000000
2019-04-16T00:00:00,-1.206275,2019-04-16T17:00:00,16.874136,5.000000
2019-04-17T00:00:00,-0.508029,2019-04-17T17:00:00,16.639971,5.000000
2019-04-18T00:00:00,-0.631825,2019-04-18T17:00:00,16.783284,5.000000
2019-04-19T00:00:00,-0.409613,2019-04-19T17:00:00,16.802072,5.000000
2019-04-20T00:00:00,0.178098,2019-04-20T17:00:00,16.754968,5.000000
2019-04-21T00:00:00,-0.156774,2019-04-21T17:00:00,16.858848,5.000000
2019-04-22T00:00:00,-0.637530,2019-04-22T17:00:00,17.039439,5.000000
2019-04-23T00:00:00,-0.014856,2019-04-23T17:00:00,16.969983,5.000000
2019-04-24T00:00:00,-0.479028,2019-04-24T17:00:00,17.184000,5.000000
2019-04-25T00:00:00,-0.689482,2019-04-25T17:00:00,17.143284,5.000000
2019-04-26T00:00:00,-0.867982,2019-04-26T17:00:00,17.286736,5.000000
2019-04-27T00:00:00,-1.131517,2019-04-27T17:00:00,17.263422,5.000000
2019-04-28T00:00:00,-0.737830,2019-04-28T17:00:00,17.331457,5.000000
2019-04-29T00:00:00,-1.464504,2019-04-29T17:00:00,17.246963,5.000000
2019-04-30T00:00:00,-0.897430,2019-04-30T17:00:00,17.430748,5.000000
2019-05-01T00:00:00,-1.247773,2019-05-01T17:00:00,16.991772,5.000000
2019-05-02T00:00:00,-1.277650,2019-05-02T17:00:00,17.058183,5.000000
2019-05-03T00:00:00,-0.944746,2019-05-03T17:00:00,17.223783,5.000000
2019-05-04T00:00:00,-0.670031,2019-05-04T17:00:00,17.018176,5.000000
2019-05-05T00:00:00,-1.388694,2019-05-05T17:00:00,16.792205,5.000000
2019-05-06T00:00:00,-0.459131,2019-05-06T17:00:00,16.469321,5.000000
2019-05-07T00:00:00,-0.803911,2019-05-07T17:00:00,16.480543,5.000000
2019-05-08T00:00:00,-1.248646,2019-05-08T17:00:00,16.193690,5.000000
2019-05-09T00:00:00,-1.649869,2019-05-09T17:00:00,16.211871,5.000000
2019-05-10T00:00:00,-0.088751,2019-05-10T17:00:00,15.988736,5.000000
2019-05-11T00:00:00,-0.467069,2019-05-11T17:00:00,15.965253,5.000000
2019-05-12T00:00:00,-1.112414,2019-05-12T17:00:00,15.978505,5.000000
2019-05-13T00:00:00,-0.665406,2019-05-13T17:00:00,16.151677,5.000000
2019-05-14T00:00:00,-0.593238,2019-05-14T17:00:00,16.183470,5.000000
2019-05-15T00:00:00,-0.834883,2019-05-15T17:00:00,16.380422,5.000000
2019-05-16T00:00:00,-0.642721,2019-05-16T17:00:00,16.668589,5.000000
2019-05-17T00:00:00,0.039622,2019-05-17T17:00:00,16.612587,5.000000
2019-05-18T00:00:00,-0.035053,2019-05-18T17:00:00,16.609135,5.000000
2019-05-19T00:00:00,0.119988,2019-05-19T17:00:00,16.434661,5.000000
2019-05-20T00:00:00,0.155003,2019-05-20T17:00:00,16.434959,5.000000
2019-05-21T00:00:00,0.193114,2019-05-21T17:00:00,16.298144,5.000000
2019-05-22T00:00:00,-0.062913,2019-05-22T17:00:00,16.321812,5.000000
2019-05-23T00:00:00,0.253894,2019-05-23T17:00:00,16.413877,5.000000
2019-05-24T00:00:00,0.145493,2019-05-24T17:00:00,16.339030,5.000000
2019-05-25T00:00:00,0.281592,2019-05-25T17:00:00,16.553784,5.000000
2019-05-26T00:00:00,0.636640,2019-05-26T17:00:00,16.688494,5.000000
2019-05-27T00:00:00,0.666406,2019-05-27T17:00:00,16.544527,5.000000
2019-05-28T00:00:00,0.159403,2019-05-28T17:00:00,16.559364,5.000000
2019-05-29T00:00:00,0.062563,2019-05-29T17:00:00,16.453271,5.000000
2019-05-30T00:00:00,0.746363,2019-05-30T17:00:00,16.622094,5.000000
2019-05-31T00:00:00,0.077210,2019-05-31T17:00:00,16.672259,5.000000
2019-06-01T00:00:00,1.101105,2019-06-01T17:00:00,16.746054,5.000000
2019-06-02T00:00:00,0.410626,2019-06-02T17:00:00,16.849056,5.000000
2019-06-03T00:00:00,-0.379371,2019-06-03T17:00:00,16.936154,5.000000
2019-06-04T00:00:00,-0.852231,2019-06-04T17:00:00,17.450218,5.000000
2019-06-05T00:00:00,-0.751564,2019-06-05T17:00:00,17.322881,5.000000
2019-06-06T00:00:00,-0.892116,2019-06-06T17:00:00,17.225310,5.000000
2019-06-07T00:00:00,-0.613193,2019-06-07T17:00:00,17.058170,5.000000
2019-06-08T00:00:00,-1.264137,2019-06-08T17:00:00,17.167024,5.000000
2019-06-09T00:00:00,-2.516348,2019-06-09T17:00:00,17.330756,5.000000
2019-06-10T00:00:00,-3.090758,2019-06-10T17:00:00,17.386855,5.000000
2019-06-11T00:00:00,-2.696313,2019-06-11T17:00:00,17.097530,5.000000
2019-06-12T00:00:00,-2.201552,2019-06-12T17:00:00,16.856075,5.000000
2019-06-13T00:00:00,-1.995395,2019-06-13T17:00:00,16.828836,5.000000
2019-06-14T00:00:00,-1.975984,2019-06-14T17:00:00,16.605105,5.000000
2019-06-15T00:00:00,-1.255121,2019-06-15T17:00:00,16.353536,5.000000
2019-06-16T00:00:00,-0.916045,2019-06-16T17:00:00,16.093136,5.000000
2019-06-17T00:00:00,-0.493299,2019-06-17T17:00:00,16.078736,5.000000
2019-06-18T00:00:00,-1.413929,2019-06-18T17:00:00,15.992796,5.000000
2019-06-19T00:00:00,-1.387420,2019-06-19T17:00:00,15.911016,5.000000
2019-06-20T00:00:00,-1.192472,2019-06-20T17:00:00,15.995281,5.000000
2019-06-21T00:00:00,-2.149617,2019-06-21T17:00:00,15.967107,5.000000
2019-06-22T00:00:00,-2.340924,2019-06-22T17:00:00,15.652218,5.000000
2019-06-23T00:00:00,-2.018299,2019-06-23T17:00:00,15.528810,5.000000
2019-06-24T00:00:00,-1.950746,2019-06-24T17:00:00,15.230781,5.000000
2019-06-25T00:00:00,-1.944208,2019-06-25T17:00:00,15.148043,5.000000
2019-06-26T00:00:00,-1.626713,2019-06-26T17:00:00,15.182504,5.000000
2019-06-27T00:00:00,-0.833292,2019-06-27T17:00:00,14.929963,5.000000
2019-06-28T00:00:00,-0.305266,2019-06-28T17:00:00,14.727824,5.000000
2019-06-29T00:00:00,-0.195483,2019-06-29T17:00:00,14.849546,5.000000
2019-06-30T00:00:00,0.070425,2019-06-30T17:00:00,14.949662,5.000000
2019-07-01T00:00:00,0.091365,2019-07-01T17:00:00,14.744765,5.000000
2019-07-02T00:00:00,0.015240,2019-07-02T17:00:00,14.620418,5.000000
2019-07-03T00:00:00,-0.786137,2019-07-03T17:00:00,14.504722,5.000000
2019-07-04T00:00:00,-0.790766,2019-07-04T17:00:00,14.472432,5.000000
2019-07-05T00:00:00,-0.020934,2019-07-05T17:00:00,14.340703,5.000000
2019-07-06T00:00:00,0.274356,2019-07-06T17:00:00,14.457986,5.000000
2019-07-07T00:00:00,1.024877,2019-07-07T17:00:00,14.684744,5.000000
2019-07-08T00:00:00,0.416155,2019-07-08T17:00:00,14.626169,5.000000
2019-07-09T00:00:00,0.722527,2019-07-09T17:00:00,14.547437,5.000000
2019-07-10T00:00:00,1.172209,2019-07-10T17:00:00,14.535028,5.000000
2019-07-11T00:00:00,1.436028,2019-07-11T17:00:00,14.326048,5.000000
2019-07-12T00:00:00,1.100119,2019-07-12T17:00:00,14.203112,5.000000
2019-07-13T00:00:00,0.723338,2019-07-13T17:00:00,14.218462,5.000000
2019-07-14T00:00:00,1.455295,2019-07-14T17:00:00,14.545262,5.000000
2019-07-15T00:00:00,0.677985,2019-07-15T17:00:00,14.464484,5.000000
2019-07-16T00:00:00,0.298386,2019-07-16T17:00:00,14.609657,5.000000
2019-07-17T00:00:00,0.725898,2019-07-17T17:00:00,14.568280,5.000000
2019-07-18T00:00:00,0.244622,2019-07-18T17:00:00,14.548635,5.000000
2019-07-19T00:00:00,-0.371841,2019-07-19T17:00:00,14.742909,5.000000
2019-07-20T00:00:00,0.253064,2019-07-20T17:00:00,14.890749,5.000000
2019-07-21T00:00:00,-0.064687,2019-07-21T17:00:00,14.741822,5.000000
2019-07-22T00:00:00,0.670315,2019-07-22T17:00:00,14.726858,5.000000
2019-07-23T00:00:00,-0.059979,2019-07-23T17:00:00,14.793515,5.000000
2019-07-24T00:00:00,0.346117,2019-07-24T17:00:00,14.882183,5.000000
2019-07-25T00:00:00,1.078959,2019-07-25T17:00:00,14.990143,5.000000
2019-07-26T00:00:00,1.078893,2019-07-26T17:00:00,14.759048,5.000000
2019-07-27T00:00:00,1.095253,2019-07-27T17:00:00,14.573720,5.000000
2019-07-28T00:00:00,0.912082,2019-07-28T17:00:00,14.623390,5.000000
2019-07-29T00:00:00,1.427927,2019-07-29T17:00:00,14.886789,5.000000
2019-07-30T00:00:00,1.195178,2019-07-30T17:00:00,14.954274,5.000000
2019-07-31T00:00:00,1.037350,2019-07-31T17:00:00,15.290945,5.000000
2019-08-01T00:00:00,1.325569,2019-08-01T17:00:00,15.298455,5.000000
2019-08-02T00:00:00,1.620895,2019-08-02T17:00:00,15.365590,5.000000
2019-08-03T00:00:00,1.477434,2019-08-03T17:00:00,15.272065,5.000000
2019-08-04T00:00:00,2.245295,2019-08-04T17:00:00,15.295297,5.000000
2019-08-05T00:00:00,1.777786,2019-08-05T17:00:00,15.342245,5.000000
2019-08-06T00:00:00,1.799112,2019-08-06T17:00:00,15.810377,5.000000
2019-08-07T00:00:00,1.557558,2019-08-07T17:00:00,15.762018,5.000000
2019-08-08T00:00:00,1.266869,2019-08-08T17:00:00,15.897925,5.000000
2019-08-09T00:00:00,1.662148,2019-08-09T17:00:00,16.132150,5.000000
2019-08-10T00:00:00,0.628716,2019-08-10T17:00:00,16.492474,5.000000
2019-08-11T00:00:00,-0.488243,2019-08-11T17:00:00,16.406642,5.000000
2019-08-12T00:00:00,-0.435139,2019-08-12T17:00:00,16.380236,5.000000
2019-08-13T00:00:00,-0.063219,2019-08-13T17:00:00,16.184846,5.000000
2019-08-14T00:00:00,-0.663432,2019-08-14T17:00:00,16.178008,5.000000
2019-08-15T00:00:00,-0.204845,2019-08-15T17:00:00,16.355750,5.000000
2019-08-16T00:00:00,0.086599,2019-08-16T17:00:00,16.565446,5.000000
2019-08-17T00:00:00,-0.118160,2019-08-17T17:00:00,16.619779,5.000000
2019-08-18T00:00:00,0.950753,2019-08-18T17:00:00,16.627610,5.000000
2019-08-19T00:00:00,1.322641,2019-08-19T17:00:00,16.725490,5.000000
2019-08-20T00:00:00,0.997213,2019-08-20T17:00:00,16.997566,5.000000
2019-08-21T00:00:00,1.536736,2019-08-21T17:00:00,16.967255,5.000000
2019-08-22T00:00:00,1.129931,2019-08-22T17:00:00,17.013430,5.000000
2019-08-23T00:00:00,0.797108,2019-08-23T17:00:00,17.180773,5.000000
2019-08-24T00:00:00,0.941879,2019-08-24T17:00:00,17.443656,5.000000
2019-08-25T00:00:00,0.515961,2019-08-25T17:00:00,17.398110,5.000000
2019-08-26T00:00:00,0.140731,2019-08-26T17:00:00,17.602252,5.000000
2019-08-27T00:00:00,0.272777,2019-08-27T17:00:00,17.514634,5.000000
2019-08-28T00:00:00,0.326431,2019-08-28T17:00:00,17.339619,5.000000
2019-08-29T00:00:00,0.632019,2019-08-29T17:00:00,17.144056,5.000000
2019-08-30T00:00:00,1.022260,2019-08-30T17:00:00,17.126706,5.000000
2019-08-31T00:00:00,1.131190,2019-08-31T17:00:00,17.001384,5.000000
2019-09-01T00:00:00,1.153761,2019-09-01T17:00:00,17.088608,5.000000
2019-09-02T00:00:00,0.871924,2019-09-02T17:00:00,17.196170,5.000000
2019-09-03T00:00:00,0.096687,2019-09-03T17:00:00,17.032033,5.000000
2019-09-04T00:00:00,0.207528,2019-09-04T17:00:00,17.349335,5.000000
2019-09-05T00:00:00,0.079078,2019-09-05T17:00:00,17.329527,5.000000
2019-09-06T00:00:00,0.397202,2019-09-06T17:00:00,16.966253,5.000000
2019-09-07T00:00:00,0.823965,2019-09-07T17:00:00,17.043243,5.000000
2019-09-08T00:00:00,0.342424,2019-09-08T17:00:00,16.845784,5.000000
2019-09-09T00:00:00,0.622936,2019-09-09T17:00:00,17.147937,5.000000
2019-09-10T00:00:00,0.108933,2019-09-10T17:00:00,16.934454,5.000000
2019-09-11T00:00:00,0.054891,2019-09-11T17:00:00,16.866016,5.000000
2019-09-12T00:00:00,0.328883,2019-09-12T17:00:00,16.924736,5.000000
2019-09-13T00:00:00,0.544985,2019-09-13T17:00:00,17.066631,5.000000
2019-09-14T00:00:00,0.977958,2019-09-14T17:00:00,17.064121,5.000000
2019-09-15T00:00:00,1.060422,2019-09-15T17:00:00,17.096818,5.000000
2019-09-16T00:00:00,0.574151,2019-09-16T17:00:00,17.036881,5.000000
2019-09-17T00:00:00,0.343589,2019-09-17T17:00:00,16.717764,5.000000
2019-09-18T00:00:00,0.584935,2019-09-18T17:00:00,16.670266,5.000000
2019-09-19T00:00:00,-0.118495,2019-09-19T17:00:00,16.466853,5.000000
2019-09-20T00:00:00,-0.440090,2019-09-20T17:00:00,16.542237,5.000000
2019-09-21T00:00:00,-1.031705,2019-09-21T17:00:00,16.320205,5.000000
2019-09-22T00:00:00,-0.596268,2019-09-22T17:00:00,16.295247,5.000000
2019-09-23T00:00:00,-0.978986,2019-09-23T17:00:00,15.859177,5.000000
2019-09-24T00:00:00,-0.864121,2019-09-24T17:00:00,15.466335,5.000000
2019-09-25T00:00:00,-0.963872,2019-09-25T17:00:00,15.559961,5.000000
2019-09-26T00:00:00,-0.975187,2019-09-26T17:00:00,15.610190,5.000000
2019-09-27T00:00:00,-1.231589,2019-09-27T17:00:00,15.643555,5.000000
2019-09-28T00:00:00,-1.838980,2019-09-28T17:00:00,15.753522,5.000000
2019-09-29T00:00:00,-1.594357,2019-09-29T17:00:00,15.650514,5.000000
2019-09-30T00:00:00,-1.120117,2019-09-30T17:00:00,15.499065,5.000000
2019-10-01T00:00:00,-1.433626,2019-10-01T17:00:00,15.513247,5.000000
2019-10-02T00:00:00,-0.583260,2019-10-02T17:00:00,15.451412,5.000000
2019-10-03T00:00:00,-0.111592,2019-10-03T17:00:00,15.696823,5.000000
2019-10-04T00:00:00,-0.629218,2019-10-04T17:00:00,15.896012,5.000000
2019-10-05T00:00:00,-0.884240,2019-10-05T17:00:00,16.064457,5.000000
2019-10-06T00:00:00,-0.210594,2019-10-06T17:00:00,15.997313,5.000000
2019-10-07T00:00:00,0.678904,2019-10-07T17:00:00,15.826209,5.000000
2019-10-08T00:00:00,0.344274,2019-10-08T17:00:00,15.875634,5.000000
2019-10-09T00:00:00,-0.298031,2019-10-09T17:00:00,16.049733,5.000000
2019-10-10T00:00:00,-0.661111,2019-10-10T17:00:00,15.967358,5.000000
2019-10-11T00:00:00,0.191192,2019-10-11T17:00:00,15.876034,5.000000
2019-10-12T00:00:00,0.538006,2019-10-12T17:00:00,15.845882,5.000000
2019-10-13T00:00:00,1.335204,2019-10-13T17:00:00,15.774316,5.000000
2019-10-14T00:00:00,1.111259,2019-10-14T17:00:00,15.814594,5.000000
2019-10-15T00:00:00,0.784241,2019-10-15T17:00:00,15.798306,5.000000
2019-10-16T00:00:00,0.977132,2019-10-16T17:00:00,15.915908,5.000000
2019-10-17T00:00:00,0.314352,2019-10-17T17:00:00,15.838277,5.000000
2019-10-18T00:00:00,0.002657,2019-10-18T17:00:00,15.962024,5.000000
2019-10-19T00:00:00,-0.818711,2019-10-19T17:00:00,15.845042,5.000000
2019-10-20T00:00:00,-0.574500,2019-10-20T17:00:00,16.031255,5.000000
2019-10-21T00:00:00,-0.854960,2019-10-21T17:00:00,15.979128,5.000000
2019-10-22T00:00:00,-0.201700,2019-10-22T17:00:00,15.606418,5.000000
2019-10-23T00:00:00,-0.390620,2019-10-23T17:00:00,15.633186,5.000000
2019-10-24T00:00:00,0.489523,2019-10-24T17:00:00,15.616406,5.000000
2019-10-25T00:00:00,1.192386,2019-10-25T17:00:00,15.480763,5.000000
2019-10-26T00:00:00,1.484111,2019-10-26T17:00:00,15.612508,5.000000
2019-10-27T00:00:00,1.328061,2019-10-27T17:00:00,15.420246,5.000000
2019-10-28T00:00:00,0.668748,2019-10-28T17:00:00,15.690204,5.000000
2019-10-29T00:00:00,0.248455,2019-10-29T17:00:00,15.513560,5.000000
2019-10-30T00:00:00,0.290795,2019-10-30T17:00:00,15.296796,5.000000
2019-10-31T00:00:00,0.030886,2019-10-31T17:00:00,15.205095,5.000000
2019-11-01T00:00:00,0.286583,2019-11-01T17:00:00,15.426929,5.000000
2019-11-02T00:00:00,0.883496,2019-11-02T17:00:00,15.335790,5.000000
2019-11-03T00:00:00,1.148875,2019-11-03T17:00:00,15.276287,5.000000
2019-11-04T00:00:00,0.792901,2019-11-04T17:00:00,15.144222,5.000000
2019-11-05T00:00:00,0.452180,2019-11-05T17:00:00,15.273557,5.000000
2019-11-06T00:00:00,-1.210007,2019-11-06T17:00:00,15.187771,5.000000
2019-11-07T00:00:00,-1.116664,2019-11-07T17:00:00,15.047359,5.000000
2019-11-08T00:00:00,-1.055063,2019-11-08T17:00:00,14.854713,5.000000
2019-11-09T00:00:00,-0.828893,2019-11-09T17:00:00,14.905640,5.000000
2019-11-10T00:00:00,-0.441296,2019-11-10T17:00:00,14.970194,5.000000
2019-11-11T00:00:00,0.946159,2019-11-11T17:00:00,14.880600,5.000000
2019-11-12T00:00:00,0.701895,2019-11-12T17:00:00,14.992111,5.000000
2019-11-13T00:00:00,0.497940,2019-11-13T17:00:00,14.791067,5.000000
2019-11-14T00:00:00,0.313574,2019-11-14T17:00:00,14.686251,5.000000
2019-11-15T00:00:00,0.664221,2019-11-15T17:00:00,14.833813,5.000000
2019-11-16T00:00:00,0.251876,2019-11-16T17:00:00,14.733935,5.000000
2019-11-17T00:00:00,-0.922556,2019-11-17T17:00:00,14.968166,5.000000
2019-11-18T00:00:00,-0.537756,2019-11-18T17:00:00,14.932128,5.000000
2019-11-19T00:00:00,-0.777546,2019-11-19T17:00:00,14.635470,5.000000
2019-11-20T00:00:00,-1.048049,2019-11-20T17:00:00,14.987849,5.000000
2019-11-21T00:00:00,-0.405756,2019-11-21T17:00:00,15.002510,5.000000
2019-11-22T00:00:00,-0.498618,2019-11-22T17:00:00,14.745516,5.000000
2019-11-23T00:00:00,-0.371463,2019-11-23T17:00:00,14.946007,5.000000
2019-11-24T00:00:00,-0.457801,2019-11-24T17:00:00,14.816020,5.000000
2019-11-25T00:00:00,-0.386823,2019-11-25T17:00:00,14.789415,5.000000
2019-11-26T00:00:00,-0.800351,2019-11-26T17:00:00,14.636939,5.000000
2019-11-27T00:00:00,-0.935838,2019-11-27T17:00:00,14.651995,5.000000
2019-11-28T00:00:00,-0.672716,2019-11-28T17:00:00,14.531925,5.000000
2019-11-29T00:00:00,-0.530177,2019-11-29T17:00:00,14.473284,5.000000
2019-11-30T00:00:00,-0.943762,2019-11-30T17:00:00,14.533641,5.000000
2019-12-01T00:00:00,-1.024765,2019-12-01T17:00:00,14.456367,5.000000
2019-12-02T00:00:00,-0.714347,2019-12-02T17:00:00,14.138561,5.000000
2019-12-03T00:00:00,-0.383268,2019-12-03T17:00:00,14.135066,5.000000
2019-12-04T00:00:00,0.255797,2019-12-04T17:00:00,14.073750,5.000000
2019-12-05T00:00:00,0.350795,2019-12-05T17:00:00,13.994298,5.000000
2019-12-06T00:00:00,0.329144,2019-12-06T17:00:00,13.800237,5.000000
2019-12-07T00:00:00,0.654265,2019-12-07T17:00:00,13.811551,5.000000
2019-12-08T00:00:00,0.357804,2019-12-08T17:00:00,14.064725,5.000000
2019-12-09T00:00:00,0.489498,2019-12-09T17:00:00,13.883474,5.000000
2019-12-10T00:00:00,0.402674,2019-12-10T17:00:00,14.048509,5.000000
2019-12-11T00:00:00,0.887053,2019-12-11T17:00:00,13.930701,5.000000
2019-12-12T00:00:00,1.459814,2019-12-12T17:00:00,13.816692,5.000000
2019-12-13T00:00:00,0.807901,2019-12-13T17:00:00,13.904112,5.000000
2019-12-14T00:00:00,0.798529,2019-12-14T17:00:00,14.084909,5.000000
2019-12-15T00:00:00,0.073547,2019-12-15T17:00:00,14.175228,5.000000
2019-12-16T00:00:00,0.252587,2019-12-16T17:00:00,14.094515,5.000000
2019-12-17T00:00:00,0.712324,2019-12-17T17:00:00,13.873851,5.000000
2019-12-18T00:00:00,0.368161,2019-12-18T17:00:00,14.180976,5.000000
2019-12-19T00:00:00,0.111768,2019-12-19T17:00:00,14.159107,5.000000
2019-12-20T00:00:00,0.259682,2019-12-20T17:00:00,14.375810,5.000000
2019-12-21T00:00:00,0.117614,2019-12-21T17:00:00,14.469642,5.000000
2019-12-22T00:00:00,0.371284,2019-12-22T17:00:00,14.141854,5.000000
2019-12-23T00:00:00,-0.044296,2019-12-23T17:00:00,14.226226,5.000000
2019-12-24T00:00:00,-0.512142,2019-12-24T17:00:00,14.083112,5.000000
2019-12-25T00:00:00,-0.042207,2019-12-25T17:00:00,14.223041,5.000000
2019-12-26T00:00:00,0.748339,2019-12-26T17:00:00,14.158159,5.000000
2019-12-27T00:00:00,0.715552,2019-12-27T17:00:00,14.022491,5.000000
2019-12-28T00:00:00,0.683409,2019-12-28T17:00:00,14.047248,5.000000
2019-12-29T00:00:00,0.988584,2019-12-29T17:00:00,14.081063,5.000000
2019-12-30T00:00:00,0.676860,2019-12-30T17:00:00,13.977781,5.000000
2019-12-31T00:00:00,1.447893,2019-12-31T17:00:00,13.804238,5.000000
2020-01-01T00:00:00,0.924869,2020-01-01T17:00:00,13.792149,5.000000
2020-01-02T00:00:00,0.801878,2020-01-02T17:00:00,13.724811,5.000000
2020-01-03T00:00:00,0.626555,2020-01-03T17:00:00,13.805273,5.000000
2020-01-04T00:00:00,0.112761,2020-01-04T17:00:00,13.727864,5.000000
2020-01-05T00:00:00,0.246392,2020-01-05T17:00:00,13.848934,5.000000
2020-01-06T00:00:00,-0.386120,2020-01-06T17:00:00,14.048080,5.000000
2020-01-07T00:00:00,-1.023984,2020-01-07T17:00:00,13.918707,5.000000
2020-01-08T00:00:00,-0.794291,2020-01-08T17:00:00,13.893066,5.000000
2020-01-09T00:00:00,-0.719296,2020-01-09T17:00:00,14.001557,5.000000
2020-01-10T00:00:00,-0.289792,2020-01-10T17:00:00,13.761860,5.000000
2020-01-11T00:00:00,-0.832616,2020-01-11T17:00:00,13.609393,5.000000
2020-01-12T00:00:00,-1.193402,2020-01-12T17:00:00,13.734389,5.000000
2020-01-13T00:00:00,-1.218741,2020-01-13T17:00:00,13.786441,5.000000
2020-01-14T00:00:00,-1.096303,2020-01-14T17:00:00,13.636196,5.000000
2020-01-15T00:00:00,-0.806317,2020-01-15T17:00:00,13.501056,5.000000
2020-01-16T00:00:00,-1.358222,2020-01-16T17:00:00,13.563771,5.000000
2020-01-17T00:00:00,-1.760215,2020-01-17T17:00:00,13.438345,5.000000
2020-01-18T00:00:00,-1.607748,2020-01-18T17:00:00,13.366586,5.000000
2020-01-19T00:00:00,-1.572912,2020-01-19T17:00:00,13.288444,5.000000
2020-01-20T00:00:00,-1.795050,2020-01-20T17:00:00,13.295566,5.000000
2020-01-21T00:00:00,-2.263689,2020-01-21T17:00:00,13.096685,5.000000
2020-01-22T00:00:00,-1.350693,2020-01-22T17:00:00,12.874926,5.000000
2020-01-23T00:00:00,-1.082281,2020-01-23T17:00:00,12.829569,5.000000
2020-01-24T00:00:00,-0.530097,2020-01-24T17:00:00,12.707851,5.000000
2020-01-25T00:00:00,0.071122,2020-01-25T17:00:00,12.533236,5.000000
2020-01-26T00:00:00,0.004566,2020-01-26T17:00:00,12.527433,5.000000
2020-01-27T00:00:00,-0.776734,2020-01-27T17:00:00,12.436968,5.000000
2020-01-28T00:00:00,-1.370970,2020-01-28T17:00:00,12.638891,5.000000
2020-01-29T00:00:00,-1.725573,2020-01-29T17:00:00,12.744808,5.000000
2020-01-30T00:00:00,-1.535777,2020-01-30T17:00:00,12.613617,5.000000
2020-01-31T00:00:00,-0.757446,2020-01-31T17:00:00,12.310631,5.000000
2020-02-01T00:00:00,-0.837410,2020-02-01T17:00:00,12.093221,5.000000
2020-02-02T00:00:00,-0.423710,2020-02-02T17:00:00,12.015103,5.000000
2020-02-03T00:00:00,-0.737305,2020-02-03T17:00:00,12.011238,5.000000
2020-02-04T00:00:00,-0.735451,2020-02-04T17:00:00,12.095753,5.000000
2020-02-05T00:00:00,-0.610787,2020-02-05T17:00:00,12.252028,5.000000
2020-02-06T00:00:00,-0.759143,2020-02-06T17:00:00,12.315731,5.000000
2020-02-07T00:00:00,-1.118859,2020-02-07T17:00:00,12.490437,5.000000
2020-02-08T00:00:00,-1.288600,2020-02-08T17:00:00,12.343570,5.000000
2020-02-09T00:00:00,-1.588112,2020-02-09T17:00:00,12.109845,5.000000
2020-02-10T00:00:00,-0.577470,2020-02-10T17:00:00,11.938967,5.000000
2020-02-11T00:00:00,0.076599,2020-02-11T17:00:00,11.995992,5.000000
2020-02-12T00:00:00,0.286504,2020-02-12T17:00:00,12.253732,5.000000
2020-02-13T00:00:00,-0.132640,2020-02-13T17:00:00,12.251061,5.000000
2020-02-14T00:00:00,0.037905,2020-02-14T17:00:00,12.205951,5.000000
2020-02-15T00:00:00,0.383407,2020-02-15T17:00:00,12.202145,5.000000
2020-02-16T00:00:00,0.822835,2020-02-16T17:00:00,12.270079,5.000000
2020-02-17T00:00:00,0.859524,2020-02-17T17:00:00,12.222366,5.000000
2020-02-18T00:00:00,1.094942,2020-02-18T17:00:00,12.253454,5.000000
2020-02-19T00:00:00,0.892197,2020-02-19T17:00:00,12.212007,5.000000
2020-02-20T00:00:00,0.870712,2020-02-20T17:00:00,12.262156,5.000000
2020-02-21T00:00:00,0.093493,2020-02-21T17:00:00,12.444682,5.000000
2020-02-22T00:00:00,0.597320,2020-02-22T17:00:00,12.286567,5.000000
2020-02-23T00:00:00,0.110605,2020-02-23T17:00:00,12.263715,5.000000
2020-02-24T00:00:00,0.019720,2020-02-24T17:00:00,12.314221,5.000000
2020-02-25T00:00:00,0.194336,2020-02-25T17:00:00,12.171636,5.000000
2020-02-26T00:00:00,-0.024463,2020-02-26T17:00:00,12.329437,5.000000
2020-02-27T00:00:00,0.183058,2020-02-27T17:00:00,12.499656,5.000000
2020-02-28T00:00:00,-0.690475,2020-02-28T17:00:00,12.577623,5.000000
2020-02-29T00:00:00,-0.667437,2020-02-29T17:00:00,12.415962,5.000000
2020-03-01T00:00:00,-0.131523,2020-03-01T17:00:00,12.324801,5.000000
2020-03-02T00:00:00,-0.217520,2020-03-02T17:00:00,12.327342,5.000000
2020-03-03T00:00:00,0.445399,2020-03-03T17:00:00,12.172056,5.000000
2020-03-04T00:00:00,0.269471,2020-03-04T17:00:00,12.316917,5.000000
2020-03-05T00:00:00,0.644071,2020-03-05T17:00:00,12.351138,5.000000
2020-03-06T00:00:00,0.695013,2020-03-06T17:00:00,12.272495,5.000000
2020-03-07T00:00:00,1.107736,2020-03-07T17:00:00,12.315599,5.000000
2020-03-08T00:00:00,1.272666,2020-03-08T17:00:00,12.398973,5.000000
2020-03-09T00:00:00,0.703488,2020-03-09T17:00:00,12.278651,5.000000
2020-03-10T00:00:00,0.872315,2020-03-10T17:00:00,12.299742,5.000000
2020-03-11T00:00:00,0.499610,2020-03-11T17:00:00,12.417599,5.000000
2020-03-12T00:00:00,0.851715,2020-03-12T17:00:00,12.282290,5.000000
2020-03-13T00:00:00,1.263563,2020-03-13T17:00:00,12.403603,5.000000
2020-03-14T00:00:00,1.082884,2020-03-14T17:00:00,12.391348,5.000000
2020-03-15T00:00:00,1.599115,2020-03-15T17:00:00,12.400310,5.000000
2020-03-16T00:00:00,1.531625,2020-03-16T17:00:00,12.668759,5.000000
2020-03-17T00:00:00,0.879998,2020-03-17T17:00:00,12.557879,5.000000
2020-03-18T00:00:00,1.072912,2020-03-18T17:00:00,12.605294,5.000000
2020-03-19T00:00:00,1.025330,2020-03-19T17:00:00,12.653794,5.000000
2020-03-20T00:00:00,1.182218,2020-03-20T17:00:00,12.629492,5.000000
2020-03-21T00:00:00,1.028295,2020-03-21T17:00:00,12.590032,5.000000
2020-03-22T00:00:00,0.871339,2020-03-22T17:00:00,12.620040,5.000000
2020-03-23T00:00:00,0.607182,2020-03-23T17:00:00,12.665219,5.000000
2020-03-24T00:00:00,1.075190,2020-03-24T17:00:00,12.560883,5.000000
2020-03-25T00:00:00,0.907283,2020-03-25T17:00:00,12.544640,5.000000
2020-03-26T00:00:00,1.520049,2020-03-26T17:00:00,12.560635,5.000000
2020-03-27T00:00:00,1.242860,2020-03-27T17:00:00,12.655498,5.000000
2020-03-28T00:00:00,1.145018,2020-03-28T17:00:00,12.908334,5.000000
2020-03-29T00:00:00,1.199305,2020-03-29T17:00:00,13.067506,5.000000
2020-03-30T00:00:00,1.515194,2020-03-30T17:00:00,13.180873,5.000000
2020-03-31T00:00:00,1.624912,2020-03-31T17:00:00,13.288548,5.000000
2020-04-01T00:00:00,1.381174,2020-04-01T17:00:00,13.465869,5.000000
2020-04-02T00:00:00,1.613558,2020-04-02T17:00:00,13.565569,5.000000
2020-04-03T00:00:00,1.123982,2020-04-03T17:00:00,13.509244,5.000000
2020-04-04T00:00:00,1.202625,2020-04-04T17:00:00,13.227412,5.000000
2020-04-05T00:00:00,1.233709,2020-04-05T17:00:00,13.379403,5.000000
2020-04-06T00:00:00,1.140079,2020-04-06T17:00:00,13.553138,5.000000
2020-04-07T00:00:00,0.866246,2020-04-07T17:00:00,13.641469,5.000000
2020-04-08T00:00:00,0.888741,2020-04-08T17:00:00,13.826670,5.000000
2020-04-09T00:00:00,1.713066,2020-04-09T17:00:00,13.990538,5.000000
2020-04-10T00:00:00,1.100101,2020-04-10T17:00:00,13.877692,5.000000
2020-04-11T00:00:00,0.657716,2020-04-11T17:00:00,14.006096,5.000000
2020-04-12T00:00:00,0.487217,2020-04-12T17:00:00,14.161453,5.000000
2020-04-13T00:00:00,0.426554,2020-04-13T17:00:00,13.910538,5.000000
2020-04-14T00:00:00,1.632865,2020-04-14T17:00:00,13.904121,5.000000
2020-04-15T00:00:00,1.862382,2020-04-15T17:00:00,13.821276,5.000000
2020-04-16T00:00:00,1.325787,2020-04-16T17:00:00,13.724486,5.000000
2020-04-17T00:00:00,1.383708,2020-04-17T17:00:00,13.607677,5.000000
2020-04-18T00:00:00,1.124571,2020-04-18T17:00:00,13.950876,5.000000
2020-04-19T00:00:00,1.049191,2020-04-19T17:00:00,14.054746,5.000000
2020-04-20T00:00:00,0.960765,2020-04-20T17:00:00,14.140209,5.000000
2020-04-21T00:00:00,0.906276,2020-04-21T17:00:00,14.050333,5.000000
2020-04-22T00:00:00,0.603710,2020-04-22T17:00:00,14.237932,5.000000
2020-04-23T00:00:00,0.243490,2020-04-23T17:00:00,14.208261,5.000000
2020-04-24T00:00:00,-0.229296,2020-04-24T17:00:00,14.349613,5.000000
2020-04-25T00:00:00,-0.020430,2020-04-25T17:00:00,14.251880,5.000000
2020-04-26T00:00:00,-0.544531,2020-04-26T17:00:00,14.218859,5.000000
2020-04-27T00:00:00,-0.874870,2020-04-27T17:00:00,13.989283,5.000000
2020-04-28T00:00:00,-0.978884,2020-04-28T17:00:00,14.234143,5.000000
2020-04-29T00:00:00,-1.620693,2020-04-29T17:00:00,14.291449,5.000000
2020-04-30T00:00:00,-1.768975,2020-04-30T17:00:00,14.103778,5.000000
2020-05-01T00:00:00,-1.973148,2020-05-01T17:00:00,13.876525,5.000000
2020-05-02T00:00:00,-2.495299,2020-05-02T17:00:00,14.002432,5.000000
2020-05-03T00:00:00,-1.963620,2020-05-03T17:00:00,13.808153,5.000000
2020-05-04T00:00:00,-2.062328,2020-05-04T17:00:00,13.511610,5.000000
2020-05-05T00:00:00,-1.410698,2020-05-05T17:00:00,13.376146,5.000000
2020-05-06T00:00:00,-1.539603,2020-05-06T17:00:00,13.183232,5.000000
2020-05-07T00:00:00,-1.864431,2020-05-07T17:00:00,13.097277,5.000000
2020-05-08T00:00:00,-1.521026,2020-05-08T17:00:00,13.135603,5.000000
2020-05-09T00:00:00,-0.395478,2020-05-09T17:00:00,13.160707,5.000000
2020-05-10T00:00:00,0.189238,2020-05-10T17:00:00,13.375226,5.000000
2020-05-11T00:00:00,-0.456034,2020-05-11T17:00:00,13.212859,5.000000
2020-05-12T00:00:00,-0.858055,2020-05-12T17:00:00,13.018340,5.000000
2020-05-13T00:00:00,0.099801,2020-05-13T17:00:00,12.865692,5.000000
2020-05-14T00:00:00,-0.365800,2020-05-14T17:00:00,12.770727,5.000000
2020-05-15T00:00:00,-0.436452,2020-05-15T17:00:00,12.646621,5.000000
2020-05-16T00:00:00,-0.030531,2020-05-16T17:00:00,12.653905,5.000000
2020-05-17T00:00:00,-0.006407,2020-05-17T17:00:00,12.570240,5.000000
2020-05-18T00:00:00,-0.315807,2020-05-18T17:00:00,12.472394,5.000000
2020-05-19T00:00:00,-0.766499,2020-05-19T17:00:00,12.331103,5.000000
2020-05-20T00:00:00,-0.492025,2020-05-20T17:00:00,12.649215,5.000000
2020-05-21T00:00:00,-1.047233,2020-05-21T17:00:00,12.677570,5.000000
2020-05-22T00:00:00,-1.403449,2020-05-22T17:00:00,12.792091,5.000000
2020-05-23T00:00:00,-1.312613,2020-05-23T17:00:00,12.799940,5.000000
2020-05-24T00:00:00,-0.990001,2020-05-24T17:00:00,12.895287,5.000000
2020-05-25T00:00:00,-1.245647,2020-05-25T17:00:00,12.968472,5.000000
2020-05-26T00:00:00,-1.629386,2020-05-26T17:00:00,12.807937,5.000000
2020-05-27T00:00:00,-1.713067,2020-05-27T17:00:00,12.809264,5.000000
2020-05-28T00:00:00,-0.853588,2020-05-28T17:00:00,12.747323,5.000000
2020-05-29T00:00:00,-0.896133,2020-05-29T17:00:00,12.959120,5.000000
2020-05-30T00:00:00,-1.268625,2020-05-30T17:00:00,12.808608,5.000000
2020-05-31T00:00:00,-1.732798,2020-05-31T17:00:00,12.840035,5.000000
2020-06-01T00:00:00,-1.369476,2020-06-01T17:00:00,12.982481,5.000000
2020-06-02T00:00:00,-1.142267,2020-06-02T17:00:00,12.976239,5.000000
2020-06-03T00:00:00,-1.194559,2020-06-03T17:00:00,12.957757,5.000000
2020-06-04T00:00:00,-0.845472,2020-06-04T17:00:00,12.820667,5.000000
2020-06-05T00:00:00,-0.954247,2020-06-05T17:00:00,12.755981,5.000000
2020-06-06T00:00:00,-1.213800,2020-06-06T17:00:00,12.828856,5.000000
2020-06-07T00:00:00,-2.022449,2020-06-07T17:00:00,13.196522,5.000000
2020-06-08T00:00:00,-1.634828,2020-06-08T17:00:00,13.249970,5.000000
2020-06-09T00:00:00,-1.386425,2020-06-09T17:00:00,13.245712,5.000000
2020-06-10T00:00:00,-1.667621,2020-06-10T17:00:00,13.331510,5.000000
2020-06-11T00:00:00,-1.868603,2020-06-11T17:00:00,13.239561,5.000000
2020-06-12T00:00:00,-2.272154,2020-06-12T17:00:00,13.493630,5.000000
2020-06-13T00:00:00,-2.044154,2020-06-13T17:00:00,13.408499,5.000000
2020-06-14T00:00:00,-2.029244,2020-06-14T17:00:00,13.465341,5.000000
2020-06-15T00:00:00,-2.618397,2020-06-15T17:00:00,13.298637,5.000000
2020-06-16T00:00:00,-2.298496,2020-06-16T17:00:00,13.164454,5.000000
2020-06-17T00:00:00,-1.496504,2020-06-17T17:00:00,13.024206,5.000000
2020-06-18T00:00:00,-1.992046,2020-06-18T17:00:00,12.900743,5.000000
2020-06-19T00:00:00,-2.185657,2020-06-19T17:00:00,12.872306,5.000000
2020-06-20T00:00:00,-1.696956,2020-06-20T17:00:00,12.766213,5.000000
2020-06-21T00:00:00,-1.475774,2020-06-21T17:00:00,12.740147,5.000000
2020-06-22T00:00:00,-0.999712,2020-06-22T17:00:00,12.585780,5.000000
2020-06-23T00:00:00,-0.301761,2020-06-23T17:00:00,12.633920,5.000000
2020-06-24T00:00:00,-0.417953,2020-06-24T17:00:00,12.701119,5.000000
2020-06-25T00:00:00,-0.485717,2020-06-25T17:00:00,12.495943,5.000000
2020-06-26T00:00:00,-0.453521,2020-06-26T17:00:00,12.399155,5.000000
2020-06-27T00:00:00,-0.731871,2020-06-27T17:00:00,12.245088,5.000000
2020-06-28T00:00:00,-1.570574,2020-06-28T17:00:00,12.108132,5.000000
2020-06-29T00:00:00,-1.787924,2020-06-29T17:00:00,11.957560,5.000000
2020-06-30T00:00:00,-1.468031,2020-06-30T17:00:00,11.845701,5.000000
2020-07-01T00:00:00,-1.423771,2020-07-01T17:00:00,11.522443,5.000000
2020-07-02T00:00:00,-2.150073,2020-07-02T17:00:00,11.403630,5.000000
2020-07-03T00:00:00,-2.090596,2020-07-03T17:00:00,11.336501,5.000000
2020-07-04T00:00:00,-2.200829,2020-07-04T17:00:00,11.230161,5.000000
2020-07-05T00:00:00,-1.342986,2020-07-05T17:00:00,11.212476,5.000000
2020-07-06T00:00:00,-1.173939,2020-07-06T17:00:00,10.897438,5.000000
2020-07-07T00:00:00,-0.958059,2020-07-07T17:00:00,10.987793,5.000000
2020-07-08T00:00:00,-0.168758,2020-07-08T17:00:00,10.942191,5.000000
2020-07-09T00:00:00,-0.429058,2020-07-09T17:00:00,10.845800,5.000000
2020-07-10T00:00:00,-0.745653,2020-07-10T17:00:00,10.994124,5.000000
2020-07-11T00:00:00,-0.150788,2020-07-11T17:00:00,11.058900,5.000000
2020-07-12T00:00:00,0.032062,2020-07-12T17:00:00,11.157506,5.000000
2020-07-13T00:00:00,0.207194,2020-07-13T17:00:00,11.080601,5.000000
2020-07-14T00:00:00,-0.336868,2020-07-14T17:00:00,10.815062,5.000000
2020-07-15T00:00:00,-0.481633,2020-07-15T17:00:00,10.814521,5.000000
2020-07-16T00:00:00,-1.213993,2020-07-16T17:00:00,10.756551,5.000000
2020-07-17T00:00:00,-0.346189,2020-07-17T17:00:00,10.674128,5.000000
2020-07-18T00:00:00,-0.104074,2020-07-18T17:00:00,10.661071,5.000000
2020-07-19T00:00:00,0.771699,2020-07-19T17:00:00,10.765904,5.000000
2020-07-20T00:00:00,0.035884,2020-07-20T17:00:00,10.881893,5.000000
2020-07-21T00:00:00,-0.260281,2020-07-21T17:00:00,11.031230,5.000000
2020-07-22T00:00:00,0.372623,2020-07-22T17:00:00,11.107037,5.000000
2020-07-23T00:00:00,0.304652,2020-07-23T17:00:00,10.900099,5.000000
2020-07-24T00:00:00,0.767442,2020-07-24T17:00:00,10.808992,5.000000
2020-07-25T00:00:00,1.304088,2020-07-25T17:00:00,10.810719,5.000000
2020-07-26T00:00:00,1.419291,2020-07-26T17:00:00,10.851761,5.000000
2020-07-27T00:00:00,0.614036,2020-07-27T17:00:00,10.788637,5.000000
2020-07-28T00:00:00,0.091793,2020-07-28T17:00:00,10.585286,5.000000
2020-07-29T00:00:00,-0.107111,2020-07-29T17:00:00,10.444443,5.000000
2020-07-30T00:00:00,0.390035,2020-07-30T17:00:00,10.336373,5.000000
2020-07-31T00:00:00,0.642367,2020-07-31T17:00:00,10.302190,5.000000
2020-08-01T00:00:00,0.537487,2020-08-01T17:00:00,10.277166,5.000000
2020-08-02T00:00:00,1.070749,2020-08-02T17:00:00,10.213304,5.000000
2020-08-03T00:00:00,1.900326,2020-08-03T17:00:00,10.262185,5.000000
2020-08-04T00:00:00,2.104095,2020-08-04T17:00:00,10.320355,5.000000
2020-08-05T00:00:00,1.454652,2020-08-05T17:00:00,10.381110,5.000000
2020-08-06T00:00:00,1.000162,2020-08-06T17:00:00,10.485532,5.000000
2020-08-07T00:00:00,0.335503,2020-08-07T17:00:00,10.509052,5.000000
2020-08-08T00:00:00,0.741999,2020-08-08T17:00:00,10.667158,5.000000
2020-08-09T00:00:00,1.210635,2020-08-09T17:00:00,10.647993,5.000000
2020-08-10T00:00:00,0.942262,2020-08-10T17:00:00,10.568021,5.000000
2020-08-11T00:00:00,0.373113,2020-08-11T17:00:00,10.664796,5.000000
2020-08-12T00:00:00,0.061475,2020-08-12T17:00:00,10.717378,5.000000
2020-08-13T00:00:00,-0.490534,2020-08-13T17:00:00,10.680314,5.000000
2020-08-14T00:00:00,-0.126263,2020-08-14T17:00:00,10.903657,5.000000
2020-08-15T00:00:00,0.301338,2020-08-15T17:00:00,10.831213,5.000000
2020-08-16T00:00:00,0.769316,2020-08-16T17:00:00,10.918042,5.000000
2020-08-17T00:00:00,0.151953,2020-08-17T17:00:00,11.052582,5.000000
2020-08-18T00:00:00,-0.150453,2020-08-18T17:00:00,11.040575,5.000000
2020-08-19T00:00:00,-0.477844,2020-08-19T17:00:00,10.891084,5.000000
2020-08-20T00:00:00,0.082431,2020-08-20T17:00:00,10.988934,5.000000
2020-08-21T00:00:00,-0.240278,2020-08-21T17:00:00,11.060253,5.000000
2020-08-22T00:00:00,-0.319326,2020-08-22T17:00:00,10.970214,5.000000
2020-08-23T00:00:00,-1.352912,2020-08-23T17:00:00,11.096653,5.000000
2020-08-24T00:00:00,-1.536963,2020-08-24T17:00:00,11.448037,5.000000
2020-08-25T00:00:00,-1.288329,2020-08-25T17:00:00,11.515543,5.000000
2020-08-26T00:00:00,-1.161708,2020-08-26T17:00:00,11.556435,5.000000
2020-08-27T00:00:00,-1.278835,2020-08-27T17:00:00,11.374675,5.000000
2020-08-28T00:00:00,-0.636361,2020-08-28T17:00:00,11.250941,5.000000
2020-08-29T00:00:00,-0.140335,2020-08-29T17:00:00,11.210395,5.000000
2020-08-30T00:00:00,-0.011645,2020-08-30T17:00:00,11.242374,5.000000
2020-08-31T00:00:00,-0.146044,2020-08-31T17:00:00,11.096526,5.000000
2020-09-01T00:00:00,-0.175466,2020-09-01T17:00:00,11.135791,5.000000
2020-09-02T00:00:00,-0.025564,2020-09-02T17:00:00,11.156362,5.000000
2020-09-03T00:00:00,-0.187891,2020-09-03T17:00:00,11.150261,5.000000
2020-09-04T00:00:00,-0.570408,2020-09-04T17:00:00,11.098149,5.000000
2020-09-05T00:00:00,-0.712914,2020-09-05T17:00:00,11.114255,5.000000
2020-09-06T00:00:00,-0.443172,2020-09-06T17:00:00,11.270683,5.000000
2020-09-07T00:00:00,-0.502137,2020-09-07T17:00:00,11.098353,5.000000
2020-09-08T00:00:00,-0.411100,2020-09-08T17:00:00,10.974383,5.000000
2020-09-09T00:00:00,-0.265745,2020-09-09T17:00:00,10.940040,5.000000
2020-09-10T00:00:00,-0.665955,2020-09-10T17:00:00,11.108030,5.000000
2020-09-11T00:00:00,-0.385441,2020-09-11T17:00:00,11.165802,5.000000
2020-09-12T00:00:00,-0.609429,2020-09-12T17:00:00,11.108923,5.000000
2020-09-13T00:00:00,-0.373701,2020-09-13T17:00:00,11.084074,5.000000
2020-09-14T00:00:00,-0.502544,2020-09-14T17:00:00,11.290217,5.000000
2020-09-15T00:00:00,-0.255222,2020-09-15T17:00:00,11.186125,5.000000
2020-09-16T00:00:00,-0.569912,2020-09-16T17:00:00,11.262587,5.000000
2020-09-17T00:00:00,-0.081667,2020-09-17T17:00:00,11.223591,5.000000
2020-09-18T00:00:00,-0.134410,2020-09-18T17:00:00,11.303411,5.000000
2020-09-19T00:00:00,0.427056,2020-09-19T17:00:00,11.371818,5.000000
2020-09-20T00:00:00,0.474320,2020-09-20T17:00:00,11.253466,5.000000
2020-09-21T00:00:00,0.392132,2020-09-21T17:00:00,11.537043,5.000000
2020-09-22T00:00:00,-0.044063,2020-09-22T17:00:00,11.705165,5.000000
2020-09-23T00:00:00,-0.049122,2020-09-23T17:00:00,11.499953,5.000000
2020-09-24T00:00:00,0.493911,2020-09-24T17:00:00,11.504061,5.000000
2020-09-25T00:00:00,0.486984,2020-09-25T17:00:00,11.463992,5.000000
2020-09-26T00:00:00,0.580737,2020-09-26T17:00:00,11.317138,5.000000
2020-09-27T00:00:00,0.785915,2020-09-27T17:00:00,11.318929,5.000000
2020-09-28T00:00:00,1.418218,2020-09-28T17:00:00,11.551172,5.000000
2020-09-29T00:00:00,1.535072,2020-09-29T17:00:00,11.484621,5.000000
2020-09-30T00:00:00,1.499299,2020-09-30T17:00:00,11.529497,5.000000
2020-10-01T00:00:00,1.465879,2020-10-01T17:00:00,11.388446,5.000000
2020-10-02T00:00:00,1.493733,2020-10-02T17:00:00,11.516054,5.000000
2020-10-03T00:00:00,1.131670,2020-10-03T17:00:00,11.659889,5.000000
2020-10-04T00:00:00,0.581935,2020-10-04T17:00:00,11.627257,5.000000
2020-10-05T00:00:00,-0.024116,2020-10-05T17:00:00,11.811086,5.000000
2020-10-06T00:00:00,-0.099666,2020-10-06T17:00:00,11.825988,5.000000
2020-10-07T00:00:00,-0.029996,2020-10-07T17:00:00,11.839032,5.000000
2020-10-08T00:00:00,0.161302,2020-10-08T17:00:00,11.741445,5.000000
2020-10-09T00:00:00,-0.420446,2020-10-09T17:00:00,11.720201,5.000000
2020-10-10T00:00:00,0.264396,2020-10-10T17:00:00,11.642150,5.000000
2020-10-11T00:00:00,-0.186188,2020-10-11T17:00:00,11.833508,5.000000
2020-10-12T00:00:00,-0.891947,2020-10-12T17:00:00,11.983163,5.000000
2020-10-13T00:00:00,-1.949693,2020-10-13T17:00:00,11.921406,5.000000
2020-10-14T00:00:00,-2.530411,2020-10-14T17:00:00,11.660657,5.000000
2020-10-15T00:00:00,-2.683028,2020-10-15T17:00:00,11.736148,5.000000
2020-10-16T00:00:00,-2.221918,2020-10-16T17:00:00,11.713397,5.000000
2020-10-17T00:00:00,-2.195837,2020-10-17T17:00:00,11.595275,5.000000
2020-10-18T00:00:00,-1.933407,2020-10-18T17:00:00,11.743947,5.000000
2020-10-19T00:00:00,-1.494617,2020-10-19T17:00:00,11.546813,5.000000
2020-10-20T00:00:00,-2.778308,2020-10-20T17:00:00,11.352310,5.000000
2020-10-21T00:00:00,-1.162737,2020-10-21T17:00:00,11.128028,5.000000
2020-10-22T00:00:00,-0.866075,2020-10-22T17:00:00,11.059510,5.000000
2020-10-23T00:00:00,-0.749903,2020-10-23T17:00:00,10.811249,5.000000
2020-10-24T00:00:00,-0.878441,2020-10-24T17:00:00,10.904647,5.000000
2020-10-25T00:00:00,-0.836474,2020-10-25T17:00:00,10.882133,5.000000
2020-10-26T00:00:00,-0.493394,2020-10-26T17:00:00,10.830663,5.000000
2020-10-27T00:00:00,-0.523525,2020-10-27T17:00:00,10.731388,5.000000
2020-10-28T00:00:00,-0.232385,2020-10-28T17:00:00,10.412182,5.000000
2020-10-29T00:00:00,-0.082325,2020-10-29T17:00:00,10.302510,5.000000
2020-10-30T00:00:00,0.230224,2020-10-30T17:00:00,10.330981,5.000000
2020-10-31T00:00:00,-0.249641,2020-10-31T17:00:00,10.322563,5.000000
2020-11-01T00:00:00,-0.529216,2020-11-01T17:00:00,10.353044,5.000000
2020-11-02T00:00:00,-0.752333,2020-11-02T17:00:00,10.244767,5.000000
2020-11-03T00:00:00,-0.674490,2020-11-03T17:00:00,10.192816,5.000000
2020-11-04T00:00:00,-0.689548,2020-11-04T17:00:00,10.020253,5.000000
2020-11-05T00:00:00,-0.517378,2020-11-05T17:00:00,10.160750,5.000000
2020-11-06T00:00:00,-1.188725,2020-11-06T17:00:00,10.135499,5.000000
2020-11-07T00:00:00,-1.125981,2020-11-07T17:00:00,10.317980,5.000000
2020-11-08T00:00:00,-0.730618,2020-11-08T17:00:00,10.266216,5.000000
2020-11-09T00:00:00,-1.331727,2020-11-09T17:00:00,10.200218,5.000000
2020-11-10T00:00:00,-0.785954,2020-11-10T17:00:00,10.037806,5.000000
2020-11-11T00:00:00,-1.211766,2020-11-11T17:00:00,10.028311,5.000000
2020-11-12T00:00:00,-1.454937,2020-11-12T17:00:00,9.956854,5.000000
2020-11-13T00:00:00,-0.638269,2020-11-13T17:00:00,9.723777,5.000000
2020-11-14T00:00:00,-0.496086,2020-11-14T17:00:00,9.450489,5.000000
2020-11-15T00:00:00,-0.151359,2020-11-15T17:00:00,9.424397,5.000000
2020-11-16T00:00:00,0.037038,2020-11-16T17:00:00,9.557847,5.000000
2020-11-17T00:00:00,0.062848,2020-11-17T17:00:00,9.556144,5.000000
2020-11-18T00:00:00,-0.038824,2020-11-18T17:00:00,9.476212,5.000000
2020-11-19T00:00:00,0.424963,2020-11-19T17:00:00,9.533946,5.000000
2020-11-20T00:00:00,-0.261763,2020-11-20T17:00:00,9.552530,5.000000
2020-11-21T00:00:00,-0.187575,2020-11-21T17:00:00,9.648243,5.000000
2020-11-22T00:00:00,-0.256557,2020-11-22T17:00:00,9.594271,5.000000
2020-11-23T00:00:00,-0.583722,2020-11-23T17:00:00,9.496920,5.000000
2020-11-24T00:00:00,-0.751739,2020-11-24T17:00:00,9.526873,5.000000
2020-11-25T00:00:00,-0.533938,2020-11-25T17:00:00,9.389280,5.000000
2020-11-26T00:00:00,-0.286183,2020-11-26T17:00:00,9.350196,5.000000
2020-11-27T00:00:00,-0.644161,2020-11-27T17:00:00,9.499263,5.000000
2020-11-28T00:00:00,-0.306859,2020-11-28T17:00:00,9.707779,5.000000
2020-11-29T00:00:00,-0.076455,2020-11-29T17:00:00,9.725534,5.000000
2020-11-30T00:00:00,-0.363666,2020-11-30T17:00:00,9.846629,5.000000
2020-12-01T00:00:00,-0.070641,2020-12-01T17:00:00,9.981644,5.000000
2020-12-02T00:00:00,0.139013,2020-12-02T17:00:00,10.016375,5.000000
2020-12-03T00:00:00,0.178266,2020-12-03T17:00:00,10.068320,5.000000
2020-12-04T00:00:00,0.111997,2020-12-04T17:00:00,10.106564,5.000000
2020-12-05T00:00:00,-0.066313,2020-12-05T17:00:00,10.084811,5.000000
2020-12-06T00:00:00,0.048420,2020-12-06T17:00:00,10.128266,5.000000
2020-12-07T00:00:00,-0.375430,2020-12-07T17:00:00,10.093650,5.000000
2020-12-08T00:00:00,0.069193,2020-12-08T17:00:00,10.080258,5.000000
2020-12-09T00:00:00,0.349377,2020-12-09T17:00:00,10.027039,5.000000
2020-12-10T00:00:00,0.689677,2020-12-10T17:00:00,10.106305,5.000000
2020-12-11T00:00:00,0.495564,2020-12-11T17:00:00,10.115689,5.000000
2020-12-12T00:00:00,1.101145,2020-12-12T17:00:00,10.084224,5.000000
2020-12-13T00:00:00,0.981267,2020-12-13T17:00:00,9.963618,5.000000
