timestamp,signal,available_at,price,cost_bps
2010-01-01T00:00:00,,2010-01-01T00:00:00,97.441025,5.000000
2010-01-02T00:00:00,-0.136484,2010-01-02T00:00:00,97.308124,5.000000
2010-01-03T00:00:00,0.952411,2010-01-03T00:00:00,98.239325,5.000000
2010-01-04T00:00:00,1.462472,2010-01-04T00:00:00,99.686604,5.000000
2010-01-05T00:00:00,0.556146,2010-01-05T00:00:00,100.242551,5.000000
2010-01-06T00:00:00,-1.458743,2010-01-06T00:00:00,98.790884,5.000000
2010-01-07T00:00:00,-0.487540,2010-01-07T00:00:00,98.310412,5.000000
2010-01-08T00:00:00,-0.018724,2010-01-08T00:00:00,98.292005,5.000000
2010-01-09T00:00:00,-0.184405,2010-01-09T00:00:00,98.110917,5.000000
2010-01-10T00:00:00,-0.093800,2010-01-10T00:00:00,98.018933,5.000000
2010-01-11T00:00:00,-0.964604,2010-01-11T00:00:00,97.077983,5.000000
2010-01-12T00:00:00,-0.762353,2010-01-12T00:00:00,96.340720,5.000000
2010-01-13T00:00:00,-1.945262,2010-01-13T00:00:00,94.484751,5.000000
2010-01-14T00:00:00,1.194305,2010-01-14T00:00:00,95.619952,5.000000
2010-01-15T00:00:00,-0.333437,2010-01-15T00:00:00,95.301651,5.000000
2010-01-16T00:00:00,0.668628,2010-01-16T00:00:00,95.940999,5.000000
2010-01-17T00:00:00,0.368406,2010-01-17T00:00:00,96.295104,5.000000
2010-01-18T00:00:00,-0.169438,2010-01-18T00:00:00,96.132081,5.000000
2010-01-19T00:00:00,-0.564047,2010-01-19T00:00:00,95.591378,5.000000
2010-01-20T00:00:00,0.216691,2010-01-20T00:00:00,95.798741,5.000000
2010-01-21T00:00:00,-0.430178,2010-01-21T00:00:00,95.387520,5.000000
2010-01-22T00:00:00,-0.389497,2010-01-22T00:00:00,95.016711,5.000000
2010-01-23T00:00:00,0.037042,2010-01-23T00:00:00,95.051914,5.000000
2010-01-24T00:00:00,0.819438,2010-01-24T00:00:00,95.834005,5.000000
2010-01-25T00:00:00,0.567474,2010-01-25T00:00:00,96.379385,5.000000
2010-01-26T00:00:00,-0.160657,2010-01-26T00:00:00,96.224669,5.000000
2010-01-27T00:00:00,0.424068,2010-01-27T00:00:00,96.633593,5.000000
2010-01-28T00:00:00,-0.180876,2010-01-28T00:00:00,96.458964,5.000000
2010-01-29T00:00:00,-1.832786,2010-01-29T00:00:00,94.707180,5.000000
2010-01-30T00:00:00,-0.413789,2010-01-30T00:00:00,94.316102,5.000000
2010-01-31T00:00:00,-2.145125,2010-01-31T00:00:00,92.314450,5.000000
2010-02-01T00:00:00,1.492085,2010-02-01T00:00:00,93.702187,5.000000
2010-02-02T00:00:00,1.173234,2010-02-02T00:00:00,94.808007,5.000000
2010-02-03T00:00:00,1.494262,2010-02-03T00:00:00,96.235325,5.000000
2010-02-04T00:00:00,-1.045848,2010-02-04T00:00:00,95.234094,5.000000
2010-02-05T00:00:00,0.293613,2010-02-05T00:00:00,95.514124,5.000000
2010-02-06T00:00:00,0.743085,2010-02-06T00:00:00,96.226519,5.000000
2010-02-07T00:00:00,-1.802236,2010-02-07T00:00:00,94.507824,5.000000
2010-02-08T00:00:00,-0.245985,2010-02-08T00:00:00,94.275635,5.000000
2010-02-09T00:00:00,0.347873,2010-02-09T00:00:00,94.604165,5.000000
2010-02-10T00:00:00,-0.375569,2010-02-10T00:00:00,94.249528,5.000000
2010-02-11T00:00:00,-0.443190,2010-02-11T00:00:00,93.832747,5.000000
2010-02-12T00:00:00,-0.140754,2010-02-12T00:00:00,93.700767,5.000000
2010-02-13T00:00:00,-1.003041,2010-02-13T00:00:00,92.765608,5.000000
2010-02-14T00:00:00,-1.356676,2010-02-14T00:00:00,91.515577,5.000000
2010-02-15T00:00:00,0.176889,2010-02-15T00:00:00,91.677601,5.000000
2010-02-16T00:00:00,0.035943,2010-02-16T00:00:00,91.710559,5.000000
2010-02-17T00:00:00,-1.313766,2010-02-17T00:00:00,90.513577,5.000000
2010-02-18T00:00:00,-0.845292,2010-02-18T00:00:00,89.751697,5.000000
2010-02-19T00:00:00,-0.396708,2010-02-19T00:00:00,89.396350,5.000000
2010-02-20T00:00:00,-1.640143,2010-02-20T00:00:00,87.942081,5.000000
2010-02-21T00:00:00,1.414670,2010-02-21T00:00:00,89.195013,5.000000
2010-02-22T00:00:00,0.608444,2010-02-22T00:00:00,89.739369,5.000000
2010-02-23T00:00:00,0.876367,2010-02-23T00:00:00,90.529271,5.000000
2010-02-24T00:00:00,-1.010887,2010-02-24T00:00:00,89.618733,5.000000
2010-02-25T00:00:00,1.119276,2010-02-25T00:00:00,90.627449,5.000000
2010-02-26T00:00:00,-0.539634,2010-02-26T00:00:00,90.139709,5.000000
2010-02-27T00:00:00,-1.476475,2010-02-27T00:00:00,88.818596,5.000000
2010-02-28T00:00:00,1.001449,2010-02-28T00:00:00,89.712537,5.000000
2010-03-01T00:00:00,-1.458512,2010-03-01T00:00:00,88.413565,5.000000
2010-03-02T00:00:00,-0.428468,2010-03-02T00:00:00,88.035552,5.000000
2010-03-03T00:00:00,0.385428,2010-03-03T00:00:00,88.375521,5.000000
2010-03-04T00:00:00,0.481570,2010-03-04T00:00:00,88.802138,5.000000
2010-03-05T00:00:00,1.802169,2010-03-05T00:00:00,90.417010,5.000000
2010-03-06T00:00:00,1.076699,2010-03-06T00:00:00,91.395788,5.000000
2010-03-07T00:00:00,-1.818069,2010-03-07T00:00:00,89.749163,5.000000
2010-03-08T00:00:00,-0.935874,2010-03-08T00:00:00,88.913143,5.000000
2010-03-09T00:00:00,-0.699926,2010-03-09T00:00:00,88.292990,5.000000
2010-03-10T00:00:00,0.130278,2010-03-10T00:00:00,88.408091,5.000000
2010-03-11T00:00:00,-0.474298,2010-03-11T00:00:00,87.989766,5.000000
2010-03-12T00:00:00,-0.103961,2010-03-12T00:00:00,87.898339,5.000000
2010-03-13T00:00:00,-2.130190,2010-03-13T00:00:00,86.045739,5.000000
2010-03-14T00:00:00,1.172481,2010-03-14T00:00:00,87.060547,5.000000
2010-03-15T00:00:00,-0.530316,2010-03-15T00:00:00,86.600073,5.000000
2010-03-16T00:00:00,-1.177784,2010-03-16T00:00:00,85.586094,5.000000
2010-03-17T00:00:00,-0.441591,2010-03-17T00:00:00,85.208986,5.000000
2010-03-18T00:00:00,0.116591,2010-03-18T00:00:00,85.308390,5.000000
2010-03-19T00:00:00,-0.282974,2010-03-19T00:00:00,85.067331,5.000000
2010-03-20T00:00:00,-1.523785,2010-03-20T00:00:00,83.780914,5.000000
2010-03-21T00:00:00,1.141460,2010-03-21T00:00:00,84.742718,5.000000
2010-03-22T00:00:00,-0.423826,2010-03-22T00:00:00,84.384316,5.000000
2010-03-23T00:00:00,-0.724877,2010-03-23T00:00:00,83.774845,5.000000
2010-03-24T00:00:00,-0.061587,2010-03-24T00:00:00,83.723267,5.000000
2010-03-25T00:00:00,0.021143,2010-03-25T00:00:00,83.740970,5.000000
2010-03-26T00:00:00,0.409187,2010-03-26T00:00:00,84.084329,5.000000
2010-03-27T00:00:00,1.745804,2010-03-27T00:00:00,85.565165,5.000000
2010-03-28T00:00:00,-2.051364,2010-03-28T00:00:00,83.827793,5.000000
2010-03-29T00:00:00,-0.175537,2010-03-29T00:00:00,83.680774,5.000000
2010-03-30T00:00:00,-0.714864,2010-03-30T00:00:00,83.084703,5.000000
2010-03-31T00:00:00,-0.146904,2010-03-31T00:00:00,82.962738,5.000000
2010-04-01T00:00:00,0.437456,2010-04-01T00:00:00,83.326458,5.000000
2010-04-02T00:00:00,0.556026,2010-04-02T00:00:00,83.791065,5.000000
2010-04-03T00:00:00,-1.026502,2010-04-03T00:00:00,82.935348,5.000000
2010-04-04T00:00:00,-1.159341,2010-04-04T00:00:00,81.979396,5.000000
2010-04-05T00:00:00,0.477816,2010-04-05T00:00:00,82.372044,5.000000
2010-04-06T00:00:00,0.402545,2010-04-06T00:00:00,82.704297,5.000000
2010-04-07T00:00:00,-0.376736,2010-04-07T00:00:00,82.393306,5.000000
2010-04-08T00:00:00,0.713059,2010-04-08T00:00:00,82.982919,5.000000
2010-04-09T00:00:00,-0.839810,2010-04-09T00:00:00,82.288938,5.000000
2010-04-10T00:00:00,-0.980049,2010-04-10T00:00:00,81.486405,5.000000
2010-04-11T00:00:00,-0.475819,2010-04-11T00:00:00,81.099598,5.000000
2010-04-12T00:00:00,-1.281407,2010-04-12T00:00:00,80.067012,5.000000
2010-04-13T00:00:00,-1.338492,2010-04-13T00:00:00,79.002462,5.000000
2010-04-14T00:00:00,0.152574,2010-04-14T00:00:00,79.123091,5.000000
2010-04-15T00:00:00,1.992078,2010-04-15T00:00:00,80.715089,5.000000
2010-04-16T00:00:00,0.369862,2010-04-16T00:00:00,81.014176,5.000000
2010-04-17T00:00:00,1.634217,2010-04-17T00:00:00,82.349001,5.000000
2010-04-18T00:00:00,0.107569,2010-04-18T00:00:00,82.437630,5.000000
2010-04-19T00:00:00,0.056194,2010-04-19T00:00:00,82.483968,5.000000
2010-04-20T00:00:00,-1.468656,2010-04-20T00:00:00,81.281414,5.000000
2010-04-21T00:00:00,1.299872,2010-04-21T00:00:00,82.344865,5.000000
2010-04-22T00:00:00,0.694551,2010-04-22T00:00:00,82.918783,5.000000
2010-04-23T00:00:00,1.609001,2010-04-23T00:00:00,84.263738,5.000000
2010-04-24T00:00:00,1.578236,2010-04-24T00:00:00,85.604169,5.000000
2010-04-25T00:00:00,0.326193,2010-04-25T00:00:00,85.883860,5.000000
2010-04-26T00:00:00,0.835574,2010-04-26T00:00:00,86.604490,5.000000
2010-04-27T00:00:00,-0.900405,2010-04-27T00:00:00,85.828198,5.000000
2010-04-28T00:00:00,0.330141,2010-04-28T00:00:00,86.112021,5.000000
2010-04-29T00:00:00,-0.868016,2010-04-29T00:00:00,85.367790,5.000000
2010-04-30T00:00:00,-0.592794,2010-04-30T00:00:00,84.863232,5.000000
2010-05-01T00:00:00,0.734442,2010-05-01T00:00:00,85.488797,5.000000
2010-05-02T00:00:00,-0.200852,2010-05-02T00:00:00,85.317263,5.000000
2010-05-03T00:00:00,1.038497,2010-05-03T00:00:00,86.207897,5.000000
2010-05-04T00:00:00,-1.647759,2010-05-04T00:00:00,84.799039,5.000000
2010-05-05T00:00:00,-0.842028,2010-05-05T00:00:00,84.088004,5.000000
2010-05-06T00:00:00,-0.097631,2010-05-06T00:00:00,84.005948,5.000000
2010-05-07T00:00:00,1.927430,2010-05-07T00:00:00,85.640809,5.000000
2010-05-08T00:00:00,0.886532,2010-05-08T00:00:00,86.403418,5.000000
2010-05-09T00:00:00,0.382244,2010-05-09T00:00:00,86.734321,5.000000
2010-05-10T00:00:00,-0.583307,2010-05-10T00:00:00,86.229867,5.000000
2010-05-11T00:00:00,-0.966112,2010-05-11T00:00:00,85.400801,5.000000
2010-05-12T00:00:00,0.522918,2010-05-12T00:00:00,85.848547,5.000000
2010-05-13T00:00:00,0.141234,2010-05-13T00:00:00,85.969880,5.000000
2010-05-14T00:00:00,0.399153,2010-05-14T00:00:00,86.313717,5.000000
2010-05-15T00:00:00,-1.637128,2010-05-15T00:00:00,84.912155,5.000000
2010-05-16T00:00:00,-0.654538,2010-05-16T00:00:00,84.358188,5.000000
2010-05-17T00:00:00,1.242323,2010-05-17T00:00:00,85.412725,5.000000
2010-05-18T00:00:00,-0.527127,2010-05-18T00:00:00,84.963676,5.000000
2010-05-19T00:00:00,-0.045568,2010-05-19T00:00:00,84.924969,5.000000
2010-05-20T00:00:00,0.831450,2010-05-20T00:00:00,85.634020,5.000000
2010-05-21T00:00:00,0.612445,2010-05-21T00:00:00,86.160091,5.000000
2010-05-22T00:00:00,1.206865,2010-05-22T00:00:00,87.206227,5.000000
2010-05-23T00:00:00,-0.843711,2010-05-23T00:00:00,86.473553,5.000000
2010-05-24T00:00:00,1.271276,2010-05-24T00:00:00,87.579888,5.000000
2010-05-25T00:00:00,-1.159590,2010-05-25T00:00:00,86.570186,5.000000
2010-05-26T00:00:00,1.408205,2010-05-26T00:00:00,87.797895,5.000000
2010-05-27T00:00:00,-0.359916,2010-05-27T00:00:00,87.482464,5.000000
2010-05-28T00:00:00,0.476708,2010-05-28T00:00:00,87.900496,5.000000
2010-05-29T00:00:00,0.700208,2010-05-29T00:00:00,88.518141,5.000000
2010-05-30T00:00:00,-0.016661,2010-05-30T00:00:00,88.503394,5.000000
2010-05-31T00:00:00,0.118146,2010-05-31T00:00:00,88.608019,5.000000
2010-06-01T00:00:00,-0.655377,2010-06-01T00:00:00,88.029201,5.000000
2010-06-02T00:00:00,-1.131756,2010-06-02T00:00:00,87.038542,5.000000
2010-06-03T00:00:00,-1.445347,2010-06-03T00:00:00,85.789581,5.000000
2010-06-04T00:00:00,-2.903137,2010-06-04T00:00:00,83.334797,5.000000
2010-06-05T00:00:00,1.130174,2010-06-05T00:00:00,84.281967,5.000000
2010-06-06T00:00:00,-0.159943,2010-06-06T00:00:00,84.147272,5.000000
2010-06-07T00:00:00,-0.885159,2010-06-07T00:00:00,83.405721,5.000000
2010-06-08T00:00:00,0.027563,2010-06-08T00:00:00,83.428714,5.000000
2010-06-09T00:00:00,1.800018,2010-06-09T00:00:00,84.944043,5.000000
2010-06-10T00:00:00,-1.394062,2010-06-10T00:00:00,83.768086,5.000000
2010-06-11T00:00:00,1.703698,2010-06-11T00:00:00,85.207468,5.000000
2010-06-12T00:00:00,0.552699,2010-06-12T00:00:00,85.679713,5.000000
2010-06-13T00:00:00,1.598445,2010-06-13T00:00:00,87.060260,5.000000
2010-06-14T00:00:00,1.650568,2010-06-14T00:00:00,88.509174,5.000000
2010-06-15T00:00:00,-0.781202,2010-06-15T00:00:00,87.820432,5.000000
2010-06-16T00:00:00,-2.243545,2010-06-16T00:00:00,85.872078,5.000000
2010-06-17T00:00:00,0.362591,2010-06-17T00:00:00,86.184008,5.000000
2010-06-18T00:00:00,0.013349,2010-06-18T00:00:00,86.195513,5.000000
2010-06-19T00:00:00,0.682890,2010-06-19T00:00:00,86.786148,5.000000
2010-06-20T00:00:00,-1.167528,2010-06-20T00:00:00,85.778787,5.000000
2010-06-21T00:00:00,-1.241659,2010-06-21T00:00:00,84.720293,5.000000
2010-06-22T00:00:00,-0.255451,2010-06-22T00:00:00,84.504150,5.000000
2010-06-23T00:00:00,0.451121,2010-06-23T00:00:00,84.886227,5.000000
2010-06-24T00:00:00,0.097246,2010-06-24T00:00:00,84.968816,5.000000
2010-06-25T00:00:00,-0.890101,2010-06-25T00:00:00,84.215864,5.000000
2010-06-26T00:00:00,-1.524242,2010-06-26T00:00:00,82.941944,5.000000
2010-06-27T00:00:00,0.267650,2010-06-27T00:00:00,83.164235,5.000000
2010-06-28T00:00:00,0.313738,2010-06-28T00:00:00,83.425563,5.000000
2010-06-29T00:00:00,-0.017728,2010-06-29T00:00:00,83.410774,5.000000
2010-06-30T00:00:00,0.283284,2010-06-30T00:00:00,83.647398,5.000000
2010-07-01T00:00:00,-0.100412,2010-07-01T00:00:00,83.563449,5.000000
2010-07-02T00:00:00,-0.454394,2010-07-02T00:00:00,83.184603,5.000000
2010-07-03T00:00:00,-1.587230,2010-07-03T00:00:00,81.874695,5.000000
2010-07-04T00:00:00,-0.300725,2010-07-04T00:00:00,81.628847,5.000000
2010-07-05T00:00:00,-0.702298,2010-07-05T00:00:00,81.057578,5.000000
2010-07-06T00:00:00,0.719761,2010-07-06T00:00:00,81.643103,5.000000
2010-07-07T00:00:00,-0.398748,2010-07-07T00:00:00,81.318201,5.000000
2010-07-08T00:00:00,-0.761776,2010-07-08T00:00:00,80.701092,5.000000
2010-07-09T00:00:00,0.215676,2010-07-09T00:00:00,80.875332,5.000000
2010-07-10T00:00:00,-0.168554,2010-07-10T00:00:00,80.739128,5.000000
2010-07-11T00:00:00,0.637118,2010-07-11T00:00:00,81.255174,5.000000
2010-07-12T00:00:00,-1.682934,2010-07-12T00:00:00,79.899146,5.000000
2010-07-13T00:00:00,-1.463747,2010-07-13T00:00:00,78.738142,5.000000
2010-07-14T00:00:00,-1.119897,2010-07-14T00:00:00,77.861275,5.000000
2010-07-15T00:00:00,0.247113,2010-07-15T00:00:00,78.053918,5.000000
2010-07-16T00:00:00,1.195204,2010-07-16T00:00:00,78.992419,5.000000
2010-07-17T00:00:00,-0.708382,2010-07-17T00:00:00,78.434829,5.000000
2010-07-18T00:00:00,0.062246,2010-07-18T00:00:00,78.483667,5.000000
2010-07-19T00:00:00,0.077188,2010-07-19T00:00:00,78.544270,5.000000
2010-07-20T00:00:00,0.581623,2010-07-20T00:00:00,79.002432,5.000000
2010-07-21T00:00:00,-1.837819,2010-07-21T00:00:00,77.563771,5.000000
2010-07-22T00:00:00,-1.014427,2010-07-22T00:00:00,76.780921,5.000000
2010-07-23T00:00:00,1.091273,2010-07-23T00:00:00,77.623399,5.000000
2010-07-24T00:00:00,0.596033,2010-07-24T00:00:00,78.087442,5.000000
2010-07-25T00:00:00,1.363859,2010-07-25T00:00:00,79.159740,5.000000
2010-07-26T00:00:00,0.758231,2010-07-26T00:00:00,79.762235,5.000000
2010-07-27T00:00:00,0.391847,2010-07-27T00:00:00,80.075394,5.000000
2010-07-28T00:00:00,-0.326826,2010-07-28T00:00:00,79.814114,5.000000
2010-07-29T00:00:00,-1.913616,2010-07-29T00:00:00,78.301299,5.000000
2010-07-30T00:00:00,-1.226657,2010-07-30T00:00:00,77.346678,5.000000
2010-07-31T00:00:00,-1.661066,2010-07-31T00:00:00,76.072510,5.000000
2010-08-01T00:00:00,0.889721,2010-08-01T00:00:00,76.752363,5.000000
2010-08-02T00:00:00,-0.558588,2010-08-02T00:00:00,76.324829,5.000000
2010-08-03T00:00:00,-1.802884,2010-08-03T00:00:00,74.961111,5.000000
2010-08-04T00:00:00,-0.468510,2010-08-04T00:00:00,74.610732,5.000000
2010-08-05T00:00:00,-1.030144,2010-08-05T00:00:00,73.846079,5.000000
2010-08-06T00:00:00,-0.676344,2010-08-06T00:00:00,73.348311,5.000000
2010-08-07T00:00:00,-1.196862,2010-08-07T00:00:00,72.475665,5.000000
2010-08-08T00:00:00,-1.448022,2010-08-08T00:00:00,71.433764,5.000000
2010-08-09T00:00:00,-1.030247,2010-08-09T00:00:00,70.701597,5.000000
2010-08-10T00:00:00,0.348521,2010-08-10T00:00:00,70.948437,5.000000
2010-08-11T00:00:00,-1.216645,2010-08-11T00:00:00,70.090476,5.000000
2010-08-12T00:00:00,-0.426192,2010-08-12T00:00:00,69.792392,5.000000
2010-08-13T00:00:00,0.058554,2010-08-13T00:00:00,69.833270,5.000000
2010-08-14T00:00:00,0.566608,2010-08-14T00:00:00,70.230074,5.000000
2010-08-15T00:00:00,-0.950285,2010-08-15T00:00:00,69.565849,5.000000
2010-08-16T00:00:00,-1.242907,2010-08-16T00:00:00,68.706561,5.000000
2010-08-17T00:00:00,-0.369202,2010-08-17T00:00:00,68.453363,5.000000
2010-08-18T00:00:00,1.128785,2010-08-18T00:00:00,69.230431,5.000000
2010-08-19T00:00:00,-0.222944,2010-08-19T00:00:00,69.076258,5.000000
2010-08-20T00:00:00,-1.636843,2010-08-20T00:00:00,67.954791,5.000000
2010-08-21T00:00:00,0.695379,2010-08-21T00:00:00,68.428981,5.000000
2010-08-22T00:00:00,0.422952,2010-08-22T00:00:00,68.719016,5.000000
2010-08-23T00:00:00,-0.194782,2010-08-23T00:00:00,68.585294,5.000000
2010-08-24T00:00:00,0.281599,2010-08-24T00:00:00,68.778701,5.000000
2010-08-25T00:00:00,1.686611,2010-08-25T00:00:00,69.948568,5.000000
2010-08-26T00:00:00,0.276632,2010-08-26T00:00:00,70.142336,5.000000
2010-08-27T00:00:00,1.188787,2010-08-27T00:00:00,70.981155,5.000000
2010-08-28T00:00:00,0.285209,2010-08-28T00:00:00,71.183888,5.000000
2010-08-29T00:00:00,-0.049510,2010-08-29T00:00:00,71.148653,5.000000
2010-08-30T00:00:00,0.121750,2010-08-30T00:00:00,71.235330,5.000000
2010-08-31T00:00:00,-0.895005,2010-08-31T00:00:00,70.600615,5.000000
2010-09-01T00:00:00,-0.885224,2010-09-01T00:00:00,69.978399,5.000000
2010-09-02T00:00:00,1.605780,2010-09-02T00:00:00,71.111168,5.000000
2010-09-03T00:00:00,-0.043727,2010-09-03T00:00:00,71.080080,5.000000
2010-09-04T00:00:00,0.266716,2010-09-04T00:00:00,71.269915,5.000000
2010-09-05T00:00:00,0.386579,2010-09-05T00:00:00,71.545963,5.000000
2010-09-06T00:00:00,-0.000287,2010-09-06T00:00:00,71.545758,5.000000
2010-09-07T00:00:00,-1.610410,2010-09-07T00:00:00,70.402805,5.000000
2010-09-08T00:00:00,2.432478,2010-09-08T00:00:00,72.136336,5.000000
2010-09-09T00:00:00,0.066833,2010-09-09T00:00:00,72.184563,5.000000
2010-09-10T00:00:00,-1.748329,2010-09-10T00:00:00,70.933507,5.000000
2010-09-11T00:00:00,0.890632,2010-09-11T00:00:00,71.568086,5.000000
2010-09-12T00:00:00,-0.214442,2010-09-12T00:00:00,71.414778,5.000000
2010-09-13T00:00:00,-1.074650,2010-09-13T00:00:00,70.651428,5.000000
2010-09-14T00:00:00,1.383634,2010-09-14T00:00:00,71.635780,5.000000
2010-09-15T00:00:00,1.218795,2010-09-15T00:00:00,72.514215,5.000000
2010-09-16T00:00:00,0.243722,2010-09-16T00:00:00,72.691164,5.000000
2010-09-17T00:00:00,0.277477,2010-09-17T00:00:00,72.893145,5.000000
2010-09-18T00:00:00,-0.237938,2010-09-18T00:00:00,72.719911,5.000000
2010-09-19T00:00:00,0.603878,2010-09-19T00:00:00,73.160379,5.000000
2010-09-20T00:00:00,1.473833,2010-09-20T00:00:00,74.246626,5.000000
2010-09-21T00:00:00,-2.036590,2010-09-21T00:00:00,72.749821,5.000000
2010-09-22T00:00:00,0.172444,2010-09-22T00:00:00,72.875382,5.000000
2010-09-23T00:00:00,0.144062,2010-09-23T00:00:00,72.980443,5.000000
2010-09-24T00:00:00,0.123974,2010-09-24T00:00:00,73.070976,5.000000
2010-09-25T00:00:00,-0.953233,2010-09-25T00:00:00,72.377749,5.000000
2010-09-26T00:00:00,1.006947,2010-09-26T00:00:00,73.110236,5.000000
2010-09-27T00:00:00,0.446504,2010-09-27T00:00:00,73.437405,5.000000
2010-09-28T00:00:00,-1.178853,2010-09-28T00:00:00,72.576769,5.000000
2010-09-29T00:00:00,0.970393,2010-09-29T00:00:00,73.284477,5.000000
2010-09-30T00:00:00,0.391366,2010-09-30T00:00:00,73.571850,5.000000
2010-10-01T00:00:00,0.252028,2010-10-01T00:00:00,73.757505,5.000000
2010-10-02T00:00:00,-0.877771,2010-10-02T00:00:00,73.112916,5.000000
2010-10-03T00:00:00,-0.003404,2010-10-03T00:00:00,73.110428,5.000000
2010-10-04T00:00:00,2.369840,2010-10-04T00:00:00,74.863721,5.000000
2010-10-05T00:00:00,-0.776931,2010-10-05T00:00:00,74.284335,5.000000
2010-10-06T00:00:00,-0.343314,2010-10-06T00:00:00,74.029744,5.000000
2010-10-07T00:00:00,0.099712,2010-10-07T00:00:00,74.103597,5.000000
2010-10-08T00:00:00,2.060993,2010-10-08T00:00:00,75.646714,5.000000
2010-10-09T00:00:00,0.836994,2010-10-09T00:00:00,76.282530,5.000000
2010-10-10T00:00:00,0.416951,2010-10-10T00:00:00,76.601254,5.000000
2010-10-11T00:00:00,-0.448700,2010-10-11T00:00:00,76.258314,5.000000
2010-10-12T00:00:00,0.144866,2010-10-12T00:00:00,76.368867,5.000000
2010-10-13T00:00:00,-0.305580,2010-10-13T00:00:00,76.135855,5.000000
2010-10-14T00:00:00,1.015850,2010-10-14T00:00:00,76.913222,5.000000
2010-10-15T00:00:00,0.173721,2010-10-15T00:00:00,77.046953,5.000000
2010-10-16T00:00:00,-0.312205,2010-10-16T00:00:00,76.806783,5.000000
2010-10-17T00:00:00,-0.553672,2010-10-17T00:00:00,76.382701,5.000000
2010-10-18T00:00:00,-1.400923,2010-10-18T00:00:00,75.320098,5.000000
2010-10-19T00:00:00,0.384615,2010-10-19T00:00:00,75.610348,5.000000
2010-10-20T00:00:00,-1.870883,2010-10-20T00:00:00,74.208918,5.000000
2010-10-21T00:00:00,-0.349869,2010-10-21T00:00:00,73.949738,5.000000
2010-10-22T00:00:00,-1.791231,2010-10-22T00:00:00,72.636920,5.000000
2010-10-23T00:00:00,-0.742806,2010-10-23T00:00:00,72.099367,5.000000
2010-10-24T00:00:00,0.399376,2010-10-24T00:00:00,72.387891,5.000000
2010-10-25T00:00:00,0.282341,2010-10-25T00:00:00,72.592560,5.000000
2010-10-26T00:00:00,-0.685004,2010-10-26T00:00:00,72.096998,5.000000
2010-10-27T00:00:00,-0.002129,2010-10-27T00:00:00,72.095462,5.000000
2010-10-28T00:00:00,-0.242184,2010-10-28T00:00:00,71.921070,5.000000
2010-10-29T00:00:00,-0.204007,2010-10-29T00:00:00,71.774496,5.000000
2010-10-30T00:00:00,1.492346,2010-10-30T00:00:00,72.853652,5.000000
2010-10-31T00:00:00,-0.419626,2010-10-31T00:00:00,72.548580,5.000000
2010-11-01T00:00:00,-0.879090,2010-11-01T00:00:00,71.913608,5.000000
2010-11-02T00:00:00,1.498896,2010-11-02T00:00:00,72.999637,5.000000
2010-11-03T00:00:00,-1.741462,2010-11-03T00:00:00,71.739382,5.000000
2010-11-04T00:00:00,1.015822,2010-11-04T00:00:00,72.471840,5.000000
2010-11-05T00:00:00,-0.220844,2010-11-05T00:00:00,72.311967,5.000000
2010-11-06T00:00:00,-0.519726,2010-11-06T00:00:00,71.937118,5.000000
2010-11-07T00:00:00,1.697016,2010-11-07T00:00:00,73.168320,5.000000
2010-11-08T00:00:00,0.584614,2010-11-08T00:00:00,73.597325,5.000000
2010-11-09T00:00:00,-0.555370,2010-11-09T00:00:00,73.189720,5.000000
2010-11-10T00:00:00,0.675914,2010-11-10T00:00:00,73.686095,5.000000
2010-11-11T00:00:00,0.937017,2010-11-11T00:00:00,74.379791,5.000000
2010-11-12T00:00:00,1.484455,2010-11-12T00:00:00,75.492162,5.000000
2010-11-13T00:00:00,-0.846403,2010-11-13T00:00:00,74.855891,5.000000
2010-11-14T00:00:00,-0.879081,2010-11-14T00:00:00,74.200731,5.000000
2010-11-15T00:00:00,-0.491630,2010-11-15T00:00:00,73.836833,5.000000
2010-11-16T00:00:00,-0.510079,2010-11-16T00:00:00,73.461166,5.000000
2010-11-17T00:00:00,-0.285541,2010-11-17T00:00:00,73.251703,5.000000
2010-11-18T00:00:00,-0.785423,2010-11-18T00:00:00,72.678621,5.000000
2010-11-19T00:00:00,-0.321335,2010-11-19T00:00:00,72.445454,5.000000
2010-11-20T00:00:00,-0.308960,2010-11-20T00:00:00,72.221972,5.000000
2010-11-21T00:00:00,0.794706,2010-11-21T00:00:00,72.798211,5.000000
2010-11-22T00:00:00,1.657088,2010-11-22T00:00:00,74.014591,5.000000
2010-11-23T00:00:00,1.949709,2010-11-23T00:00:00,75.471820,5.000000
2010-11-24T00:00:00,1.711547,2010-11-24T00:00:00,76.774674,5.000000
2010-11-25T00:00:00,-0.729515,2010-11-25T00:00:00,76.216629,5.000000
2010-11-26T00:00:00,-2.329380,2010-11-26T00:00:00,74.461772,5.000000
2010-11-27T00:00:00,-0.897644,2010-11-27T00:00:00,73.796361,5.000000
2010-11-28T00:00:00,0.167215,2010-11-28T00:00:00,73.919863,5.000000
2010-11-29T00:00:00,0.321122,2010-11-29T00:00:00,74.157618,5.000000
2010-11-30T00:00:00,1.033662,2010-11-30T00:00:00,74.928133,5.000000
2010-12-01T00:00:00,0.021730,2010-12-01T00:00:00,74.944417,5.000000
2010-12-02T00:00:00,-0.175452,2010-12-02T00:00:00,74.813041,5.000000
2010-12-03T00:00:00,0.565810,2010-12-03T00:00:00,75.237540,5.000000
2010-12-04T00:00:00,-1.456711,2010-12-04T00:00:00,74.149491,5.000000
2010-12-05T00:00:00,-1.063624,2010-12-05T00:00:00,73.364998,5.000000
2010-12-06T00:00:00,-0.889831,2010-12-06T00:00:00,72.715069,5.000000
2010-12-07T00:00:00,-0.198910,2010-12-07T00:00:00,72.570576,5.000000
2010-12-08T00:00:00,0.890390,2010-12-08T00:00:00,73.219622,5.000000
2010-12-09T00:00:00,-1.747025,2010-12-09T00:00:00,71.951566,5.000000
2010-12-10T00:00:00,0.404986,2010-12-10T00:00:00,72.243550,5.000000
2010-12-11T00:00:00,0.540653,2010-12-11T00:00:00,72.635195,5.000000
2010-12-12T00:00:00,0.789752,2010-12-12T00:00:00,73.211104,5.000000
2010-12-13T00:00:00,-1.662450,2010-12-13T00:00:00,72.004067,5.000000
2010-12-14T00:00:00,0.854017,2010-12-14T00:00:00,72.621627,5.000000
2010-12-15T00:00:00,-0.254633,2010-12-15T00:00:00,72.436943,5.000000
2010-12-16T00:00:00,0.898203,2010-12-16T00:00:00,73.090505,5.000000
2010-12-17T00:00:00,0.386213,2010-12-17T00:00:00,73.373336,5.000000
2010-12-18T00:00:00,0.351669,2010-12-18T00:00:00,73.631821,5.000000
2010-12-19T00:00:00,-0.763831,2010-12-19T00:00:00,73.071541,5.000000
2010-12-20T00:00:00,0.466563,2010-12-20T00:00:00,73.413262,5.000000
2010-12-21T00:00:00,-0.184620,2010-12-21T00:00:00,73.277852,5.000000
2010-12-22T00:00:00,-1.728655,2010-12-22T00:00:00,72.022016,5.000000
2010-12-23T00:00:00,0.352373,2010-12-23T00:00:00,72.276250,5.000000
2010-12-24T00:00:00,1.395898,2010-12-24T00:00:00,73.292227,5.000000
2010-12-25T00:00:00,-0.729036,2010-12-25T00:00:00,72.759843,5.000000
2010-12-26T00:00:00,0.644268,2010-12-26T00:00:00,73.230125,5.000000
2010-12-27T00:00:00,0.354025,2010-12-27T00:00:00,73.489837,5.000000
2010-12-28T00:00:00,0.466934,2010-12-28T00:00:00,73.833789,5.000000
2010-12-29T00:00:00,-1.702401,2010-12-29T00:00:00,72.587480,5.000000
2010-12-30T00:00:00,0.952366,2010-12-30T00:00:00,73.282081,5.000000
2010-12-31T00:00:00,0.422751,2010-12-31T00:00:00,73.592537,5.000000
2011-01-01T00:00:00,0.998930,2011-01-01T00:00:00,74.331359,5.000000
2011-01-02T00:00:00,-1.495216,2011-01-02T00:00:00,73.228212,5.000000
2011-01-03T00:00:00,-0.863794,2011-01-03T00:00:00,72.598396,5.000000
2011-01-04T00:00:00,0.531213,2011-01-04T00:00:00,72.985074,5.000000
2011-01-05T00:00:00,-0.391832,2011-01-05T00:00:00,72.699654,5.000000
2011-01-06T00:00:00,1.159554,2011-01-06T00:00:00,73.547553,5.000000
2011-01-07T00:00:00,-1.111911,2011-01-07T00:00:00,72.734299,5.000000
2011-01-08T00:00:00,-0.113326,2011-01-08T00:00:00,72.651919,5.000000
2011-01-09T00:00:00,-1.178012,2011-01-09T00:00:00,71.801092,5.000000
2011-01-10T00:00:00,0.622449,2011-01-10T00:00:00,72.249411,5.000000
2011-01-11T00:00:00,-0.753702,2011-01-11T00:00:00,71.706913,5.000000
2011-01-12T00:00:00,1.031288,2011-01-12T00:00:00,72.450245,5.000000
2011-01-13T00:00:00,0.639496,2011-01-13T00:00:00,72.915046,5.000000
2011-01-14T00:00:00,-0.899662,2011-01-14T00:00:00,72.261998,5.000000
2011-01-15T00:00:00,0.834141,2011-01-15T00:00:00,72.867286,5.000000
2011-01-16T00:00:00,-1.793075,2011-01-16T00:00:00,71.572365,5.000000
2011-01-17T00:00:00,-0.093777,2011-01-17T00:00:00,71.505278,5.000000
2011-01-18T00:00:00,-1.216831,2011-01-18T00:00:00,70.640451,5.000000
2011-01-19T00:00:00,-1.486721,2011-01-19T00:00:00,69.597993,5.000000
2011-01-20T00:00:00,0.041604,2011-01-20T00:00:00,69.626955,5.000000
2011-01-21T00:00:00,0.815872,2011-01-21T00:00:00,70.197345,5.000000
2011-01-22T00:00:00,0.999130,2011-01-22T00:00:00,70.902224,5.000000
2011-01-23T00:00:00,0.291279,2011-01-23T00:00:00,71.109049,5.000000
2011-01-24T00:00:00,-0.660413,2011-01-24T00:00:00,70.640983,5.000000
2011-01-25T00:00:00,-0.980163,2011-01-25T00:00:00,69.951968,5.000000
2011-01-26T00:00:00,0.064447,2011-01-26T00:00:00,69.997065,5.000000
2011-01-27T00:00:00,1.210493,2011-01-27T00:00:00,70.849523,5.000000
2011-01-28T00:00:00,-0.606686,2011-01-28T00:00:00,70.420991,5.000000
2011-01-29T00:00:00,0.238943,2011-01-29T00:00:00,70.589458,5.000000
2011-01-30T00:00:00,0.565863,2011-01-30T00:00:00,70.990030,5.000000
2011-01-31T00:00:00,-0.612828,2011-01-31T00:00:00,70.556313,5.000000
2011-02-01T00:00:00,-1.481251,2011-02-01T00:00:00,69.518900,5.000000
2011-02-02T00:00:00,1.975885,2011-02-02T00:00:00,70.906173,5.000000
2011-02-03T00:00:00,-1.019190,2011-02-03T00:00:00,70.187175,5.000000
2011-02-04T00:00:00,0.221186,2011-02-04T00:00:00,70.342591,5.000000
2011-02-05T00:00:00,-1.732235,2011-02-05T00:00:00,69.134584,5.000000
2011-02-06T00:00:00,-1.540527,2011-02-06T00:00:00,68.077709,5.000000
2011-02-07T00:00:00,-0.777084,2011-02-07T00:00:00,67.550738,5.000000
2011-02-08T00:00:00,-0.047874,2011-02-08T00:00:00,67.518407,5.000000
2011-02-09T00:00:00,0.082761,2011-02-09T00:00:00,67.574309,5.000000
2011-02-10T00:00:00,-0.786764,2011-02-10T00:00:00,67.044744,5.000000
2011-02-11T00:00:00,-0.233022,2011-02-11T00:00:00,66.888697,5.000000
2011-02-12T00:00:00,-0.655005,2011-02-12T00:00:00,66.452005,5.000000
2011-02-13T00:00:00,2.227060,2011-02-13T00:00:00,67.948533,5.000000
2011-02-14T00:00:00,-0.001626,2011-02-14T00:00:00,67.947428,5.000000
2011-02-15T00:00:00,0.331552,2011-02-15T00:00:00,68.173084,5.000000
2011-02-16T00:00:00,-0.157234,2011-02-16T00:00:00,68.065976,5.000000
2011-02-17T00:00:00,-0.562996,2011-02-17T00:00:00,67.683845,5.000000
2011-02-18T00:00:00,-0.448672,2011-02-18T00:00:00,67.380846,5.000000
2011-02-19T00:00:00,-2.065836,2011-02-19T00:00:00,66.003148,5.000000
2011-02-20T00:00:00,0.232363,2011-02-20T00:00:00,66.156694,5.000000
2011-02-21T00:00:00,1.355160,2011-02-21T00:00:00,67.059325,5.000000
2011-02-22T00:00:00,0.903590,2011-02-22T00:00:00,67.668013,5.000000
2011-02-23T00:00:00,0.531642,2011-02-23T00:00:00,68.028722,5.000000
2011-02-24T00:00:00,-0.342082,2011-02-24T00:00:00,67.796406,5.000000
2011-02-25T00:00:00,-0.850590,2011-02-25T00:00:00,67.222182,5.000000
2011-02-26T00:00:00,0.867061,2011-02-26T00:00:00,67.807574,5.000000
2011-02-27T00:00:00,0.556217,2011-02-27T00:00:00,68.185781,5.000000
2011-02-28T00:00:00,-0.237629,2011-02-28T00:00:00,68.023944,5.000000
2011-03-01T00:00:00,-1.068285,2011-03-01T00:00:00,67.301122,5.000000
2011-03-02T00:00:00,0.706646,2011-03-02T00:00:00,67.778387,5.000000
2011-03-03T00:00:00,0.784901,2011-03-03T00:00:00,68.312474,5.000000
2011-03-04T00:00:00,-0.642840,2011-03-04T00:00:00,67.874742,5.000000
2011-03-05T00:00:00,0.846733,2011-03-05T00:00:00,68.451900,5.000000
2011-03-06T00:00:00,0.763989,2011-03-06T00:00:00,68.976867,5.000000
2011-03-07T00:00:00,-1.053006,2011-03-07T00:00:00,68.254348,5.000000
2011-03-08T00:00:00,-0.331925,2011-03-08T00:00:00,68.028170,5.000000
2011-03-09T00:00:00,-0.105979,2011-03-09T00:00:00,67.956113,5.000000
2011-03-10T00:00:00,-1.715281,2011-03-10T00:00:00,66.800414,5.000000
2011-03-11T00:00:00,-1.202898,2011-03-11T00:00:00,66.001687,5.000000
2011-03-12T00:00:00,-0.066374,2011-03-12T00:00:00,65.957894,5.000000
2011-03-13T00:00:00,-2.244912,2011-03-13T00:00:00,64.493694,5.000000
2011-03-14T00:00:00,0.583928,2011-03-14T00:00:00,64.871392,5.000000
2011-03-15T00:00:00,-0.076402,2011-03-15T00:00:00,64.821848,5.000000
2011-03-16T00:00:00,-1.513124,2011-03-16T00:00:00,63.848396,5.000000
2011-03-17T00:00:00,0.516182,2011-03-17T00:00:00,64.178822,5.000000
2011-03-18T00:00:00,0.440906,2011-03-18T00:00:00,64.462415,5.000000
2011-03-19T00:00:00,-2.106353,2011-03-19T00:00:00,63.118809,5.000000
2011-03-20T00:00:00,-0.545987,2011-03-20T00:00:00,62.775128,5.000000
2011-03-21T00:00:00,-1.116609,2011-03-21T00:00:00,62.078074,5.000000
2011-03-22T00:00:00,-0.974572,2011-03-22T00:00:00,61.476017,5.000000
2011-03-23T00:00:00,-0.031605,2011-03-23T00:00:00,61.456591,5.000000
2011-03-24T00:00:00,-0.769442,2011-03-24T00:00:00,60.985533,5.000000
2011-03-25T00:00:00,-0.210623,2011-03-25T00:00:00,60.857218,5.000000
2011-03-26T00:00:00,0.313411,2011-03-26T00:00:00,61.048251,5.000000
2011-03-27T00:00:00,0.002305,2011-03-27T00:00:00,61.049658,5.000000
2011-03-28T00:00:00,0.720814,2011-03-28T00:00:00,61.491302,5.000000
2011-03-29T00:00:00,0.226621,2011-03-29T00:00:00,61.630813,5.000000
2011-03-30T00:00:00,-0.258487,2011-03-30T00:00:00,61.471711,5.000000
2011-03-31T00:00:00,-0.311560,2011-03-31T00:00:00,61.280488,5.000000
2011-04-01T00:00:00,-2.515559,2011-04-01T00:00:00,59.758169,5.000000
2011-04-02T00:00:00,-0.722021,2011-04-02T00:00:00,59.328256,5.000000
2011-04-03T00:00:00,-0.730476,2011-04-03T00:00:00,58.896456,5.000000
2011-04-04T00:00:00,-0.112912,2011-04-04T00:00:00,58.829993,5.000000
2011-04-05T00:00:00,-0.840104,2011-04-05T00:00:00,58.337830,5.000000
2011-04-06T00:00:00,0.105122,2011-04-06T00:00:00,58.399188,5.000000
2011-04-07T00:00:00,-0.001717,2011-04-07T00:00:00,58.398185,5.000000
2011-04-08T00:00:00,0.000313,2011-04-08T00:00:00,58.398368,5.000000
2011-04-09T00:00:00,0.350270,2011-04-09T00:00:00,58.603278,5.000000
2011-04-10T00:00:00,-0.217574,2011-04-10T00:00:00,58.475911,5.000000
2011-04-11T00:00:00,-0.161099,2011-04-11T00:00:00,58.381783,5.000000
2011-04-12T00:00:00,-1.093904,2011-04-12T00:00:00,57.746623,5.000000
2011-04-13T00:00:00,0.010173,2011-04-13T00:00:00,57.752498,5.000000
2011-04-14T00:00:00,0.497311,2011-04-14T00:00:00,58.040423,5.000000
2011-04-15T00:00:00,-1.597402,2011-04-15T00:00:00,57.120650,5.000000
2011-04-16T00:00:00,0.366606,2011-04-16T00:00:00,57.330442,5.000000
2011-04-17T00:00:00,-0.521091,2011-04-17T00:00:00,57.032475,5.000000
2011-04-18T00:00:00,-1.149710,2011-04-18T00:00:00,56.380522,5.000000
2011-04-19T00:00:00,0.364200,2011-04-19T00:00:00,56.586234,5.000000
2011-04-20T00:00:00,-1.222303,2011-04-20T00:00:00,55.898789,5.000000
2011-04-21T00:00:00,1.009018,2011-04-21T00:00:00,56.465672,5.000000
2011-04-22T00:00:00,-0.282589,2011-04-22T00:00:00,56.306332,5.000000
2011-04-23T00:00:00,-1.916769,2011-04-23T00:00:00,55.237347,5.000000
2011-04-24T00:00:00,-1.475694,2011-04-24T00:00:00,54.428198,5.000000
2011-04-25T00:00:00,0.437060,2011-04-25T00:00:00,54.666603,5.000000
2011-04-26T00:00:00,-0.756562,2011-04-26T00:00:00,54.254576,5.000000
2011-04-27T00:00:00,0.508361,2011-04-27T00:00:00,54.531087,5.000000
2011-04-28T00:00:00,0.037728,2011-04-28T00:00:00,54.551665,5.000000
2011-04-29T00:00:00,-1.371241,2011-04-29T00:00:00,53.808736,5.000000
2011-04-30T00:00:00,0.818652,2011-04-30T00:00:00,54.251050,5.000000
2011-05-01T00:00:00,-0.340290,2011-05-01T00:00:00,54.066753,5.000000
2011-05-02T00:00:00,1.653508,2011-05-02T00:00:00,54.968183,5.000000
2011-05-03T00:00:00,-0.532489,2011-05-03T00:00:00,54.676261,5.000000
2011-05-04T00:00:00,1.090834,2011-05-04T00:00:00,55.275953,5.000000
2011-05-05T00:00:00,0.497231,2011-05-05T00:00:00,55.551487,5.000000
2011-05-06T00:00:00,3.432092,2011-05-06T00:00:00,57.491160,5.000000
2011-05-07T00:00:00,0.269918,2011-05-07T00:00:00,57.646549,5.000000
2011-05-08T00:00:00,0.482044,2011-05-08T00:00:00,57.925101,5.000000
2011-05-09T00:00:00,-1.097468,2011-05-09T00:00:00,57.292868,5.000000
2011-05-10T00:00:00,-0.736351,2011-05-10T00:00:00,56.872540,5.000000
2011-05-11T00:00:00,0.071602,2011-05-11T00:00:00,56.913276,5.000000
2011-05-12T00:00:00,0.280471,2011-05-12T00:00:00,57.073126,5.000000
2011-05-13T00:00:00,-0.163739,2011-05-13T00:00:00,56.979751,5.000000
2011-05-14T00:00:00,0.593992,2011-05-14T00:00:00,57.319214,5.000000
2011-05-15T00:00:00,-0.111115,2011-05-15T00:00:00,57.255559,5.000000
2011-05-16T00:00:00,0.761662,2011-05-16T00:00:00,57.693318,5.000000
2011-05-17T00:00:00,1.895594,2011-05-17T00:00:00,58.797380,5.000000
2011-05-18T00:00:00,0.161195,2011-05-18T00:00:00,58.892235,5.000000
2011-05-19T00:00:00,-1.188754,2011-05-19T00:00:00,58.196296,5.000000
2011-05-20T00:00:00,0.139778,2011-05-20T00:00:00,58.277698,5.000000
2011-05-21T00:00:00,-1.056263,2011-05-21T00:00:00,57.665372,5.000000
2011-05-22T00:00:00,-1.349856,2011-05-22T00:00:00,56.892202,5.000000
2011-05-23T00:00:00,-0.485858,2011-05-23T00:00:00,56.616457,5.000000
2011-05-24T00:00:00,0.751618,2011-05-24T00:00:00,57.043600,5.000000
2011-05-25T00:00:00,-0.572807,2011-05-25T00:00:00,56.717784,5.000000
2011-05-26T00:00:00,-0.407944,2011-05-26T00:00:00,56.486879,5.000000
2011-05-27T00:00:00,1.767153,2011-05-27T00:00:00,57.493960,5.000000
2011-05-28T00:00:00,0.117446,2011-05-28T00:00:00,57.561524,5.000000
2011-05-29T00:00:00,0.086899,2011-05-29T00:00:00,57.611566,5.000000
2011-05-30T00:00:00,1.134304,2011-05-30T00:00:00,58.268777,5.000000
2011-05-31T00:00:00,1.606981,2011-05-31T00:00:00,59.212709,5.000000
2011-06-01T00:00:00,-1.486475,2011-06-01T00:00:00,58.339037,5.000000
2011-06-02T00:00:00,1.833801,2011-06-02T00:00:00,59.418728,5.000000
2011-06-03T00:00:00,0.610285,2011-06-03T00:00:00,59.782461,5.000000
2011-06-04T00:00:00,1.570949,2011-06-04T00:00:00,60.729028,5.000000
2011-06-05T00:00:00,-0.216994,2011-06-05T00:00:00,60.597393,5.000000
2011-06-06T00:00:00,0.850842,2011-06-06T00:00:00,61.115180,5.000000
2011-06-07T00:00:00,0.086733,2011-06-07T00:00:00,61.168211,5.000000
2011-06-08T00:00:00,1.067180,2011-06-08T00:00:00,61.824481,5.000000
2011-06-09T00:00:00,-0.141397,2011-06-09T00:00:00,61.737125,5.000000
2011-06-10T00:00:00,-1.919913,2011-06-10T00:00:00,60.563132,5.000000
2011-06-11T00:00:00,1.334836,2011-06-11T00:00:00,61.376970,5.000000
2011-06-12T00:00:00,-0.211332,2011-06-12T00:00:00,61.247398,5.000000
2011-06-13T00:00:00,0.658539,2011-06-13T00:00:00,61.652067,5.000000
2011-06-14T00:00:00,-0.416556,2011-06-14T00:00:00,61.395785,5.000000
2011-06-15T00:00:00,-0.805680,2011-06-15T00:00:00,60.903119,5.000000
2011-06-16T00:00:00,-1.347153,2011-06-16T00:00:00,60.088163,5.000000
2011-06-17T00:00:00,0.796952,2011-06-17T00:00:00,60.568950,5.000000
2011-06-18T00:00:00,0.040888,2011-06-18T00:00:00,60.593720,5.000000
2011-06-19T00:00:00,-0.683036,2011-06-19T00:00:00,60.181254,5.000000
2011-06-20T00:00:00,2.039299,2011-06-20T00:00:00,61.421129,5.000000
2011-06-21T00:00:00,0.314708,2011-06-21T00:00:00,61.614731,5.000000
2011-06-22T00:00:00,1.091660,2011-06-22T00:00:00,62.291039,5.000000
2011-06-23T00:00:00,0.680582,2011-06-23T00:00:00,62.716426,5.000000
2011-06-24T00:00:00,0.159563,2011-06-24T00:00:00,62.816578,5.000000
2011-06-25T00:00:00,-1.148588,2011-06-25T00:00:00,62.099203,5.000000
2011-06-26T00:00:00,-1.168425,2011-06-26T00:00:00,61.377842,5.000000
2011-06-27T00:00:00,0.798405,2011-06-27T00:00:00,61.869848,5.000000
2011-06-28T00:00:00,-0.556677,2011-06-28T00:00:00,61.526389,5.000000
2011-06-29T00:00:00,-1.458526,2011-06-29T00:00:00,60.635523,5.000000
2011-06-30T00:00:00,-1.297410,2011-06-30T00:00:00,59.853913,5.000000
2011-07-01T00:00:00,1.025122,2011-07-01T00:00:00,60.470644,5.000000
2011-07-02T00:00:00,0.327605,2011-07-02T00:00:00,60.669074,5.000000
2011-07-03T00:00:00,-0.217130,2011-07-03T00:00:00,60.537486,5.000000
2011-07-04T00:00:00,0.180326,2011-07-04T00:00:00,60.646749,5.000000
2011-07-05T00:00:00,0.500572,2011-07-05T00:00:00,60.951091,5.000000
2011-07-06T00:00:00,-1.447408,2011-07-06T00:00:00,60.075233,5.000000
2011-07-07T00:00:00,0.606492,2011-07-07T00:00:00,60.440692,5.000000
2011-07-08T00:00:00,1.293919,2011-07-08T00:00:00,61.227827,5.000000
2011-07-09T00:00:00,-1.336379,2011-07-09T00:00:00,60.415034,5.000000
2011-07-10T00:00:00,1.223310,2011-07-10T00:00:00,61.158637,5.000000
2011-07-11T00:00:00,-1.814027,2011-07-11T00:00:00,60.059205,5.000000
2011-07-12T00:00:00,-0.016561,2011-07-12T00:00:00,60.049259,5.000000
2011-07-13T00:00:00,-1.893390,2011-07-13T00:00:00,58.922988,5.000000
2011-07-14T00:00:00,-1.035023,2011-07-14T00:00:00,58.316267,5.000000
2011-07-15T00:00:00,0.091586,2011-07-15T00:00:00,58.369701,5.000000
2011-07-16T00:00:00,-0.098379,2011-07-16T00:00:00,58.312306,5.000000
2011-07-17T00:00:00,2.317598,2011-07-17T00:00:00,59.679533,5.000000
2011-07-18T00:00:00,-1.765975,2011-07-18T00:00:00,58.634859,5.000000
2011-07-19T00:00:00,-1.491128,2011-07-19T00:00:00,57.767025,5.000000
2011-07-20T00:00:00,1.319284,2011-07-20T00:00:00,58.534185,5.000000
2011-07-21T00:00:00,-0.069021,2011-07-21T00:00:00,58.493799,5.000000
2011-07-22T00:00:00,2.292346,2011-07-22T00:00:00,59.850166,5.000000
2011-07-23T00:00:00,-0.130943,2011-07-23T00:00:00,59.771847,5.000000
2011-07-24T00:00:00,-1.928383,2011-07-24T00:00:00,58.630260,5.000000
2011-07-25T00:00:00,0.461647,2011-07-25T00:00:00,58.901551,5.000000
2011-07-26T00:00:00,0.411583,2011-07-26T00:00:00,59.144479,5.000000
2011-07-27T00:00:00,-1.105725,2011-07-27T00:00:00,58.494106,5.000000
2011-07-28T00:00:00,-0.063319,2011-07-28T00:00:00,58.457080,5.000000
2011-07-29T00:00:00,0.277930,2011-07-29T00:00:00,58.619776,5.000000
2011-07-30T00:00:00,-0.922260,2011-07-30T00:00:00,58.081635,5.000000
2011-07-31T00:00:00,0.792194,2011-07-31T00:00:00,58.543581,5.000000
2011-08-01T00:00:00,-0.012875,2011-08-01T00:00:00,58.536044,5.000000
2011-08-02T00:00:00,1.581905,2011-08-02T00:00:00,59.469392,5.000000
2011-08-03T00:00:00,-0.455784,2011-08-03T00:00:00,59.198956,5.000000
2011-08-04T00:00:00,0.040732,2011-08-04T00:00:00,59.223074,5.000000
2011-08-05T00:00:00,1.200004,2011-08-05T00:00:00,59.938034,5.000000
2011-08-06T00:00:00,0.910681,2011-08-06T00:00:00,60.486372,5.000000
2011-08-07T00:00:00,0.036588,2011-08-07T00:00:00,60.508506,5.000000
2011-08-08T00:00:00,0.811463,2011-08-08T00:00:00,61.001508,5.000000
2011-08-09T00:00:00,-0.367778,2011-08-09T00:00:00,60.777570,5.000000
2011-08-10T00:00:00,0.178209,2011-08-10T00:00:00,60.885978,5.000000
2011-08-11T00:00:00,0.457797,2011-08-11T00:00:00,61.165351,5.000000
2011-08-12T00:00:00,-0.742757,2011-08-12T00:00:00,60.712724,5.000000
2011-08-13T00:00:00,1.083111,2011-08-13T00:00:00,61.373885,5.000000
2011-08-14T00:00:00,0.698083,2011-08-14T00:00:00,61.803824,5.000000
2011-08-15T00:00:00,-1.303373,2011-08-15T00:00:00,61.003517,5.000000
2011-08-16T00:00:00,-1.306016,2011-08-16T00:00:00,60.211981,5.000000
2011-08-17T00:00:00,-0.470347,2011-08-17T00:00:00,59.929441,5.000000
2011-08-18T00:00:00,0.438162,2011-08-18T00:00:00,60.192605,5.000000
2011-08-19T00:00:00,-1.178119,2011-08-19T00:00:00,59.487625,5.000000
2011-08-20T00:00:00,-0.922697,2011-08-20T00:00:00,58.941260,5.000000
2011-08-21T00:00:00,-1.592173,2011-08-21T00:00:00,58.010244,5.000000
2011-08-22T00:00:00,-0.445446,2011-08-22T00:00:00,57.752415,5.000000
2011-08-23T00:00:00,1.867169,2011-08-23T00:00:00,58.840880,5.000000
2011-08-24T00:00:00,2.255271,2011-08-24T00:00:00,60.182978,5.000000
2011-08-25T00:00:00,0.156953,2011-08-25T00:00:00,60.277511,5.000000
2011-08-26T00:00:00,-0.726893,2011-08-26T00:00:00,59.840947,5.000000
2011-08-27T00:00:00,0.515252,2011-08-27T00:00:00,60.150074,5.000000
2011-08-28T00:00:00,-1.441296,2011-08-28T00:00:00,59.289352,5.000000
2011-08-29T00:00:00,0.268411,2011-08-29T00:00:00,59.448704,5.000000
2011-08-30T00:00:00,1.905620,2011-08-30T00:00:00,60.592434,5.000000
2011-08-31T00:00:00,1.406254,2011-08-31T00:00:00,61.450537,5.000000
2011-09-01T00:00:00,-1.246070,2011-09-01T00:00:00,60.689571,5.000000
2011-09-02T00:00:00,0.861217,2011-09-02T00:00:00,61.214498,5.000000
2011-09-03T00:00:00,0.781671,2011-09-03T00:00:00,61.694869,5.000000
2011-09-04T00:00:00,0.114858,2011-09-04T00:00:00,61.765771,5.000000
2011-09-05T00:00:00,-0.030429,2011-09-05T00:00:00,61.746980,5.000000
2011-09-06T00:00:00,-1.956183,2011-09-06T00:00:00,60.550833,5.000000
2011-09-07T00:00:00,0.699837,2011-09-07T00:00:00,60.976077,5.000000
2011-09-08T00:00:00,0.063327,2011-09-08T00:00:00,61.014703,5.000000
2011-09-09T00:00:00,1.342318,2011-09-09T00:00:00,61.839237,5.000000
2011-09-10T00:00:00,-1.014800,2011-09-10T00:00:00,61.214865,5.000000
2011-09-11T00:00:00,0.100091,2011-09-11T00:00:00,61.276167,5.000000
2011-09-12T00:00:00,0.771134,2011-09-12T00:00:00,61.750514,5.000000
2011-09-13T00:00:00,-1.526234,2011-09-13T00:00:00,60.815213,5.000000
2011-09-14T00:00:00,0.646050,2011-09-14T00:00:00,61.209381,5.000000
2011-09-15T00:00:00,-1.698150,2011-09-15T00:00:00,60.178730,5.000000
2011-09-16T00:00:00,-0.364489,2011-09-16T00:00:00,59.959784,5.000000
2011-09-17T00:00:00,0.432174,2011-09-17T00:00:00,60.219476,5.000000
2011-09-18T00:00:00,-1.200930,2011-09-18T00:00:00,59.500607,5.000000
2011-09-19T00:00:00,1.504344,2011-09-19T00:00:00,60.402467,5.000000
2011-09-20T00:00:00,1.102618,2011-09-20T00:00:00,61.072161,5.000000
2011-09-21T00:00:00,-0.009662,2011-09-21T00:00:00,61.066260,5.000000
2011-09-22T00:00:00,1.376858,2011-09-22T00:00:00,61.912871,5.000000
2011-09-23T00:00:00,-0.790999,2011-09-23T00:00:00,61.425072,5.000000
2011-09-24T00:00:00,1.035112,2011-09-24T00:00:00,62.064193,5.000000
2011-09-25T00:00:00,0.834441,2011-09-25T00:00:00,62.584248,5.000000
2011-09-26T00:00:00,-0.255918,2011-09-26T00:00:00,62.424289,5.000000
2011-09-27T00:00:00,0.095438,2011-09-27T00:00:00,62.483894,5.000000
2011-09-28T00:00:00,1.070853,2011-09-28T00:00:00,63.156600,5.000000
2011-09-29T00:00:00,-0.563607,2011-09-29T00:00:00,62.801646,5.000000
2011-09-30T00:00:00,-1.223512,2011-09-30T00:00:00,62.037941,5.000000
2011-10-01T00:00:00,1.108488,2011-10-01T00:00:00,62.729450,5.000000
2011-10-02T00:00:00,0.082221,2011-10-02T00:00:00,62.781048,5.000000
2011-10-03T00:00:00,1.509038,2011-10-03T00:00:00,63.735623,5.000000
2011-10-04T00:00:00,0.966936,2011-10-04T00:00:00,64.354895,5.000000
2011-10-05T00:00:00,0.978994,2011-10-05T00:00:00,64.988019,5.000000
2011-10-06T00:00:00,1.271690,2011-10-06T00:00:00,65.819742,5.000000
2011-10-07T00:00:00,1.528230,2011-10-07T00:00:00,66.833345,5.000000
2011-10-08T00:00:00,1.142620,2011-10-08T00:00:00,67.601376,5.000000
2011-10-09T00:00:00,1.242110,2011-10-09T00:00:00,68.446295,5.000000
2011-10-10T00:00:00,-0.391388,2011-10-10T00:00:00,68.178928,5.000000
2011-10-11T00:00:00,-0.008971,2011-10-11T00:00:00,68.172812,5.000000
2011-10-12T00:00:00,1.864039,2011-10-12T00:00:00,69.455498,5.000000
2011-10-13T00:00:00,-0.689772,2011-10-13T00:00:00,68.978062,5.000000
2011-10-14T00:00:00,-0.622306,2011-10-14T00:00:00,68.550140,5.000000
2011-10-15T00:00:00,-0.870538,2011-10-15T00:00:00,67.955975,5.000000
2011-10-16T00:00:00,0.710648,2011-10-16T00:00:00,68.440623,5.000000
2011-10-17T00:00:00,0.544449,2011-10-17T00:00:00,68.814263,5.000000
2011-10-18T00:00:00,-0.807787,2011-10-18T00:00:00,68.260630,5.000000
2011-10-19T00:00:00,-0.005278,2011-10-19T00:00:00,68.257027,5.000000
2011-10-20T00:00:00,-0.084620,2011-10-20T00:00:00,68.199293,5.000000
2011-10-21T00:00:00,-0.074331,2011-10-21T00:00:00,68.148618,5.000000
2011-10-22T00:00:00,0.198849,2011-10-22T00:00:00,68.284266,5.000000
2011-10-23T00:00:00,-0.101204,2011-10-23T00:00:00,68.215194,5.000000
2011-10-24T00:00:00,-0.088769,2011-10-24T00:00:00,68.154667,5.000000
2011-10-25T00:00:00,-0.312262,2011-10-25T00:00:00,67.942179,5.000000
2011-10-26T00:00:00,-3.181387,2011-10-26T00:00:00,65.814696,5.000000
2011-10-27T00:00:00,-0.206822,2011-10-27T00:00:00,65.678718,5.000000
2011-10-28T00:00:00,-0.764182,2011-10-28T00:00:00,65.178726,5.000000
2011-10-29T00:00:00,-0.906404,2011-10-29T00:00:00,64.590612,5.000000
2011-10-30T00:00:00,1.343740,2011-10-30T00:00:00,65.464400,5.000000
2011-10-31T00:00:00,-0.770614,2011-10-31T00:00:00,64.961861,5.000000
2011-11-01T00:00:00,1.456381,2011-11-01T00:00:00,65.914876,5.000000
2011-11-02T00:00:00,1.228607,2011-11-02T00:00:00,66.729706,5.000000
2011-11-03T00:00:00,-0.214042,2011-11-03T00:00:00,66.587029,5.000000
2011-11-04T00:00:00,0.333782,2011-11-04T00:00:00,66.809656,5.000000
2011-11-05T00:00:00,0.334553,2011-11-05T00:00:00,67.033544,5.000000
2011-11-06T00:00:00,0.882317,2011-11-06T00:00:00,67.627609,5.000000
2011-11-07T00:00:00,-0.500229,2011-11-07T00:00:00,67.290161,5.000000
2011-11-08T00:00:00,-0.255810,2011-11-08T00:00:00,67.118246,5.000000
2011-11-09T00:00:00,2.459674,2011-11-09T00:00:00,68.789607,5.000000
2011-11-10T00:00:00,-0.730905,2011-11-10T00:00:00,68.288653,5.000000
2011-11-11T00:00:00,-0.474595,2011-11-11T00:00:00,67.965326,5.000000
2011-11-12T00:00:00,1.484396,2011-11-12T00:00:00,68.981726,5.000000
2011-11-13T00:00:00,-0.341904,2011-11-13T00:00:00,68.746278,5.000000
2011-11-14T00:00:00,0.632501,2011-11-14T00:00:00,69.182476,5.000000
2011-11-15T00:00:00,2.050595,2011-11-15T00:00:00,70.615774,5.000000
2011-11-16T00:00:00,-0.236784,2011-11-16T00:00:00,70.448765,5.000000
2011-11-17T00:00:00,0.853149,2011-11-17T00:00:00,71.052369,5.000000
2011-11-18T00:00:00,0.613468,2011-11-18T00:00:00,71.489592,5.000000
2011-11-19T00:00:00,-2.079369,2011-11-19T00:00:00,70.018409,5.000000
2011-11-20T00:00:00,-1.695002,2011-11-20T00:00:00,68.841597,5.000000
2011-11-21T00:00:00,0.974826,2011-11-21T00:00:00,69.515965,5.000000
2011-11-22T00:00:00,1.269559,2011-11-22T00:00:00,70.404137,5.000000
2011-11-23T00:00:00,-0.527481,2011-11-23T00:00:00,70.033746,5.000000
2011-11-24T00:00:00,-0.923650,2011-11-24T00:00:00,69.389857,5.000000
2011-11-25T00:00:00,-0.019723,2011-11-25T00:00:00,69.376173,5.000000
2011-11-26T00:00:00,-0.452798,2011-11-26T00:00:00,69.062749,5.000000
2011-11-27T00:00:00,-0.709076,2011-11-27T00:00:00,68.574774,5.000000
2011-11-28T00:00:00,0.279760,2011-11-28T00:00:00,68.766887,5.000000
2011-11-29T00:00:00,0.997059,2011-11-29T00:00:00,69.455963,5.000000
2011-11-30T00:00:00,-0.089251,2011-11-30T00:00:00,69.394001,5.000000
2011-12-01T00:00:00,0.582868,2011-12-01T00:00:00,69.799657,5.000000
2011-12-02T00:00:00,1.346702,2011-12-02T00:00:00,70.746009,5.000000
2011-12-03T00:00:00,-0.620314,2011-12-03T00:00:00,70.308519,5.000000
2011-12-04T00:00:00,0.804010,2011-12-04T00:00:00,70.876085,5.000000
2011-12-05T00:00:00,-0.269948,2011-12-05T00:00:00,70.685015,5.000000
2011-12-06T00:00:00,2.161507,2011-12-06T00:00:00,72.229509,5.000000
2011-12-07T00:00:00,-0.487306,2011-12-07T00:00:00,71.878386,5.000000
2011-12-08T00:00:00,-0.849043,2011-12-08T00:00:00,71.270691,5.000000
2011-12-09T00:00:00,-0.011894,2011-12-09T00:00:00,71.262215,5.000000
2011-12-10T00:00:00,-0.726126,2011-12-10T00:00:00,70.746635,5.000000
2011-12-11T00:00:00,-0.458244,2011-12-11T00:00:00,70.423184,5.000000
2011-12-12T00:00:00,-2.437502,2011-12-12T00:00:00,68.727370,5.000000
2011-12-13T00:00:00,0.049892,2011-12-13T00:00:00,68.761668,5.000000
2011-12-14T00:00:00,2.152630,2011-12-14T00:00:00,70.257898,5.000000
2011-12-15T00:00:00,0.930261,2011-12-15T00:00:00,70.914529,5.000000
2011-12-16T00:00:00,0.583039,2011-12-16T00:00:00,71.329197,5.000000
2011-12-17T00:00:00,2.085141,2011-12-17T00:00:00,72.832126,5.000000
2011-12-18T00:00:00,-0.267768,2011-12-18T00:00:00,72.637365,5.000000
2011-12-19T00:00:00,0.062580,2011-12-19T00:00:00,72.682836,5.000000
2011-12-20T00:00:00,1.770089,2011-12-20T00:00:00,73.980841,5.000000
2011-12-21T00:00:00,-1.058152,2011-12-21T00:00:00,73.202139,5.000000
2011-12-22T00:00:00,-1.096123,2011-12-22T00:00:00,72.404135,5.000000
2011-12-23T00:00:00,-0.903956,2011-12-23T00:00:00,71.752583,5.000000
2011-12-24T00:00:00,0.850800,2011-12-24T00:00:00,72.365658,5.000000
2011-12-25T00:00:00,-2.600000,2011-12-25T00:00:00,70.508400,5.000000
2011-12-26T00:00:00,0.208896,2011-12-26T00:00:00,70.655843,5.000000
2011-12-27T00:00:00,1.818759,2011-12-27T00:00:00,71.952660,5.000000
2011-12-28T00:00:00,-1.004309,2011-12-28T00:00:00,71.233649,5.000000
2011-12-29T00:00:00,0.716316,2011-12-29T00:00:00,71.745739,5.000000
2011-12-30T00:00:00,-0.834110,2011-12-30T00:00:00,71.149790,5.000000
2011-12-31T00:00:00,0.062404,2011-12-31T00:00:00,71.194204,5.000000
2012-01-01T00:00:00,1.150526,2012-01-01T00:00:00,72.018042,5.000000
2012-01-02T00:00:00,-0.002812,2012-01-02T00:00:00,72.016017,5.000000
2012-01-03T00:00:00,-0.212558,2012-01-03T00:00:00,71.863104,5.000000
2012-01-04T00:00:00,-2.507182,2012-01-04T00:00:00,70.083764,5.000000
2012-01-05T00:00:00,0.101082,2012-01-05T00:00:00,70.154642,5.000000
2012-01-06T00:00:00,-1.487768,2012-01-06T00:00:00,69.118629,5.000000
2012-01-07T00:00:00,0.535176,2012-01-07T00:00:00,69.489527,5.000000
2012-01-08T00:00:00,-0.328095,2012-01-08T00:00:00,69.261909,5.000000
2012-01-09T00:00:00,0.758983,2012-01-09T00:00:00,69.789595,5.000000
2012-01-10T00:00:00,1.772303,2012-01-10T00:00:00,71.037504,5.000000
2012-01-11T00:00:00,0.461253,2012-01-11T00:00:00,71.365924,5.000000
2012-01-12T00:00:00,-0.345562,2012-01-12T00:00:00,71.119736,5.000000
2012-01-13T00:00:00,-1.874490,2012-01-13T00:00:00,69.799020,5.000000
2012-01-14T00:00:00,-1.051666,2012-01-14T00:00:00,69.068814,5.000000
2012-01-15T00:00:00,-1.024541,2012-01-15T00:00:00,68.364788,5.000000
2012-01-16T00:00:00,-0.304421,2012-01-16T00:00:00,68.156988,5.000000
2012-01-17T00:00:00,-0.754873,2012-01-17T00:00:00,67.644426,5.000000
2012-01-18T00:00:00,-0.071579,2012-01-18T00:00:00,67.596024,5.000000
2012-01-19T00:00:00,-0.906893,2012-01-19T00:00:00,66.985772,5.000000
2012-01-20T00:00:00,0.045933,2012-01-20T00:00:00,67.016548,5.000000
2012-01-21T00:00:00,-0.048452,2012-01-21T00:00:00,66.984085,5.000000
2012-01-22T00:00:00,-0.366946,2012-01-22T00:00:00,66.738739,5.000000
2012-01-23T00:00:00,0.580161,2012-01-23T00:00:00,67.127057,5.000000
2012-01-24T00:00:00,-0.308276,2012-01-24T00:00:00,66.920439,5.000000
2012-01-25T00:00:00,2.794405,2012-01-25T00:00:00,68.816841,5.000000
2012-01-26T00:00:00,-0.898657,2012-01-26T00:00:00,68.201183,5.000000
2012-01-27T00:00:00,-2.534864,2012-01-27T00:00:00,66.494103,5.000000
2012-01-28T00:00:00,0.883670,2012-01-28T00:00:00,67.084296,5.000000
2012-01-29T00:00:00,0.029845,2012-01-29T00:00:00,67.104321,5.000000
2012-01-30T00:00:00,0.556710,2012-01-30T00:00:00,67.478939,5.000000
2012-01-31T00:00:00,0.358519,2012-01-31T00:00:00,67.721298,5.000000
2012-02-01T00:00:00,-2.013680,2012-02-01T00:00:00,66.371246,5.000000
2012-02-02T00:00:00,-0.417366,2012-02-02T00:00:00,66.094812,5.000000
2012-02-03T00:00:00,0.980667,2012-02-03T00:00:00,66.746170,5.000000
2012-02-04T00:00:00,1.318386,2012-02-04T00:00:00,67.631969,5.000000
2012-02-05T00:00:00,-1.794825,2012-02-05T00:00:00,66.428922,5.000000
2012-02-06T00:00:00,-0.801264,2012-02-06T00:00:00,65.898777,5.000000
2012-02-07T00:00:00,-0.950789,2012-02-07T00:00:00,65.275188,5.000000
2012-02-08T00:00:00,-0.873994,2012-02-08T00:00:00,64.707173,5.000000
2012-02-09T00:00:00,1.230049,2012-02-09T00:00:00,65.508018,5.000000
2012-02-10T00:00:00,-0.410246,2012-02-10T00:00:00,65.239824,5.000000
2012-02-11T00:00:00,0.663257,2012-02-11T00:00:00,65.673970,5.000000
2012-02-12T00:00:00,-2.652715,2012-02-12T00:00:00,63.954731,5.000000
2012-02-13T00:00:00,-0.280686,2012-02-13T00:00:00,63.775471,5.000000
2012-02-14T00:00:00,0.713941,2012-02-14T00:00:00,64.232419,5.000000
2012-02-15T00:00:00,0.557832,2012-02-15T00:00:00,64.591730,5.000000
2012-02-16T00:00:00,-1.032659,2012-02-16T00:00:00,63.928149,5.000000
2012-02-17T00:00:00,-0.791552,2012-02-17T00:00:00,63.424122,5.000000
2012-02-18T00:00:00,-1.625659,2012-02-18T00:00:00,62.401397,5.000000
2012-02-19T00:00:00,-0.133909,2012-02-19T00:00:00,62.317892,5.000000
2012-02-20T00:00:00,0.082851,2012-02-20T00:00:00,62.369544,5.000000
2012-02-21T00:00:00,1.734460,2012-02-21T00:00:00,63.460755,5.000000
2012-02-22T00:00:00,0.244906,2012-02-22T00:00:00,63.616365,5.000000
2012-02-23T00:00:00,1.266176,2012-02-23T00:00:00,64.426982,5.000000
2012-02-24T00:00:00,0.793626,2012-02-24T00:00:00,64.940325,5.000000
2012-02-25T00:00:00,-1.779431,2012-02-25T00:00:00,63.794978,5.000000
2012-02-26T00:00:00,0.728324,2012-02-26T00:00:00,64.261308,5.000000
2012-02-27T00:00:00,-0.038784,2012-02-27T00:00:00,64.236390,5.000000
2012-02-28T00:00:00,-0.182930,2012-02-28T00:00:00,64.118990,5.000000
2012-02-29T00:00:00,0.020079,2012-02-29T00:00:00,64.131865,5.000000
2012-03-01T00:00:00,1.083142,2012-03-01T00:00:00,64.830280,5.000000
2012-03-02T00:00:00,1.676219,2012-03-02T00:00:00,65.926136,5.000000
2012-03-03T00:00:00,-1.015417,2012-03-03T00:00:00,65.260098,5.000000
2012-03-04T00:00:00,0.795649,2012-03-04T00:00:00,65.781411,5.000000
2012-03-05T00:00:00,0.496704,2012-03-05T00:00:00,66.108963,5.000000
2012-03-06T00:00:00,-0.519257,2012-03-06T00:00:00,65.766577,5.000000
2012-03-07T00:00:00,0.181392,2012-03-07T00:00:00,65.885980,5.000000
2012-03-08T00:00:00,-0.364934,2012-03-08T00:00:00,65.645978,5.000000
2012-03-09T00:00:00,1.776673,2012-03-09T00:00:00,66.822714,5.000000
2012-03-10T00:00:00,-0.342239,2012-03-10T00:00:00,66.594412,5.000000
2012-03-11T00:00:00,2.111675,2012-03-11T00:00:00,68.015623,5.000000
2012-03-12T00:00:00,-0.815671,2012-03-12T00:00:00,67.463095,5.000000
2012-03-13T00:00:00,0.348165,2012-03-13T00:00:00,67.698387,5.000000
2012-03-14T00:00:00,0.969354,2012-03-14T00:00:00,68.357815,5.000000
2012-03-15T00:00:00,-1.069762,2012-03-15T00:00:00,67.630446,5.000000
2012-03-16T00:00:00,0.432057,2012-03-16T00:00:00,67.923281,5.000000
2012-03-17T00:00:00,0.446167,2012-03-17T00:00:00,68.227009,5.000000
2012-03-18T00:00:00,-0.796058,2012-03-18T00:00:00,67.686039,5.000000
2012-03-19T00:00:00,1.101531,2012-03-19T00:00:00,68.435743,5.000000
2012-03-20T00:00:00,0.177647,2012-03-20T00:00:00,68.557425,5.000000
2012-03-21T00:00:00,-1.479179,2012-03-21T00:00:00,67.550802,5.000000
2012-03-22T00:00:00,1.553037,2012-03-22T00:00:00,68.608079,5.000000
2012-03-23T00:00:00,0.964588,2012-03-23T00:00:00,69.273067,5.000000
2012-03-24T00:00:00,0.842932,2012-03-24T00:00:00,69.859460,5.000000
2012-03-25T00:00:00,-0.168361,2012-03-25T00:00:00,69.741943,5.000000
2012-03-26T00:00:00,-0.932551,2012-03-26T00:00:00,69.094587,5.000000
2012-03-27T00:00:00,0.974522,2012-03-27T00:00:00,69.771221,5.000000
2012-03-28T00:00:00,0.707808,2012-03-28T00:00:00,70.266819,5.000000
2012-03-29T00:00:00,0.163073,2012-03-29T00:00:00,70.381498,5.000000
2012-03-30T00:00:00,-1.049927,2012-03-30T00:00:00,69.646410,5.000000
2012-03-31T00:00:00,-1.735540,2012-03-31T00:00:00,68.448097,5.000000
2012-04-01T00:00:00,-0.317743,2012-04-01T00:00:00,68.230953,5.000000
2012-04-02T00:00:00,-0.285644,2012-04-02T00:00:00,68.036334,5.000000
2012-04-03T00:00:00,-0.401882,2012-04-03T00:00:00,67.763456,5.000000
2012-04-04T00:00:00,-1.226086,2012-04-04T00:00:00,66.937691,5.000000
2012-04-05T00:00:00,-0.453862,2012-04-05T00:00:00,66.634574,5.000000
2012-04-06T00:00:00,0.798693,2012-04-06T00:00:00,67.168911,5.000000
2012-04-07T00:00:00,-0.329325,2012-04-07T00:00:00,66.948071,5.000000
2012-04-08T00:00:00,-0.836339,2012-04-08T00:00:00,66.390493,5.000000
2012-04-09T00:00:00,1.340997,2012-04-09T00:00:00,67.286783,5.000000
2012-04-10T00:00:00,0.490696,2012-04-10T00:00:00,67.617768,5.000000
2012-04-11T00:00:00,0.482511,2012-04-11T00:00:00,67.944819,5.000000
2012-04-12T00:00:00,-1.246537,2012-04-12T00:00:00,67.103119,5.000000
2012-04-13T00:00:00,-0.614869,2012-04-13T00:00:00,66.691789,5.000000
2012-04-14T00:00:00,-0.336093,2012-04-14T00:00:00,66.468019,5.000000
2012-04-15T00:00:00,1.504675,2012-04-15T00:00:00,67.475709,5.000000
2012-04-16T00:00:00,-1.472088,2012-04-16T00:00:00,66.489682,5.000000
2012-04-17T00:00:00,0.490998,2012-04-17T00:00:00,66.816948,5.000000
2012-04-18T00:00:00,1.341066,2012-04-18T00:00:00,67.719043,5.000000
2012-04-19T00:00:00,1.395743,2012-04-19T00:00:00,68.670853,5.000000
2012-04-20T00:00:00,1.588981,2012-04-20T00:00:00,69.770735,5.000000
2012-04-21T00:00:00,-1.470652,2012-04-21T00:00:00,68.752159,5.000000
2012-04-22T00:00:00,1.255526,2012-04-22T00:00:00,69.620802,5.000000
2012-04-23T00:00:00,1.242692,2012-04-23T00:00:00,70.491372,5.000000
2012-04-24T00:00:00,-0.677804,2012-04-24T00:00:00,70.015195,5.000000
2012-04-25T00:00:00,1.446244,2012-04-25T00:00:00,71.035143,5.000000
2012-04-26T00:00:00,0.151472,2012-04-26T00:00:00,71.142823,5.000000
2012-04-27T00:00:00,1.136691,2012-04-27T00:00:00,71.956110,5.000000
2012-04-28T00:00:00,1.599685,2012-04-28T00:00:00,73.116438,5.000000
2012-04-29T00:00:00,1.390538,2012-04-29T00:00:00,74.140252,5.000000
2012-04-30T00:00:00,0.314221,2012-04-30T00:00:00,74.373582,5.000000
2012-05-01T00:00:00,-0.410680,2012-05-01T00:00:00,74.068771,5.000000
2012-05-02T00:00:00,0.852638,2012-05-02T00:00:00,74.703010,5.000000
2012-05-03T00:00:00,0.041637,2012-05-03T00:00:00,74.734120,5.000000
2012-05-04T00:00:00,-0.331208,2012-05-04T00:00:00,74.487004,5.000000
2012-05-05T00:00:00,0.890235,2012-05-05T00:00:00,75.153074,5.000000
2012-05-06T00:00:00,-0.530333,2012-05-06T00:00:00,74.755567,5.000000
2012-05-07T00:00:00,-1.475913,2012-05-07T00:00:00,73.660342,5.000000
2012-05-08T00:00:00,0.441205,2012-05-08T00:00:00,73.986054,5.000000
2012-05-09T00:00:00,-1.179461,2012-05-09T00:00:00,73.118543,5.000000
2012-05-10T00:00:00,-1.573493,2012-05-10T00:00:00,71.977032,5.000000
2012-05-11T00:00:00,-0.518174,2012-05-11T00:00:00,71.605031,5.000000
2012-05-12T00:00:00,-1.512996,2012-05-12T00:00:00,70.529804,5.000000
2012-05-13T00:00:00,-0.441084,2012-05-13T00:00:00,70.219394,5.000000
2012-05-14T00:00:00,-2.283130,2012-05-14T00:00:00,68.634357,5.000000
2012-05-15T00:00:00,1.144633,2012-05-15T00:00:00,69.424481,5.000000
2012-05-16T00:00:00,0.738962,2012-05-16T00:00:00,69.939402,5.000000
2012-05-17T00:00:00,1.016159,2012-05-17T00:00:00,70.653721,5.000000
2012-05-18T00:00:00,-1.084200,2012-05-18T00:00:00,69.891831,5.000000
2012-05-19T00:00:00,-1.732411,2012-05-19T00:00:00,68.691445,5.000000
2012-05-20T00:00:00,0.024157,2012-05-20T00:00:00,68.708041,5.000000
2012-05-21T00:00:00,0.404980,2012-05-21T00:00:00,68.986859,5.000000
2012-05-22T00:00:00,-0.344165,2012-05-22T00:00:00,68.749838,5.000000
2012-05-23T00:00:00,-0.218708,2012-05-23T00:00:00,68.599641,5.000000
2012-05-24T00:00:00,0.845865,2012-05-24T00:00:00,69.182363,5.000000
2012-05-25T00:00:00,0.139438,2012-05-25T00:00:00,69.278897,5.000000
2012-05-26T00:00:00,0.108116,2012-05-26T00:00:00,69.353839,5.000000
2012-05-27T00:00:00,0.750857,2012-05-27T00:00:00,69.876547,5.000000
2012-05-28T00:00:00,-0.756666,2012-05-28T00:00:00,69.349810,5.000000
2012-05-29T00:00:00,0.718755,2012-05-29T00:00:00,69.850061,5.000000
2012-05-30T00:00:00,1.518961,2012-05-30T00:00:00,70.919155,5.000000
2012-05-31T00:00:00,-1.429351,2012-05-31T00:00:00,69.912682,5.000000
2012-06-01T00:00:00,-0.710282,2012-06-01T00:00:00,69.417864,5.000000
2012-06-02T00:00:00,1.401902,2012-06-02T00:00:00,70.397888,5.000000
2012-06-03T00:00:00,1.327813,2012-06-03T00:00:00,71.338874,5.000000
2012-06-04T00:00:00,-2.567896,2012-06-04T00:00:00,69.530286,5.000000
2012-06-05T00:00:00,-0.067926,2012-06-05T00:00:00,69.483074,5.000000
2012-06-06T00:00:00,1.449909,2012-06-06T00:00:00,70.497854,5.000000
2012-06-07T00:00:00,1.512538,2012-06-07T00:00:00,71.572265,5.000000
2012-06-08T00:00:00,-0.728403,2012-06-08T00:00:00,71.052825,5.000000
2012-06-09T00:00:00,1.190389,2012-06-09T00:00:00,71.903684,5.000000
2012-06-10T00:00:00,-0.569752,2012-06-10T00:00:00,71.495176,5.000000
2012-06-11T00:00:00,-0.924285,2012-06-11T00:00:00,70.837401,5.000000
2012-06-12T00:00:00,0.819087,2012-06-12T00:00:00,71.420004,5.000000
2012-06-13T00:00:00,0.592526,2012-06-13T00:00:00,71.844443,5.000000
2012-06-14T00:00:00,-0.228834,2012-06-14T00:00:00,71.680226,5.000000
2012-06-15T00:00:00,2.847947,2012-06-15T00:00:00,73.750988,5.000000
2012-06-16T00:00:00,-0.224269,2012-06-16T00:00:00,73.585773,5.000000
2012-06-17T00:00:00,-1.151340,2012-06-17T00:00:00,72.743409,5.000000
2012-06-18T00:00:00,0.951765,2012-06-18T00:00:00,73.439061,5.000000
2012-06-19T00:00:00,-0.249673,2012-06-19T00:00:00,73.255932,5.000000
2012-06-20T00:00:00,1.272155,2012-06-20T00:00:00,74.193814,5.000000
2012-06-21T00:00:00,-1.282265,2012-06-21T00:00:00,73.248526,5.000000
2012-06-22T00:00:00,1.410406,2012-06-22T00:00:00,74.288948,5.000000
2012-06-23T00:00:00,-0.271516,2012-06-23T00:00:00,74.087515,5.000000
2012-06-24T00:00:00,-0.170210,2012-06-24T00:00:00,73.961518,5.000000
2012-06-25T00:00:00,-1.599217,2012-06-25T00:00:00,72.788120,5.000000
2012-06-26T00:00:00,0.515819,2012-06-26T00:00:00,73.164545,5.000000
2012-06-27T00:00:00,-0.297015,2012-06-27T00:00:00,72.947558,5.000000
2012-06-28T00:00:00,-0.121681,2012-06-28T00:00:00,72.858848,5.000000
2012-06-29T00:00:00,-0.130678,2012-06-29T00:00:00,72.763700,5.000000
2012-06-30T00:00:00,0.357393,2012-06-30T00:00:00,73.024217,5.000000
2012-07-01T00:00:00,1.220666,2012-07-01T00:00:00,73.921062,5.000000
2012-07-02T00:00:00,-0.072421,2012-07-02T00:00:00,73.867547,5.000000
2012-07-03T00:00:00,-0.865235,2012-07-03T00:00:00,73.231176,5.000000
2012-07-04T00:00:00,-1.407216,2012-07-04T00:00:00,72.207872,5.000000
2012-07-05T00:00:00,1.746793,2012-07-05T00:00:00,73.480275,5.000000
2012-07-06T00:00:00,-1.187819,2012-07-06T00:00:00,72.612626,5.000000
2012-07-07T00:00:00,0.351181,2012-07-07T00:00:00,72.868076,5.000000
2012-07-08T00:00:00,-0.077913,2012-07-08T00:00:00,72.811324,5.000000
2012-07-09T00:00:00,-0.650346,2012-07-09T00:00:00,72.339335,5.000000
2012-07-10T00:00:00,0.316216,2012-07-10T00:00:00,72.568445,5.000000
2012-07-11T00:00:00,0.281763,2012-07-11T00:00:00,72.773205,5.000000
2012-07-12T00:00:00,1.364660,2012-07-12T00:00:00,73.773119,5.000000
2012-07-13T00:00:00,0.787721,2012-07-13T00:00:00,74.356540,5.000000
2012-07-14T00:00:00,-0.792775,2012-07-14T00:00:00,73.769391,5.000000
2012-07-15T00:00:00,-0.020051,2012-07-15T00:00:00,73.754601,5.000000
2012-07-16T00:00:00,-0.097254,2012-07-16T00:00:00,73.682907,5.000000
2012-07-17T00:00:00,1.161270,2012-07-17T00:00:00,74.543552,5.000000
2012-07-18T00:00:00,-1.093020,2012-07-18T00:00:00,73.733213,5.000000
2012-07-19T00:00:00,1.935681,2012-07-19T00:00:00,75.174355,5.000000
2012-07-20T00:00:00,0.993911,2012-07-20T00:00:00,75.925247,5.000000
2012-07-21T00:00:00,1.493401,2012-07-21T00:00:00,77.067624,5.000000
2012-07-22T00:00:00,0.497893,2012-07-22T00:00:00,77.452296,5.000000
2012-07-23T00:00:00,0.639400,2012-07-23T00:00:00,77.949112,5.000000
2012-07-24T00:00:00,-1.412397,2012-07-24T00:00:00,76.855900,5.000000
2012-07-25T00:00:00,-0.289843,2012-07-25T00:00:00,76.633461,5.000000
2012-07-26T00:00:00,-0.615569,2012-07-26T00:00:00,76.163178,5.000000
2012-07-27T00:00:00,0.254858,2012-07-27T00:00:00,76.357534,5.000000
2012-07-28T00:00:00,-1.539720,2012-07-28T00:00:00,75.190846,5.000000
2012-07-29T00:00:00,1.652524,2012-07-29T00:00:00,76.443717,5.000000
2012-07-30T00:00:00,1.614648,2012-07-30T00:00:00,77.688032,5.000000
2012-07-31T00:00:00,0.415335,2012-07-31T00:00:00,78.011369,5.000000
2012-08-01T00:00:00,0.746968,2012-08-01T00:00:00,78.596270,5.000000
2012-08-02T00:00:00,1.310592,2012-08-02T00:00:00,79.633126,5.000000
2012-08-03T00:00:00,-1.793053,2012-08-03T00:00:00,78.217987,5.000000
2012-08-04T00:00:00,-1.460382,2012-08-04T00:00:00,77.084006,5.000000
2012-08-05T00:00:00,0.268816,2012-08-05T00:00:00,77.291499,5.000000
2012-08-06T00:00:00,0.490371,2012-08-06T00:00:00,77.671445,5.000000
2012-08-07T00:00:00,0.736685,2012-08-07T00:00:00,78.245752,5.000000
2012-08-08T00:00:00,1.839548,2012-08-08T00:00:00,79.698441,5.000000
2012-08-09T00:00:00,-0.105429,2012-08-09T00:00:00,79.614460,5.000000
2012-08-10T00:00:00,-0.037645,2012-08-10T00:00:00,79.584495,5.000000
2012-08-11T00:00:00,0.837349,2012-08-11T00:00:00,80.253693,5.000000
2012-08-12T00:00:00,1.045377,2012-08-12T00:00:00,81.097046,5.000000
2012-08-13T00:00:00,-0.031420,2012-08-13T00:00:00,81.071570,5.000000
2012-08-14T00:00:00,0.483339,2012-08-14T00:00:00,81.464369,5.000000
2012-08-15T00:00:00,-2.746842,2012-08-15T00:00:00,79.257125,5.000000
2012-08-16T00:00:00,2.039177,2012-08-16T00:00:00,80.889909,5.000000
2012-08-17T00:00:00,0.976152,2012-08-17T00:00:00,81.683384,5.000000
2012-08-18T00:00:00,0.039641,2012-08-18T00:00:00,81.715770,5.000000
2012-08-19T00:00:00,-0.578150,2012-08-19T00:00:00,81.244693,5.000000
2012-08-20T00:00:00,0.066318,2012-08-20T00:00:00,81.298591,5.000000
2012-08-21T00:00:00,0.345423,2012-08-21T00:00:00,81.579901,5.000000
2012-08-22T00:00:00,-0.684729,2012-08-22T00:00:00,81.023207,5.000000
2012-08-23T00:00:00,0.214285,2012-08-23T00:00:00,81.197014,5.000000
2012-08-24T00:00:00,-2.834191,2012-08-24T00:00:00,78.928041,5.000000
2012-08-25T00:00:00,1.441717,2012-08-25T00:00:00,80.074202,5.000000
2012-08-26T00:00:00,-0.334833,2012-08-26T00:00:00,79.806535,5.000000
2012-08-27T00:00:00,-1.200343,2012-08-27T00:00:00,78.854310,5.000000
2012-08-28T00:00:00,-0.268086,2012-08-28T00:00:00,78.643195,5.000000
2012-08-29T00:00:00,1.950427,2012-08-29T00:00:00,80.192130,5.000000
2012-08-30T00:00:00,-0.261080,2012-08-30T00:00:00,79.983037,5.000000
2012-08-31T00:00:00,-1.753197,2012-08-31T00:00:00,78.592998,5.000000
2012-09-01T00:00:00,-0.093192,2012-09-01T00:00:00,78.519790,5.000000
2012-09-02T00:00:00,-0.383220,2012-09-02T00:00:00,78.219462,5.000000
2012-09-03T00:00:00,-0.569955,2012-09-03T00:00:00,77.774915,5.000000
2012-09-04T00:00:00,0.166090,2012-09-04T00:00:00,77.904198,5.000000
2012-09-05T00:00:00,-2.041335,2012-09-05T00:00:00,76.330034,5.000000
2012-09-06T00:00:00,-1.107714,2012-09-06T00:00:00,75.489181,5.000000
2012-09-07T00:00:00,-0.500487,2012-09-07T00:00:00,75.112312,5.000000
2012-09-08T00:00:00,-0.329669,2012-09-08T00:00:00,74.865097,5.000000
2012-09-09T00:00:00,-0.057730,2012-09-09T00:00:00,74.821890,5.000000
2012-09-10T00:00:00,0.066659,2012-09-10T00:00:00,74.871781,5.000000
2012-09-11T00:00:00,0.248423,2012-09-11T00:00:00,75.058011,5.000000
2012-09-12T00:00:00,1.283774,2012-09-12T00:00:00,76.027798,5.000000
2012-09-13T00:00:00,0.506919,2012-09-13T00:00:00,76.414176,5.000000
2012-09-14T00:00:00,-0.597538,2012-09-14T00:00:00,75.958934,5.000000
2012-09-15T00:00:00,-2.239632,2012-09-15T00:00:00,74.276642,5.000000
2012-09-16T00:00:00,1.594146,2012-09-16T00:00:00,75.470208,5.000000
2012-09-17T00:00:00,-0.212162,2012-09-17T00:00:00,75.310259,5.000000
2012-09-18T00:00:00,0.600190,2012-09-18T00:00:00,75.763623,5.000000
2012-09-19T00:00:00,1.899849,2012-09-19T00:00:00,77.216777,5.000000
2012-09-20T00:00:00,-0.528769,2012-09-20T00:00:00,76.809557,5.000000
2012-09-21T00:00:00,0.142222,2012-09-21T00:00:00,76.918875,5.000000
2012-09-22T00:00:00,-1.708514,2012-09-22T00:00:00,75.615867,5.000000
2012-09-23T00:00:00,-0.058399,2012-09-23T00:00:00,75.571721,5.000000
2012-09-24T00:00:00,0.927866,2012-09-24T00:00:00,76.276189,5.000000
2012-09-25T00:00:00,-1.366855,2012-09-25T00:00:00,75.240697,5.000000
2012-09-26T00:00:00,-0.778321,2012-09-26T00:00:00,74.657356,5.000000
2012-09-27T00:00:00,-0.663487,2012-09-27T00:00:00,74.163654,5.000000
2012-09-28T00:00:00,0.130270,2012-09-28T00:00:00,74.260330,5.000000
2012-09-29T00:00:00,-1.095586,2012-09-29T00:00:00,73.451184,5.000000
2012-09-30T00:00:00,1.437561,2012-09-30T00:00:00,74.514716,5.000000
2012-10-01T00:00:00,-0.490131,2012-10-01T00:00:00,74.150390,5.000000
2012-10-02T00:00:00,-0.166559,2012-10-02T00:00:00,74.026988,5.000000
2012-10-03T00:00:00,0.279765,2012-10-03T00:00:00,74.234380,5.000000
2012-10-04T00:00:00,0.990677,2012-10-04T00:00:00,74.973458,5.000000
2012-10-05T00:00:00,-0.809193,2012-10-05T00:00:00,74.369226,5.000000
2012-10-06T00:00:00,1.142090,2012-10-06T00:00:00,75.223458,5.000000
2012-10-07T00:00:00,-0.454973,2012-10-07T00:00:00,74.881989,5.000000
2012-10-08T00:00:00,-0.054841,2012-10-08T00:00:00,74.840935,5.000000
2012-10-09T00:00:00,0.997871,2012-10-09T00:00:00,75.591489,5.000000
2012-10-10T00:00:00,-0.735109,2012-10-10T00:00:00,75.037847,5.000000
2012-10-11T00:00:00,-0.029087,2012-10-11T00:00:00,75.016024,5.000000
2012-10-12T00:00:00,0.281436,2012-10-12T00:00:00,75.227443,5.000000
2012-10-13T00:00:00,-0.076152,2012-10-13T00:00:00,75.170178,5.000000
2012-10-14T00:00:00,-0.677387,2012-10-14T00:00:00,74.662706,5.000000
2012-10-15T00:00:00,1.632192,2012-10-15T00:00:00,75.891344,5.000000
2012-10-16T00:00:00,2.069828,2012-10-16T00:00:00,77.478533,5.000000
2012-10-17T00:00:00,-0.512220,2012-10-17T00:00:00,77.082688,5.000000
2012-10-18T00:00:00,-0.325380,2012-10-18T00:00:00,76.832284,5.000000
2012-10-19T00:00:00,0.235204,2012-10-19T00:00:00,77.013209,5.000000
2012-10-20T00:00:00,0.616296,2012-10-20T00:00:00,77.489304,5.000000
2012-10-21T00:00:00,-0.709420,2012-10-21T00:00:00,76.941525,5.000000
2012-10-22T00:00:00,1.242441,2012-10-22T00:00:00,77.903441,5.000000
2012-10-23T00:00:00,0.544918,2012-10-23T00:00:00,78.329109,5.000000
2012-10-24T00:00:00,-0.225937,2012-10-24T00:00:00,78.152335,5.000000
2012-10-25T00:00:00,0.656181,2012-10-25T00:00:00,78.666841,5.000000
2012-10-26T00:00:00,-1.673913,2012-10-26T00:00:00,77.360987,5.000000
2012-10-27T00:00:00,-1.361204,2012-10-27T00:00:00,76.315081,5.000000
2012-10-28T00:00:00,-1.856394,2012-10-28T00:00:00,74.911441,5.000000
2012-10-29T00:00:00,1.252507,2012-10-29T00:00:00,75.855613,5.000000
2012-10-30T00:00:00,0.424620,2012-10-30T00:00:00,76.178396,5.000000
2012-10-31T00:00:00,0.806827,2012-10-31T00:00:00,76.795510,5.000000
2012-11-01T00:00:00,-0.734460,2012-11-01T00:00:00,76.233543,5.000000
2012-11-02T00:00:00,-0.947601,2012-11-02T00:00:00,75.514565,5.000000
2012-11-03T00:00:00,0.855294,2012-11-03T00:00:00,76.163207,5.000000
2012-11-04T00:00:00,0.910583,2012-11-04T00:00:00,76.859903,5.000000
2012-11-05T00:00:00,1.873136,2012-11-05T00:00:00,78.313162,5.000000
2012-11-06T00:00:00,1.198451,2012-11-06T00:00:00,79.257354,5.000000
2012-11-07T00:00:00,-0.327936,2012-11-07T00:00:00,78.997866,5.000000
2012-11-08T00:00:00,0.234427,2012-11-08T00:00:00,79.183275,5.000000
2012-11-09T00:00:00,0.180539,2012-11-09T00:00:00,79.326361,5.000000
2012-11-10T00:00:00,1.372310,2012-11-10T00:00:00,80.422468,5.000000
2012-11-11T00:00:00,-1.338542,2012-11-11T00:00:00,79.353153,5.000000
2012-11-12T00:00:00,0.529846,2012-11-12T00:00:00,79.774718,5.000000
2012-11-13T00:00:00,-0.195248,2012-11-13T00:00:00,79.619111,5.000000
2012-11-14T00:00:00,0.058550,2012-11-14T00:00:00,79.665742,5.000000
2012-11-15T00:00:00,-0.402448,2012-11-15T00:00:00,79.345773,5.000000
2012-11-16T00:00:00,-1.049308,2012-11-16T00:00:00,78.517544,5.000000
2012-11-17T00:00:00,-0.348065,2012-11-17T00:00:00,78.244727,5.000000
2012-11-18T00:00:00,-1.545802,2012-11-18T00:00:00,77.044519,5.000000
2012-11-19T00:00:00,-1.759470,2012-11-19T00:00:00,75.700800,5.000000
2012-11-20T00:00:00,0.238683,2012-11-20T00:00:00,75.881701,5.000000
2012-11-21T00:00:00,0.810507,2012-11-21T00:00:00,76.499226,5.000000
2012-11-22T00:00:00,1.148110,2012-11-22T00:00:00,77.382582,5.000000
2012-11-23T00:00:00,0.887061,2012-11-23T00:00:00,78.072067,5.000000
2012-11-24T00:00:00,0.514461,2012-11-24T00:00:00,78.474752,5.000000
2012-11-25T00:00:00,-0.065084,2012-11-25T00:00:00,78.423694,5.000000
2012-11-26T00:00:00,0.133265,2012-11-26T00:00:00,78.528275,5.000000
2012-11-27T00:00:00,0.011781,2012-11-27T00:00:00,78.537527,5.000000
2012-11-28T00:00:00,-0.343858,2012-11-28T00:00:00,78.267933,5.000000
2012-11-29T00:00:00,-0.266686,2012-11-29T00:00:00,78.059482,5.000000
2012-11-30T00:00:00,-1.210054,2012-11-30T00:00:00,77.120612,5.000000
2012-12-01T00:00:00,-0.474524,2012-12-01T00:00:00,76.755523,5.000000
2012-12-02T00:00:00,-0.250138,2012-12-02T00:00:00,76.563768,5.000000
2012-12-03T00:00:00,-0.529563,2012-12-03T00:00:00,76.159386,5.000000
2012-12-04T00:00:00,-1.034385,2012-12-04T00:00:00,75.375665,5.000000
2012-12-05T00:00:00,0.234095,2012-12-05T00:00:00,75.552322,5.000000
2012-12-06T00:00:00,-0.248018,2012-12-06T00:00:00,75.365171,5.000000
2012-12-07T00:00:00,-1.806732,2012-12-07T00:00:00,74.015752,5.000000
2012-12-08T00:00:00,0.067352,2012-12-08T00:00:00,74.065620,5.000000
2012-12-09T00:00:00,0.971945,2012-12-09T00:00:00,74.789007,5.000000
2012-12-10T00:00:00,0.562690,2012-12-10T00:00:00,75.211023,5.000000
2012-12-11T00:00:00,-0.297605,2012-12-11T00:00:00,74.987524,5.000000
2012-12-12T00:00:00,-0.933576,2012-12-12T00:00:00,74.290716,5.000000
2012-12-13T00:00:00,-1.306490,2012-12-13T00:00:00,73.326428,5.000000
2012-12-14T00:00:00,-0.811486,2012-12-14T00:00:00,72.733803,5.000000
2012-12-15T00:00:00,1.101426,2012-12-15T00:00:00,73.539340,5.000000
2012-12-16T00:00:00,-1.486193,2012-12-16T00:00:00,72.454484,5.000000
2012-12-17T00:00:00,-0.770560,2012-12-17T00:00:00,71.898324,5.000000
2012-12-18T00:00:00,1.405805,2012-12-18T00:00:00,72.916212,5.000000
2012-12-19T00:00:00,-0.991206,2012-12-19T00:00:00,72.197033,5.000000
2012-12-20T00:00:00,-1.858780,2012-12-20T00:00:00,70.867444,5.000000
2012-12-21T00:00:00,-1.525377,2012-12-21T00:00:00,69.794652,5.000000
2012-12-22T00:00:00,-1.083248,2012-12-22T00:00:00,69.042683,5.000000
2012-12-23T00:00:00,0.634593,2012-12-23T00:00:00,69.482216,5.000000
2012-12-24T00:00:00,2.867398,2012-12-24T00:00:00,71.503387,5.000000
2012-12-25T00:00:00,1.261454,2012-12-25T00:00:00,72.411082,5.000000
2012-12-26T00:00:00,-0.850992,2012-12-26T00:00:00,71.797484,5.000000
2012-12-27T00:00:00,0.900782,2012-12-27T00:00:00,72.447145,5.000000
2012-12-28T00:00:00,0.303732,2012-12-28T00:00:00,72.667525,5.000000
2012-12-29T00:00:00,1.214637,2012-12-29T00:00:00,73.555554,5.000000
2012-12-30T00:00:00,-0.946213,2012-12-30T00:00:00,72.862844,5.000000
2012-12-31T00:00:00,-0.766473,2012-12-31T00:00:00,72.306505,5.000000
2013-01-01T00:00:00,-0.985814,2013-01-01T00:00:00,71.597199,5.000000
2013-01-02T00:00:00,0.915755,2013-01-02T00:00:00,72.255865,5.000000
2013-01-03T00:00:00,0.674385,2013-01-03T00:00:00,72.744795,5.000000
2013-01-04T00:00:00,0.279490,2013-01-04T00:00:00,72.948393,5.000000
2013-01-05T00:00:00,0.144993,2013-01-05T00:00:00,73.054240,5.000000
2013-01-06T00:00:00,0.124130,2013-01-06T00:00:00,73.144979,5.000000
2013-01-07T00:00:00,0.908725,2013-01-07T00:00:00,73.812695,5.000000
2013-01-08T00:00:00,0.816073,2013-01-08T00:00:00,74.417524,5.000000
2013-01-09T00:00:00,-0.517659,2013-01-09T00:00:00,74.033291,5.000000
2013-01-10T00:00:00,-0.873985,2013-01-10T00:00:00,73.389071,5.000000
2013-01-11T00:00:00,0.245029,2013-01-11T00:00:00,73.569116,5.000000
2013-01-12T00:00:00,0.181545,2013-01-12T00:00:00,73.702798,5.000000
2013-01-13T00:00:00,0.877007,2013-01-13T00:00:00,74.352020,5.000000
2013-01-14T00:00:00,0.032350,2013-01-14T00:00:00,74.376077,5.000000
2013-01-15T00:00:00,0.658465,2013-01-15T00:00:00,74.867433,5.000000
2013-01-16T00:00:00,-0.411144,2013-01-16T00:00:00,74.560252,5.000000
2013-01-17T00:00:00,-0.753027,2013-01-17T00:00:00,74.000901,5.000000
2013-01-18T00:00:00,0.546892,2013-01-18T00:00:00,74.406715,5.000000
2013-01-19T00:00:00,-1.032948,2013-01-19T00:00:00,73.642088,5.000000
2013-01-20T00:00:00,-0.288663,2013-01-20T00:00:00,73.429817,5.000000
2013-01-21T00:00:00,1.930832,2013-01-21T00:00:00,74.861400,5.000000
2013-01-22T00:00:00,-1.098137,2013-01-22T00:00:00,74.043817,5.000000
2013-01-23T00:00:00,0.651757,2013-01-23T00:00:00,74.527979,5.000000
2013-01-24T00:00:00,0.205392,2013-01-24T00:00:00,74.681210,5.000000
2013-01-25T00:00:00,-1.056870,2013-01-25T00:00:00,73.896084,5.000000
2013-01-26T00:00:00,-2.280994,2013-01-26T00:00:00,72.229597,5.000000
2013-01-27T00:00:00,0.172012,2013-01-27T00:00:00,72.353947,5.000000
2013-01-28T00:00:00,-2.507784,2013-01-28T00:00:00,70.562029,5.000000
2013-01-29T00:00:00,0.546777,2013-01-29T00:00:00,70.948902,5.000000
2013-01-30T00:00:00,-0.272945,2013-01-30T00:00:00,70.755515,5.000000
2013-01-31T00:00:00,-0.600405,2013-01-31T00:00:00,70.331968,5.000000
2013-02-01T00:00:00,-0.482469,2013-02-01T00:00:00,69.993455,5.000000
2013-02-02T00:00:00,0.413509,2013-02-02T00:00:00,70.283483,5.000000
2013-02-03T00:00:00,0.575789,2013-02-03T00:00:00,70.689335,5.000000
2013-02-04T00:00:00,-0.874275,2013-02-04T00:00:00,70.074010,5.000000
2013-02-05T00:00:00,-1.328686,2013-02-05T00:00:00,69.149104,5.000000
2013-02-06T00:00:00,0.233032,2013-02-06T00:00:00,69.310432,5.000000
2013-02-07T00:00:00,-1.675867,2013-02-07T00:00:00,68.158560,5.000000
2013-02-08T00:00:00,0.038119,2013-02-08T00:00:00,68.184547,5.000000
2013-02-09T00:00:00,-0.901616,2013-02-09T00:00:00,67.572547,5.000000
2013-02-10T00:00:00,0.065608,2013-02-10T00:00:00,67.616894,5.000000
2013-02-11T00:00:00,-1.095461,2013-02-11T00:00:00,66.880220,5.000000
2013-02-12T00:00:00,0.343900,2013-02-12T00:00:00,67.110617,5.000000
2013-02-13T00:00:00,-0.233817,2013-02-13T00:00:00,66.953885,5.000000
2013-02-14T00:00:00,-0.188731,2013-02-14T00:00:00,66.827641,5.000000
2013-02-15T00:00:00,1.691992,2013-02-15T00:00:00,67.967980,5.000000
2013-02-16T00:00:00,-0.702627,2013-02-16T00:00:00,67.492092,5.000000
2013-02-17T00:00:00,-0.595154,2013-02-17T00:00:00,67.091603,5.000000
2013-02-18T00:00:00,-1.023587,2013-02-18T00:00:00,66.408365,5.000000
2013-02-19T00:00:00,-0.231403,2013-02-19T00:00:00,66.254871,5.000000
2013-02-20T00:00:00,0.819685,2013-02-20T00:00:00,66.800184,5.000000
2013-02-21T00:00:00,1.083015,2013-02-21T00:00:00,67.527572,5.000000
2013-02-22T00:00:00,-0.570599,2013-02-22T00:00:00,67.143358,5.000000
2013-02-23T00:00:00,1.038394,2013-02-23T00:00:00,67.844203,5.000000
2013-02-24T00:00:00,-0.862644,2013-02-24T00:00:00,67.261466,5.000000
2013-02-25T00:00:00,-1.500203,2013-02-25T00:00:00,66.259938,5.000000
2013-02-26T00:00:00,-1.007278,2013-02-26T00:00:00,65.595867,5.000000
2013-02-27T00:00:00,-1.062887,2013-02-27T00:00:00,64.902349,5.000000
2013-02-28T00:00:00,0.300965,2013-02-28T00:00:00,65.097977,5.000000
2013-03-01T00:00:00,0.098001,2013-03-01T00:00:00,65.161805,5.000000
2013-03-02T00:00:00,1.352944,2013-03-02T00:00:00,66.049399,5.000000
2013-03-03T00:00:00,-0.644070,2013-03-03T00:00:00,65.625361,5.000000
2013-03-04T00:00:00,-0.930997,2013-03-04T00:00:00,65.017227,5.000000
2013-03-05T00:00:00,0.811973,2013-03-05T00:00:00,65.547298,5.000000
2013-03-06T00:00:00,-1.785880,2013-03-06T00:00:00,64.387093,5.000000
2013-03-07T00:00:00,-0.746397,2013-03-07T00:00:00,63.908298,5.000000
2013-03-08T00:00:00,1.228353,2013-03-08T00:00:00,64.698159,5.000000
2013-03-09T00:00:00,0.202849,2013-03-09T00:00:00,64.829532,5.000000
2013-03-10T00:00:00,-1.371260,2013-03-10T00:00:00,63.946618,5.000000
2013-03-11T00:00:00,-0.383175,2013-03-11T00:00:00,63.702059,5.000000
2013-03-12T00:00:00,1.393624,2013-03-12T00:00:00,64.596041,5.000000
2013-03-13T00:00:00,-0.255250,2013-03-13T00:00:00,64.431369,5.000000
2013-03-14T00:00:00,-1.055985,2013-03-14T00:00:00,63.754564,5.000000
2013-03-15T00:00:00,-0.416969,2013-03-15T00:00:00,63.489280,5.000000
2013-03-16T00:00:00,0.953377,2013-03-16T00:00:00,64.097467,5.000000
2013-03-17T00:00:00,0.869722,2013-03-17T00:00:00,64.657369,5.000000
2013-03-18T00:00:00,0.322878,2013-03-18T00:00:00,64.866471,5.000000
2013-03-19T00:00:00,0.562698,2013-03-19T00:00:00,65.232502,5.000000
2013-03-20T00:00:00,1.020725,2013-03-20T00:00:00,65.901756,5.000000
2013-03-21T00:00:00,0.665532,2013-03-21T00:00:00,66.341816,5.000000
2013-03-22T00:00:00,0.299193,2013-03-22T00:00:00,66.540603,5.000000
2013-03-23T00:00:00,-0.925576,2013-03-23T00:00:00,65.927561,5.000000
2013-03-24T00:00:00,-0.453550,2013-03-24T00:00:00,65.629224,5.000000
2013-03-25T00:00:00,-0.735668,2013-03-25T00:00:00,65.148182,5.000000
2013-03-26T00:00:00,-0.548972,2013-03-26T00:00:00,64.791517,5.000000
2013-03-27T00:00:00,0.485209,2013-03-27T00:00:00,65.106655,5.000000
2013-03-28T00:00:00,-2.421373,2013-03-28T00:00:00,63.549113,5.000000
2013-03-29T00:00:00,-0.651836,2013-03-29T00:00:00,63.136224,5.000000
2013-03-30T00:00:00,1.384815,2013-03-30T00:00:00,64.016626,5.000000
2013-03-31T00:00:00,0.919935,2013-03-31T00:00:00,64.608254,5.000000
2013-04-01T00:00:00,-0.274275,2013-04-01T00:00:00,64.431293,5.000000
2013-04-02T00:00:00,0.848002,2013-04-02T00:00:00,64.979995,5.000000
2013-04-03T00:00:00,-1.100526,2013-04-03T00:00:00,64.268794,5.000000
2013-04-04T00:00:00,0.393148,2013-04-04T00:00:00,64.521963,5.000000
2013-04-05T00:00:00,-0.212482,2013-04-05T00:00:00,64.385010,5.000000
2013-04-06T00:00:00,0.261568,2013-04-06T00:00:00,64.553642,5.000000
2013-04-07T00:00:00,-0.007822,2013-04-07T00:00:00,64.548592,5.000000
2013-04-08T00:00:00,1.525162,2013-04-08T00:00:00,65.540609,5.000000
2013-04-09T00:00:00,-0.319044,2013-04-09T00:00:00,65.331839,5.000000
2013-04-10T00:00:00,-1.636725,2013-04-10T00:00:00,64.271239,5.000000
2013-04-11T00:00:00,0.496022,2013-04-11T00:00:00,64.590831,5.000000
2013-04-12T00:00:00,0.348770,2013-04-12T00:00:00,64.816497,5.000000
2013-04-13T00:00:00,0.337738,2013-04-13T00:00:00,65.035778,5.000000
2013-04-14T00:00:00,0.268606,2013-04-14T00:00:00,65.210702,5.000000
2013-04-15T00:00:00,-0.323993,2013-04-15T00:00:00,64.999766,5.000000
2013-04-16T00:00:00,-1.367097,2013-04-16T00:00:00,64.117203,5.000000
2013-04-17T00:00:00,-0.025348,2013-04-17T00:00:00,64.100952,5.000000
2013-04-18T00:00:00,1.605869,2013-04-18T00:00:00,65.138639,5.000000
2013-04-19T00:00:00,-0.000055,2013-04-19T00:00:00,65.138603,5.000000
2013-04-20T00:00:00,-1.782386,2013-04-20T00:00:00,63.987868,5.000000
2013-04-21T00:00:00,-0.440967,2013-04-21T00:00:00,63.706324,5.000000
2013-04-22T00:00:00,0.374223,2013-04-22T00:00:00,63.945175,5.000000
2013-04-23T00:00:00,-0.708006,2013-04-23T00:00:00,63.494038,5.000000
2013-04-24T00:00:00,0.942074,2013-04-24T00:00:00,64.095025,5.000000
2013-04-25T00:00:00,0.844231,2013-04-25T00:00:00,64.638426,5.000000
2013-04-26T00:00:00,0.478599,2013-04-26T00:00:00,64.948526,5.000000
2013-04-27T00:00:00,0.206030,2013-04-27T00:00:00,65.082477,5.000000
2013-04-28T00:00:00,1.977483,2013-04-28T00:00:00,66.382282,5.000000
2013-04-29T00:00:00,0.921335,2013-04-29T00:00:00,66.996711,5.000000
2013-04-30T00:00:00,1.237749,2013-04-30T00:00:00,67.831115,5.000000
2013-05-01T00:00:00,-0.086036,2013-05-01T00:00:00,67.772782,5.000000
2013-05-02T00:00:00,1.289286,2013-05-02T00:00:00,68.652224,5.000000
2013-05-03T00:00:00,1.345100,2013-05-03T00:00:00,69.581903,5.000000
2013-05-04T00:00:00,0.903699,2013-05-04T00:00:00,70.213564,5.000000
2013-05-05T00:00:00,0.988709,2013-05-05T00:00:00,70.911215,5.000000
2013-05-06T00:00:00,0.401549,2013-05-06T00:00:00,71.196531,5.000000
2013-05-07T00:00:00,1.472651,2013-05-07T00:00:00,72.252766,5.000000
2013-05-08T00:00:00,-0.488112,2013-05-08T00:00:00,71.900951,5.000000
2013-05-09T00:00:00,0.870463,2013-05-09T00:00:00,72.529554,5.000000
2013-05-10T00:00:00,-0.894605,2013-05-10T00:00:00,71.883595,5.000000
2013-05-11T00:00:00,0.262013,2013-05-11T00:00:00,72.072186,5.000000
2013-05-12T00:00:00,-0.848937,2013-05-12T00:00:00,71.462928,5.000000
2013-05-13T00:00:00,0.827901,2013-05-13T00:00:00,72.057026,5.000000
2013-05-14T00:00:00,-1.040791,2013-05-14T00:00:00,71.310952,5.000000
2013-05-15T00:00:00,-0.672426,2013-05-15T00:00:00,70.833047,5.000000
2013-05-16T00:00:00,0.113029,2013-05-16T00:00:00,70.913154,5.000000
2013-05-17T00:00:00,-0.603132,2013-05-17T00:00:00,70.486741,5.000000
2013-05-18T00:00:00,0.802257,2013-05-18T00:00:00,71.054501,5.000000
2013-05-19T00:00:00,-0.083275,2013-05-19T00:00:00,70.995355,5.000000
2013-05-20T00:00:00,0.399057,2013-05-20T00:00:00,71.279233,5.000000
2013-05-21T00:00:00,0.111986,2013-05-21T00:00:00,71.359101,5.000000
2013-05-22T00:00:00,1.614243,2013-05-22T00:00:00,72.520358,5.000000
2013-05-23T00:00:00,0.851063,2013-05-23T00:00:00,73.140186,5.000000
2013-05-24T00:00:00,1.900124,2013-05-24T00:00:00,74.543227,5.000000
2013-05-25T00:00:00,0.505984,2013-05-25T00:00:00,74.921360,5.000000
2013-05-26T00:00:00,-0.662602,2013-05-26T00:00:00,74.426570,5.000000
2013-05-27T00:00:00,0.168352,2013-05-27T00:00:00,74.551975,5.000000
2013-05-28T00:00:00,1.872717,2013-05-28T00:00:00,75.961277,5.000000
2013-05-29T00:00:00,1.235580,2013-05-29T00:00:00,76.905662,5.000000
2013-05-30T00:00:00,1.019291,2013-05-30T00:00:00,77.693564,5.000000
2013-05-31T00:00:00,-0.088222,2013-05-31T00:00:00,77.625052,5.000000
2013-06-01T00:00:00,-0.859362,2013-06-01T00:00:00,76.960829,5.000000
2013-06-02T00:00:00,-0.173518,2013-06-02T00:00:00,76.827404,5.000000
2013-06-03T00:00:00,1.916119,2013-06-03T00:00:00,78.313702,5.000000
2013-06-04T00:00:00,1.696457,2013-06-04T00:00:00,79.653594,5.000000
2013-06-05T00:00:00,0.811759,2013-06-05T00:00:00,80.302820,5.000000
2013-06-06T00:00:00,0.563948,2013-06-06T00:00:00,80.756966,5.000000
2013-06-07T00:00:00,-0.556432,2013-06-07T00:00:00,80.308856,5.000000
2013-06-08T00:00:00,-0.101280,2013-06-08T00:00:00,80.227560,5.000000
2013-06-09T00:00:00,0.241236,2013-06-09T00:00:00,80.421331,5.000000
2013-06-10T00:00:00,-1.212222,2013-06-10T00:00:00,79.452331,5.000000
2013-06-11T00:00:00,1.579764,2013-06-11T00:00:00,80.717457,5.000000
2013-06-12T00:00:00,0.286707,2013-06-12T00:00:00,80.949211,5.000000
2013-06-13T00:00:00,1.893224,2013-06-13T00:00:00,82.496361,5.000000
2013-06-14T00:00:00,-0.549917,2013-06-14T00:00:00,82.043945,5.000000
2013-06-15T00:00:00,-0.237655,2013-06-15T00:00:00,81.849195,5.000000
2013-06-16T00:00:00,-0.943618,2013-06-16T00:00:00,81.080484,5.000000
2013-06-17T00:00:00,0.025594,2013-06-17T00:00:00,81.101238,5.000000
2013-06-18T00:00:00,-0.814326,2013-06-18T00:00:00,80.443491,5.000000
2013-06-19T00:00:00,-0.733648,2013-06-19T00:00:00,79.855479,5.000000
2013-06-20T00:00:00,-0.772897,2013-06-20T00:00:00,79.240658,5.000000
2013-06-21T00:00:00,0.197712,2013-06-21T00:00:00,79.397481,5.000000
2013-06-22T00:00:00,-0.198931,2013-06-22T00:00:00,79.239692,5.000000
2013-06-23T00:00:00,-2.321931,2013-06-23T00:00:00,77.420997,5.000000
2013-06-24T00:00:00,0.372170,2013-06-24T00:00:00,77.709672,5.000000
2013-06-25T00:00:00,-0.599132,2013-06-25T00:00:00,77.245480,5.000000
2013-06-26T00:00:00,0.624416,2013-06-26T00:00:00,77.729323,5.000000
2013-06-27T00:00:00,-0.192203,2013-06-27T00:00:00,77.580068,5.000000
2013-06-28T00:00:00,-0.025683,2013-06-28T00:00:00,77.560145,5.000000
2013-06-29T00:00:00,-0.428337,2013-06-29T00:00:00,77.228637,5.000000
2013-06-30T00:00:00,1.587725,2013-06-30T00:00:00,78.464602,5.000000
2013-07-01T00:00:00,-1.022857,2013-07-01T00:00:00,77.666111,5.000000
2013-07-02T00:00:00,1.437136,2013-07-02T00:00:00,78.790338,5.000000
2013-07-03T00:00:00,-1.223436,2013-07-03T00:00:00,77.832261,5.000000
2013-07-04T00:00:00,-0.149505,2013-07-04T00:00:00,77.715985,5.000000
2013-07-05T00:00:00,1.070623,2013-07-05T00:00:00,78.552500,5.000000
2013-07-06T00:00:00,0.012889,2013-07-06T00:00:00,78.562625,5.000000
2013-07-07T00:00:00,0.406396,2013-07-07T00:00:00,78.882550,5.000000
2013-07-08T00:00:00,0.859815,2013-07-08T00:00:00,79.563718,5.000000
2013-07-09T00:00:00,1.004013,2013-07-09T00:00:00,80.366572,5.000000
2013-07-10T00:00:00,0.102324,2013-07-10T00:00:00,80.448848,5.000000
2013-07-11T00:00:00,-1.575837,2013-07-11T00:00:00,79.191042,5.000000
2013-07-12T00:00:00,1.476256,2013-07-12T00:00:00,80.368777,5.000000
2013-07-13T00:00:00,-0.737210,2013-07-13T00:00:00,79.778469,5.000000
2013-07-14T00:00:00,-1.755210,2013-07-14T00:00:00,78.390407,5.000000
2013-07-15T00:00:00,1.555696,2013-07-15T00:00:00,79.619458,5.000000
2013-07-16T00:00:00,-0.344421,2013-07-16T00:00:00,79.345704,5.000000
2013-07-17T00:00:00,-0.411646,2013-07-17T00:00:00,79.019752,5.000000
2013-07-18T00:00:00,0.201002,2013-07-18T00:00:00,79.178743,5.000000
2013-07-19T00:00:00,0.731244,2013-07-19T00:00:00,79.759855,5.000000
2013-07-20T00:00:00,0.710704,2013-07-20T00:00:00,80.328730,5.000000
2013-07-21T00:00:00,-0.202887,2013-07-21T00:00:00,80.165919,5.000000
2013-07-22T00:00:00,-0.206047,2013-07-22T00:00:00,80.000910,5.000000
2013-07-23T00:00:00,0.447398,2013-07-23T00:00:00,80.359634,5.000000
2013-07-24T00:00:00,-0.559784,2013-07-24T00:00:00,79.911051,5.000000
2013-07-25T00:00:00,-0.432890,2013-07-25T00:00:00,79.565871,5.000000
2013-07-26T00:00:00,-0.693548,2013-07-26T00:00:00,79.015953,5.000000
2013-07-27T00:00:00,0.143140,2013-07-27T00:00:00,79.129138,5.000000
2013-07-28T00:00:00,-0.943194,2013-07-28T00:00:00,78.386305,5.000000
2013-07-29T00:00:00,-0.470189,2013-07-29T00:00:00,78.018606,5.000000
2013-07-30T00:00:00,-0.196321,2013-07-30T00:00:00,77.865590,5.000000
2013-07-31T00:00:00,0.354266,2013-07-31T00:00:00,78.141930,5.000000
2013-08-01T00:00:00,-0.236627,2013-08-01T00:00:00,77.957244,5.000000
2013-08-02T00:00:00,-1.109501,2013-08-02T00:00:00,77.097088,5.000000
2013-08-03T00:00:00,0.794630,2013-08-03T00:00:00,77.712165,5.000000
2013-08-04T00:00:00,0.550479,2013-08-04T00:00:00,78.141134,5.000000
2013-08-05T00:00:00,0.461769,2013-08-05T00:00:00,78.502800,5.000000
2013-08-06T00:00:00,-0.351102,2013-08-06T00:00:00,78.227659,5.000000
2013-08-07T00:00:00,-1.325539,2013-08-07T00:00:00,77.197563,5.000000
2013-08-08T00:00:00,-0.103281,2013-08-08T00:00:00,77.117874,5.000000
2013-08-09T00:00:00,0.793737,2013-08-09T00:00:00,77.732423,5.000000
2013-08-10T00:00:00,0.704223,2013-08-10T00:00:00,78.281764,5.000000
2013-08-11T00:00:00,-0.374589,2013-08-11T00:00:00,77.989078,5.000000
2013-08-12T00:00:00,0.283192,2013-08-12T00:00:00,78.210250,5.000000
2013-08-13T00:00:00,-0.027176,2013-08-13T00:00:00,78.188998,5.000000
2013-08-14T00:00:00,-0.825161,2013-08-14T00:00:00,77.546468,5.000000
2013-08-15T00:00:00,0.546516,2013-08-15T00:00:00,77.971432,5.000000
2013-08-16T00:00:00,-0.089893,2013-08-16T00:00:00,77.901372,5.000000
2013-08-17T00:00:00,-2.213706,2013-08-17T00:00:00,76.195813,5.000000
2013-08-18T00:00:00,-0.081604,2013-08-18T00:00:00,76.133659,5.000000
2013-08-19T00:00:00,-0.366798,2013-08-19T00:00:00,75.854914,5.000000
2013-08-20T00:00:00,-0.298769,2013-08-20T00:00:00,75.628621,5.000000
2013-08-21T00:00:00,-0.597479,2013-08-21T00:00:00,75.178103,5.000000
2013-08-22T00:00:00,-1.102459,2013-08-22T00:00:00,74.353847,5.000000
2013-08-23T00:00:00,-0.654549,2013-08-23T00:00:00,73.868754,5.000000
2013-08-24T00:00:00,1.503189,2013-08-24T00:00:00,74.987528,5.000000
2013-08-25T00:00:00,-0.215302,2013-08-25T00:00:00,74.826252,5.000000
2013-08-26T00:00:00,0.273987,2013-08-26T00:00:00,75.031547,5.000000
2013-08-27T00:00:00,1.791045,2013-08-27T00:00:00,76.387503,5.000000
2013-08-28T00:00:00,-0.697007,2013-08-28T00:00:00,75.856928,5.000000
2013-08-29T00:00:00,-0.627436,2013-08-29T00:00:00,75.382464,5.000000
2013-08-30T00:00:00,-0.466518,2013-08-30T00:00:00,75.031611,5.000000
2013-08-31T00:00:00,-1.002131,2013-08-31T00:00:00,74.283451,5.000000
2013-09-01T00:00:00,1.560936,2013-09-01T00:00:00,75.452065,5.000000
2013-09-02T00:00:00,2.016216,2013-09-02T00:00:00,76.988781,5.000000
2013-09-03T00:00:00,-0.945629,2013-09-03T00:00:00,76.264184,5.000000
2013-09-04T00:00:00,-0.042169,2013-09-04T00:00:00,76.232031,5.000000
2013-09-05T00:00:00,1.083184,2013-09-05T00:00:00,77.062252,5.000000
2013-09-06T00:00:00,0.902516,2013-09-06T00:00:00,77.760899,5.000000
2013-09-07T00:00:00,1.885461,2013-09-07T00:00:00,79.240960,5.000000
2013-09-08T00:00:00,-0.362815,2013-09-08T00:00:00,78.953983,5.000000
2013-09-09T00:00:00,-2.185226,2013-09-09T00:00:00,77.247375,5.000000
2013-09-10T00:00:00,-1.081796,2013-09-10T00:00:00,76.416220,5.000000
2013-09-11T00:00:00,0.302858,2013-09-11T00:00:00,76.648004,5.000000
2013-09-12T00:00:00,-0.279130,2013-09-12T00:00:00,76.434355,5.000000
2013-09-13T00:00:00,0.565343,2013-09-13T00:00:00,76.867694,5.000000
2013-09-14T00:00:00,0.755282,2013-09-14T00:00:00,77.450461,5.000000
2013-09-15T00:00:00,0.678821,2013-09-15T00:00:00,77.977999,5.000000
2013-09-16T00:00:00,-1.226131,2013-09-16T00:00:00,77.027724,5.000000
2013-09-17T00:00:00,0.697627,2013-09-17T00:00:00,77.566969,5.000000
2013-09-18T00:00:00,-0.239373,2013-09-18T00:00:00,77.381517,5.000000
2013-09-19T00:00:00,1.328791,2013-09-19T00:00:00,78.416617,5.000000
2013-09-20T00:00:00,-0.382640,2013-09-20T00:00:00,78.117137,5.000000
2013-09-21T00:00:00,0.642809,2013-09-21T00:00:00,78.620899,5.000000
2013-09-22T00:00:00,-0.605934,2013-09-22T00:00:00,78.145948,5.000000
2013-09-23T00:00:00,-0.432822,2013-09-23T00:00:00,77.808446,5.000000
2013-09-24T00:00:00,0.747120,2013-09-24T00:00:00,78.391946,5.000000
2013-09-25T00:00:00,1.534327,2013-09-25T00:00:00,79.604010,5.000000
2013-09-26T00:00:00,0.136093,2013-09-26T00:00:00,79.712419,5.000000
2013-09-27T00:00:00,-0.970246,2013-09-27T00:00:00,78.942752,5.000000
2013-09-28T00:00:00,0.665000,2013-09-28T00:00:00,79.469470,5.000000
2013-09-29T00:00:00,0.608616,2013-09-29T00:00:00,79.954609,5.000000
2013-09-30T00:00:00,-1.011924,2013-09-30T00:00:00,79.149609,5.000000
2013-10-01T00:00:00,0.241701,2013-10-01T00:00:00,79.341146,5.000000
2013-10-02T00:00:00,-0.540961,2013-10-02T00:00:00,78.913101,5.000000
2013-10-03T00:00:00,0.137108,2013-10-03T00:00:00,79.021371,5.000000
2013-10-04T00:00:00,0.542433,2013-10-04T00:00:00,79.451174,5.000000
2013-10-05T00:00:00,-0.630280,2013-10-05T00:00:00,78.951983,5.000000
2013-10-06T00:00:00,-0.991703,2013-10-06T00:00:00,78.172884,5.000000
2013-10-07T00:00:00,-0.342463,2013-10-07T00:00:00,77.905629,5.000000
2013-10-08T00:00:00,0.072976,2013-10-08T00:00:00,77.962502,5.000000
2013-10-09T00:00:00,0.177757,2013-10-09T00:00:00,78.101209,5.000000
2013-10-10T00:00:00,-0.782897,2013-10-10T00:00:00,77.492144,5.000000
2013-10-11T00:00:00,-0.396027,2013-10-11T00:00:00,77.185861,5.000000
2013-10-12T00:00:00,-0.070323,2013-10-12T00:00:00,77.131601,5.000000
2013-10-13T00:00:00,0.484082,2013-10-13T00:00:00,77.505886,5.000000
2013-10-14T00:00:00,-1.497840,2013-10-14T00:00:00,76.353623,5.000000
2013-10-15T00:00:00,-0.142794,2013-10-15T00:00:00,76.244673,5.000000
2013-10-16T00:00:00,0.762102,2013-10-16T00:00:00,76.827955,5.000000
2013-10-17T00:00:00,-1.271039,2013-10-17T00:00:00,75.857621,5.000000
2013-10-18T00:00:00,-0.469377,2013-10-18T00:00:00,75.502397,5.000000
2013-10-19T00:00:00,1.025132,2013-10-19T00:00:00,76.280377,5.000000
2013-10-20T00:00:00,-0.304068,2013-10-20T00:00:00,76.048785,5.000000
2013-10-21T00:00:00,-0.582301,2013-10-21T00:00:00,75.607240,5.000000
2013-10-22T00:00:00,-0.463462,2013-10-22T00:00:00,75.257639,5.000000
2013-10-23T00:00:00,0.444121,2013-10-23T00:00:00,75.592618,5.000000
2013-10-24T00:00:00,-1.073089,2013-10-24T00:00:00,74.785778,5.000000
2013-10-25T00:00:00,-0.672860,2013-10-25T00:00:00,74.284263,5.000000
2013-10-26T00:00:00,-0.101262,2013-10-26T00:00:00,74.209080,5.000000
2013-10-27T00:00:00,0.162165,2013-10-27T00:00:00,74.329519,5.000000
2013-10-28T00:00:00,0.870389,2013-10-28T00:00:00,74.979299,5.000000
2013-10-29T00:00:00,0.115009,2013-10-29T00:00:00,75.065581,5.000000
2013-10-30T00:00:00,0.010364,2013-10-30T00:00:00,75.073361,5.000000
2013-10-31T00:00:00,1.748565,2013-10-31T00:00:00,76.397611,5.000000
2013-11-01T00:00:00,1.230579,2013-11-01T00:00:00,77.343553,5.000000
2013-11-02T00:00:00,1.066218,2013-11-02T00:00:00,78.172616,5.000000
2013-11-03T00:00:00,1.582804,2013-11-03T00:00:00,79.419779,5.000000
2013-11-04T00:00:00,-0.234080,2013-11-04T00:00:00,79.234090,5.000000
2013-11-05T00:00:00,-1.922353,2013-11-05T00:00:00,77.725478,5.000000
2013-11-06T00:00:00,1.161301,2013-11-06T00:00:00,78.633366,5.000000
2013-11-07T00:00:00,-0.117512,2013-11-07T00:00:00,78.541016,5.000000
2013-11-08T00:00:00,-0.430216,2013-11-08T00:00:00,78.203846,5.000000
2013-11-09T00:00:00,-0.599456,2013-11-09T00:00:00,77.736451,5.000000
2013-11-10T00:00:00,0.933735,2013-11-10T00:00:00,78.465702,5.000000
2013-11-11T00:00:00,-0.010769,2013-11-11T00:00:00,78.457253,5.000000
2013-11-12T00:00:00,-1.714403,2013-11-12T00:00:00,77.123643,5.000000
2013-11-13T00:00:00,0.489959,2013-11-13T00:00:00,77.502445,5.000000
2013-11-14T00:00:00,1.510657,2013-11-14T00:00:00,78.682129,5.000000
2013-11-15T00:00:00,0.715852,2013-11-15T00:00:00,79.247397,5.000000
2013-11-16T00:00:00,-0.026815,2013-11-16T00:00:00,79.226150,5.000000
2013-11-17T00:00:00,-0.282454,2013-11-17T00:00:00,79.002688,5.000000
2013-11-18T00:00:00,1.114274,2013-11-18T00:00:00,79.887917,5.000000
2013-11-19T00:00:00,-0.286055,2013-11-19T00:00:00,79.659719,5.000000
2013-11-20T00:00:00,-0.402957,2013-11-20T00:00:00,79.339371,5.000000
2013-11-21T00:00:00,-1.826744,2013-11-21T00:00:00,77.903201,5.000000
2013-11-22T00:00:00,1.467969,2013-11-22T00:00:00,79.055231,5.000000
2013-11-23T00:00:00,-0.063807,2013-11-23T00:00:00,79.004805,5.000000
2013-11-24T00:00:00,1.304107,2013-11-24T00:00:00,80.041859,5.000000
2013-11-25T00:00:00,1.665550,2013-11-25T00:00:00,81.386160,5.000000
2013-11-26T00:00:00,-0.156691,2013-11-26T00:00:00,81.258735,5.000000
2013-11-27T00:00:00,1.513253,2013-11-27T00:00:00,82.497736,5.000000
2013-11-28T00:00:00,-0.571886,2013-11-28T00:00:00,82.027290,5.000000
2013-11-29T00:00:00,1.420505,2013-11-29T00:00:00,83.200807,5.000000
2013-11-30T00:00:00,0.224247,2013-11-30T00:00:00,83.387592,5.000000
2013-12-01T00:00:00,0.999236,2013-12-01T00:00:00,84.225008,5.000000
2013-12-02T00:00:00,-1.954497,2013-12-02T00:00:00,82.594816,5.000000
2013-12-03T00:00:00,-0.048367,2013-12-03T00:00:00,82.554877,5.000000
2013-12-04T00:00:00,-0.363661,2013-12-04T00:00:00,82.255202,5.000000
2013-12-05T00:00:00,-0.815509,2013-12-05T00:00:00,81.587132,5.000000
2013-12-06T00:00:00,-0.728175,2013-12-06T00:00:00,80.995192,5.000000
2013-12-07T00:00:00,-0.367345,2013-12-07T00:00:00,80.698206,5.000000
2013-12-08T00:00:00,-0.441560,2013-12-08T00:00:00,80.342660,5.000000
2013-12-09T00:00:00,0.766950,2013-12-09T00:00:00,80.961217,5.000000
2013-12-10T00:00:00,0.570536,2013-12-10T00:00:00,81.424450,5.000000
2013-12-11T00:00:00,0.017411,2013-12-11T00:00:00,81.438629,5.000000
2013-12-12T00:00:00,0.054685,2013-12-12T00:00:00,81.483176,5.000000
2013-12-13T00:00:00,1.244157,2013-12-13T00:00:00,82.503287,5.000000
2013-12-14T00:00:00,-1.304701,2013-12-14T00:00:00,81.433858,5.000000
2013-12-15T00:00:00,0.156538,2013-12-15T00:00:00,81.561433,5.000000
2013-12-16T00:00:00,1.282765,2013-12-16T00:00:00,82.614414,5.000000
2013-12-17T00:00:00,0.597864,2013-12-17T00:00:00,83.109815,5.000000
2013-12-18T00:00:00,0.049247,2013-12-18T00:00:00,83.150754,5.000000
2013-12-19T00:00:00,0.147281,2013-12-19T00:00:00,83.273310,5.000000
2013-12-20T00:00:00,0.137706,2013-12-20T00:00:00,83.388061,5.000000
2013-12-21T00:00:00,0.030619,2013-12-21T00:00:00,83.413598,5.000000
2013-12-22T00:00:00,-0.291910,2013-12-22T00:00:00,83.170460,5.000000
2013-12-23T00:00:00,0.591129,2013-12-23T00:00:00,83.663561,5.000000
2013-12-24T00:00:00,-0.400607,2013-12-24T00:00:00,83.329070,5.000000
2013-12-25T00:00:00,1.013220,2013-12-25T00:00:00,84.177668,5.000000
2013-12-26T00:00:00,-0.192357,2013-12-26T00:00:00,84.015902,5.000000
2013-12-27T00:00:00,-1.519052,2013-12-27T00:00:00,82.749301,5.000000
2013-12-28T00:00:00,0.641078,2013-12-28T00:00:00,83.281493,5.000000
2013-12-29T00:00:00,-1.345568,2013-12-29T00:00:00,82.168390,5.000000
2013-12-30T00:00:00,0.006068,2013-12-30T00:00:00,82.173376,5.000000
2013-12-31T00:00:00,-0.861765,2013-12-31T00:00:00,81.468277,5.000000
2014-01-01T00:00:00,-0.169646,2014-01-01T00:00:00,81.330187,5.000000
2014-01-02T00:00:00,-0.553406,2014-01-02T00:00:00,80.881343,5.000000
2014-01-03T00:00:00,0.372371,2014-01-03T00:00:00,81.183084,5.000000
2014-01-04T00:00:00,-0.943348,2014-01-04T00:00:00,80.420846,5.000000
2014-01-05T00:00:00,1.274759,2014-01-05T00:00:00,81.452580,5.000000
2014-01-06T00:00:00,0.677570,2014-01-06T00:00:00,82.006352,5.000000
2014-01-07T00:00:00,-0.674749,2014-01-07T00:00:00,81.454878,5.000000
2014-01-08T00:00:00,0.475684,2014-01-08T00:00:00,81.843269,5.000000
2014-01-09T00:00:00,-1.307448,2014-01-09T00:00:00,80.780176,5.000000
2014-01-10T00:00:00,0.694708,2014-01-10T00:00:00,81.343316,5.000000
2014-01-11T00:00:00,0.695374,2014-01-11T00:00:00,81.910927,5.000000
2014-01-12T00:00:00,-1.084790,2014-01-12T00:00:00,81.027168,5.000000
2014-01-13T00:00:00,1.128987,2014-01-13T00:00:00,81.947138,5.000000
2014-01-14T00:00:00,1.423682,2014-01-14T00:00:00,83.122149,5.000000
2014-01-15T00:00:00,-0.845053,2014-01-15T00:00:00,82.422682,5.000000
2014-01-16T00:00:00,0.145828,2014-01-16T00:00:00,82.542965,5.000000
2014-01-17T00:00:00,-0.489753,2014-01-17T00:00:00,82.139697,5.000000
2014-01-18T00:00:00,-0.180173,2014-01-18T00:00:00,81.991836,5.000000
2014-01-19T00:00:00,-0.057725,2014-01-19T00:00:00,81.944520,5.000000
2014-01-20T00:00:00,-1.957676,2014-01-20T00:00:00,80.355912,5.000000
2014-01-21T00:00:00,-0.005959,2014-01-21T00:00:00,80.351124,5.000000
2014-01-22T00:00:00,-0.232160,2014-01-22T00:00:00,80.164798,5.000000
2014-01-23T00:00:00,-0.370938,2014-01-23T00:00:00,79.867987,5.000000
2014-01-24T00:00:00,-1.130407,2014-01-24T00:00:00,78.970237,5.000000
2014-01-25T00:00:00,-1.320075,2014-01-25T00:00:00,77.934621,5.000000
2014-01-26T00:00:00,0.552155,2014-01-26T00:00:00,78.366131,5.000000
2014-01-27T00:00:00,-0.262094,2014-01-27T00:00:00,78.161007,5.000000
2014-01-28T00:00:00,0.695381,2014-01-28T00:00:00,78.706418,5.000000
2014-01-29T00:00:00,-0.313684,2014-01-29T00:00:00,78.459916,5.000000
2014-01-30T00:00:00,0.038531,2014-01-30T00:00:00,78.490153,5.000000
2014-01-31T00:00:00,-0.554472,2014-01-31T00:00:00,78.056151,5.000000
2014-02-01T00:00:00,-1.157720,2014-02-01T00:00:00,77.157690,5.000000
2014-02-02T00:00:00,-0.403079,2014-02-02T00:00:00,76.847309,5.000000
2014-02-03T00:00:00,-0.634418,2014-02-03T00:00:00,76.361319,5.000000
2014-02-04T00:00:00,-0.797882,2014-02-04T00:00:00,75.754470,5.000000
2014-02-05T00:00:00,-1.430372,2014-02-05T00:00:00,74.678612,5.000000
2014-02-06T00:00:00,0.674182,2014-02-06T00:00:00,75.183783,5.000000
2014-02-07T00:00:00,1.596539,2014-02-07T00:00:00,76.393754,5.000000
2014-02-08T00:00:00,0.301593,2014-02-08T00:00:00,76.624500,5.000000
2014-02-09T00:00:00,0.260520,2014-02-09T00:00:00,76.824383,5.000000
2014-02-10T00:00:00,-0.096896,2014-02-10T00:00:00,76.749979,5.000000
2014-02-11T00:00:00,-1.524458,2014-02-11T00:00:00,75.588831,5.000000
2014-02-12T00:00:00,0.297584,2014-02-12T00:00:00,75.814106,5.000000
2014-02-13T00:00:00,0.781656,2014-02-13T00:00:00,76.409034,5.000000
2014-02-14T00:00:00,0.565563,2014-02-14T00:00:00,76.842399,5.000000
2014-02-15T00:00:00,0.334193,2014-02-15T00:00:00,77.099631,5.000000
2014-02-16T00:00:00,0.193834,2014-02-16T00:00:00,77.249221,5.000000
2014-02-17T00:00:00,0.405377,2014-02-17T00:00:00,77.563007,5.000000
2014-02-18T00:00:00,0.300962,2014-02-18T00:00:00,77.796794,5.000000
2014-02-19T00:00:00,-0.716318,2014-02-19T00:00:00,77.241513,5.000000
2014-02-20T00:00:00,-1.474558,2014-02-20T00:00:00,76.110898,5.000000
2014-02-21T00:00:00,0.059621,2014-02-21T00:00:00,76.156290,5.000000
2014-02-22T00:00:00,-1.383584,2014-02-22T00:00:00,75.109859,5.000000
2014-02-23T00:00:00,-1.463698,2014-02-23T00:00:00,74.018484,5.000000
2014-02-24T00:00:00,-0.443393,2014-02-24T00:00:00,73.691018,5.000000
2014-02-25T00:00:00,-1.216376,2014-02-25T00:00:00,72.800087,5.000000
2014-02-26T00:00:00,-0.427189,2014-02-26T00:00:00,72.489757,5.000000
2014-02-27T00:00:00,-1.065890,2014-02-27T00:00:00,71.721199,5.000000
2014-02-28T00:00:00,0.384392,2014-02-28T00:00:00,71.997420,5.000000
2014-03-01T00:00:00,-0.596388,2014-03-01T00:00:00,71.569314,5.000000
2014-03-02T00:00:00,-0.262320,2014-03-02T00:00:00,71.381820,5.000000
2014-03-03T00:00:00,0.906868,2014-03-03T00:00:00,72.032103,5.000000
2014-03-04T00:00:00,-0.343810,2014-03-04T00:00:00,71.784874,5.000000
2014-03-05T00:00:00,0.157423,2014-03-05T00:00:00,71.897969,5.000000
2014-03-06T00:00:00,-0.849118,2014-03-06T00:00:00,71.290055,5.000000
2014-03-07T00:00:00,-1.244187,2014-03-07T00:00:00,70.408568,5.000000
2014-03-08T00:00:00,1.541708,2014-03-08T00:00:00,71.502474,5.000000
2014-03-09T00:00:00,-0.026676,2014-03-09T00:00:00,71.483402,5.000000
2014-03-10T00:00:00,0.571482,2014-03-10T00:00:00,71.893087,5.000000
2014-03-11T00:00:00,1.253383,2014-03-11T00:00:00,72.799853,5.000000
2014-03-12T00:00:00,1.004782,2014-03-12T00:00:00,73.535020,5.000000
2014-03-13T00:00:00,0.500908,2014-03-13T00:00:00,73.904287,5.000000
2014-03-14T00:00:00,0.268409,2014-03-14T00:00:00,74.102919,5.000000
2014-03-15T00:00:00,-0.779210,2014-03-15T00:00:00,73.527745,5.000000
2014-03-16T00:00:00,-0.088922,2014-03-16T00:00:00,73.462392,5.000000
2014-03-17T00:00:00,-1.585736,2014-03-17T00:00:00,72.306660,5.000000
2014-03-18T00:00:00,-1.498581,2014-03-18T00:00:00,71.231165,5.000000
2014-03-19T00:00:00,1.369138,2014-03-19T00:00:00,72.213125,5.000000
2014-03-20T00:00:00,0.428603,2014-03-20T00:00:00,72.523297,5.000000
2014-03-21T00:00:00,0.435848,2014-03-21T00:00:00,72.840078,5.000000
2014-03-22T00:00:00,0.527513,2014-03-22T00:00:00,73.225334,5.000000
2014-03-23T00:00:00,1.201811,2014-03-23T00:00:00,74.110673,5.000000
2014-03-24T00:00:00,0.458410,2014-03-24T00:00:00,74.451184,5.000000
2014-03-25T00:00:00,-0.511254,2014-03-25T00:00:00,74.071520,5.000000
2014-03-26T00:00:00,0.788394,2014-03-26T00:00:00,74.657804,5.000000
2014-03-27T00:00:00,-1.199402,2014-03-27T00:00:00,73.767706,5.000000
2014-03-28T00:00:00,0.056237,2014-03-28T00:00:00,73.809202,5.000000
2014-03-29T00:00:00,-1.417430,2014-03-29T00:00:00,72.770388,5.000000
2014-03-30T00:00:00,0.897814,2014-03-30T00:00:00,73.426672,5.000000
2014-03-31T00:00:00,0.173475,2014-03-31T00:00:00,73.554160,5.000000
2014-04-01T00:00:00,2.852497,2014-04-01T00:00:00,75.682501,5.000000
2014-04-02T00:00:00,-0.590158,2014-04-02T00:00:00,75.237171,5.000000
2014-04-03T00:00:00,0.214592,2014-04-03T00:00:00,75.398797,5.000000
2014-04-04T00:00:00,1.822922,2014-04-04T00:00:00,76.785863,5.000000
2014-04-05T00:00:00,0.015643,2014-04-05T00:00:00,76.797875,5.000000
2014-04-06T00:00:00,-0.321476,2014-04-06T00:00:00,76.551385,5.000000
2014-04-07T00:00:00,-0.072563,2014-04-07T00:00:00,76.495857,5.000000
2014-04-08T00:00:00,-0.132226,2014-04-08T00:00:00,76.394777,5.000000
2014-04-09T00:00:00,1.445532,2014-04-09T00:00:00,77.507108,5.000000
2014-04-10T00:00:00,-0.271502,2014-04-10T00:00:00,77.296960,5.000000
2014-04-11T00:00:00,1.480607,2014-04-11T00:00:00,78.449938,5.000000
2014-04-12T00:00:00,0.383545,2014-04-12T00:00:00,78.751407,5.000000
2014-04-13T00:00:00,-0.206492,2014-04-13T00:00:00,78.588959,5.000000
2014-04-14T00:00:00,0.586199,2014-04-14T00:00:00,79.051000,5.000000
2014-04-15T00:00:00,0.832795,2014-04-15T00:00:00,79.712082,5.000000
2014-04-16T00:00:00,-0.609808,2014-04-16T00:00:00,79.227471,5.000000
2014-04-17T00:00:00,1.283291,2014-04-17T00:00:00,80.250742,5.000000
2014-04-18T00:00:00,0.363171,2014-04-18T00:00:00,80.542720,5.000000
2014-04-19T00:00:00,-1.767920,2014-04-19T00:00:00,79.131302,5.000000
2014-04-20T00:00:00,-0.945988,2014-04-20T00:00:00,78.386259,5.000000
2014-04-21T00:00:00,1.721498,2014-04-21T00:00:00,79.747358,5.000000
2014-04-22T00:00:00,-0.041382,2014-04-22T00:00:00,79.714364,5.000000
2014-04-23T00:00:00,-0.011554,2014-04-23T00:00:00,79.705155,5.000000
2014-04-24T00:00:00,1.823527,2014-04-24T00:00:00,81.171933,5.000000
2014-04-25T00:00:00,0.327694,2014-04-25T00:00:00,81.438365,5.000000
2014-04-26T00:00:00,0.516445,2014-04-26T00:00:00,81.860037,5.000000
2014-04-27T00:00:00,0.684854,2014-04-27T00:00:00,82.422583,5.000000
2014-04-28T00:00:00,0.223944,2014-04-28T00:00:00,82.607370,5.000000
2014-04-29T00:00:00,0.674303,2014-04-29T00:00:00,83.166276,5.000000
2014-04-30T00:00:00,1.039324,2014-04-30T00:00:00,84.035150,5.000000
2014-05-01T00:00:00,0.332563,2014-05-01T00:00:00,84.315085,5.000000
2014-05-02T00:00:00,1.689106,2014-05-02T00:00:00,85.751352,5.000000
2014-05-03T00:00:00,0.342654,2014-05-03T00:00:00,86.045687,5.000000
2014-05-04T00:00:00,-2.145507,2014-05-04T00:00:00,84.219234,5.000000
2014-05-05T00:00:00,0.438283,2014-05-05T00:00:00,84.589163,5.000000
2014-05-06T00:00:00,-0.062929,2014-05-06T00:00:00,84.535949,5.000000
2014-05-07T00:00:00,-0.256545,2014-05-07T00:00:00,84.319354,5.000000
2014-05-08T00:00:00,1.160284,2014-05-08T00:00:00,85.303395,5.000000
2014-05-09T00:00:00,0.139782,2014-05-09T00:00:00,85.422717,5.000000
2014-05-10T00:00:00,-1.637705,2014-05-10T00:00:00,84.035139,5.000000
2014-05-11T00:00:00,-0.226394,2014-05-11T00:00:00,83.845103,5.000000
2014-05-12T00:00:00,0.145325,2014-05-12T00:00:00,83.967039,5.000000
2014-05-13T00:00:00,-0.158847,2014-05-13T00:00:00,83.833766,5.000000
2014-05-14T00:00:00,-0.474836,2014-05-14T00:00:00,83.436637,5.000000
2014-05-15T00:00:00,0.337447,2014-05-15T00:00:00,83.718667,5.000000
2014-05-16T00:00:00,2.603205,2014-05-16T00:00:00,85.926650,5.000000
2014-05-17T00:00:00,2.129835,2014-05-17T00:00:00,87.776374,5.000000
2014-05-18T00:00:00,0.092566,2014-05-18T00:00:00,87.857663,5.000000
2014-05-19T00:00:00,-0.913128,2014-05-19T00:00:00,87.059061,5.000000
2014-05-20T00:00:00,-0.315507,2014-05-20T00:00:00,86.784816,5.000000
2014-05-21T00:00:00,-0.547698,2014-05-21T00:00:00,86.310797,5.000000
2014-05-22T00:00:00,0.730717,2014-05-22T00:00:00,86.943794,5.000000
2014-05-23T00:00:00,-0.342796,2014-05-23T00:00:00,86.646265,5.000000
2014-05-24T00:00:00,-0.061128,2014-05-24T00:00:00,86.593315,5.000000
2014-05-25T00:00:00,-0.425894,2014-05-25T00:00:00,86.225304,5.000000
2014-05-26T00:00:00,2.135330,2014-05-26T00:00:00,88.086297,5.000000
2014-05-27T00:00:00,1.562362,2014-05-27T00:00:00,89.473331,5.000000
2014-05-28T00:00:00,-0.491496,2014-05-28T00:00:00,89.034652,5.000000
2014-05-29T00:00:00,0.342102,2014-05-29T00:00:00,89.339763,5.000000
2014-05-30T00:00:00,-1.000568,2014-05-30T00:00:00,88.450315,5.000000
2014-05-31T00:00:00,0.288957,2014-05-31T00:00:00,88.706268,5.000000
2014-06-01T00:00:00,0.489513,2014-06-01T00:00:00,89.141561,5.000000
2014-06-02T00:00:00,0.871248,2014-06-02T00:00:00,89.921598,5.000000
2014-06-03T00:00:00,-1.660673,2014-06-03T00:00:00,88.440625,5.000000
2014-06-04T00:00:00,-1.668944,2014-06-04T00:00:00,86.976849,5.000000
2014-06-05T00:00:00,-2.190675,2014-06-05T00:00:00,85.092188,5.000000
2014-06-06T00:00:00,-1.400582,2014-06-06T00:00:00,83.908709,5.000000
2014-06-07T00:00:00,-0.439609,2014-06-07T00:00:00,83.540649,5.000000
2014-06-08T00:00:00,1.025810,2014-06-08T00:00:00,84.402028,5.000000
2014-06-09T00:00:00,0.439103,2014-06-09T00:00:00,84.773455,5.000000
2014-06-10T00:00:00,-0.290870,2014-06-10T00:00:00,84.527232,5.000000
2014-06-11T00:00:00,-0.331236,2014-06-11T00:00:00,84.247711,5.000000
2014-06-12T00:00:00,-0.318016,2014-06-12T00:00:00,83.980215,5.000000
2014-06-13T00:00:00,-0.382338,2014-06-13T00:00:00,83.659740,5.000000
2014-06-14T00:00:00,-1.712365,2014-06-14T00:00:00,82.239375,5.000000
2014-06-15T00:00:00,-0.759743,2014-06-15T00:00:00,81.616935,5.000000
2014-06-16T00:00:00,-2.210930,2014-06-16T00:00:00,79.832243,5.000000
2014-06-17T00:00:00,1.012343,2014-06-17T00:00:00,80.644524,5.000000
2014-06-18T00:00:00,0.295274,2014-06-18T00:00:00,80.882998,5.000000
2014-06-19T00:00:00,0.082079,2014-06-19T00:00:00,80.949414,5.000000
2014-06-20T00:00:00,1.980304,2014-06-20T00:00:00,82.568436,5.000000
2014-06-21T00:00:00,-0.751205,2014-06-21T00:00:00,81.950501,5.000000
2014-06-22T00:00:00,-1.371116,2014-06-22T00:00:00,80.834533,5.000000
2014-06-23T00:00:00,0.057610,2014-06-23T00:00:00,80.881115,5.000000
2014-06-24T00:00:00,-1.233502,2014-06-24T00:00:00,79.889573,5.000000
2014-06-25T00:00:00,2.205397,2014-06-25T00:00:00,81.671027,5.000000
2014-06-26T00:00:00,0.300059,2014-06-26T00:00:00,81.916456,5.000000
2014-06-27T00:00:00,-0.427553,2014-06-27T00:00:00,81.566968,5.000000
2014-06-28T00:00:00,-0.289951,2014-06-28T00:00:00,81.330806,5.000000
2014-06-29T00:00:00,0.870168,2014-06-29T00:00:00,82.041609,5.000000
2014-06-30T00:00:00,0.215341,2014-06-30T00:00:00,82.218468,5.000000
2014-07-01T00:00:00,-0.622475,2014-07-01T00:00:00,81.708268,5.000000
2014-07-02T00:00:00,0.668688,2014-07-02T00:00:00,82.256472,5.000000
2014-07-03T00:00:00,-0.971479,2014-07-03T00:00:00,81.461237,5.000000
2014-07-04T00:00:00,-0.305719,2014-07-04T00:00:00,81.212575,5.000000
2014-07-05T00:00:00,-0.123376,2014-07-05T00:00:00,81.112440,5.000000
2014-07-06T00:00:00,0.192386,2014-07-06T00:00:00,81.268639,5.000000
2014-07-07T00:00:00,-0.752183,2014-07-07T00:00:00,80.659643,5.000000
2014-07-08T00:00:00,-0.943714,2014-07-08T00:00:00,79.902027,5.000000
2014-07-09T00:00:00,0.713949,2014-07-09T00:00:00,80.474529,5.000000
2014-07-10T00:00:00,-0.578673,2014-07-10T00:00:00,80.010189,5.000000
2014-07-11T00:00:00,0.630717,2014-07-11T00:00:00,80.516422,5.000000
2014-07-12T00:00:00,0.601271,2014-07-12T00:00:00,81.002002,5.000000
2014-07-13T00:00:00,-0.470990,2014-07-13T00:00:00,80.621388,5.000000
2014-07-14T00:00:00,1.656612,2014-07-14T00:00:00,81.968095,5.000000
2014-07-15T00:00:00,1.023468,2014-07-15T00:00:00,82.811321,5.000000
2014-07-16T00:00:00,-1.368893,2014-07-16T00:00:00,81.685446,5.000000
2014-07-17T00:00:00,0.989865,2014-07-17T00:00:00,82.498036,5.000000
2014-07-18T00:00:00,0.270276,2014-07-18T00:00:00,82.721310,5.000000
2014-07-19T00:00:00,-1.736665,2014-07-19T00:00:00,81.297120,5.000000
2014-07-20T00:00:00,0.605710,2014-07-20T00:00:00,81.791039,5.000000
2014-07-21T00:00:00,-2.521247,2014-07-21T00:00:00,79.754664,5.000000
2014-07-22T00:00:00,-0.422538,2014-07-22T00:00:00,79.418381,5.000000
2014-07-23T00:00:00,-0.612621,2014-07-23T00:00:00,78.933335,5.000000
2014-07-24T00:00:00,-1.402714,2014-07-24T00:00:00,77.833855,5.000000
2014-07-25T00:00:00,-1.753039,2014-07-25T00:00:00,76.481288,5.000000
2014-07-26T00:00:00,-1.415521,2014-07-26T00:00:00,75.406305,5.000000
2014-07-27T00:00:00,-0.305413,2014-07-27T00:00:00,75.176356,5.000000
2014-07-28T00:00:00,1.071243,2014-07-28T00:00:00,75.986006,5.000000
2014-07-29T00:00:00,-0.628649,2014-07-29T00:00:00,75.509819,5.000000
2014-07-30T00:00:00,-1.661875,2014-07-30T00:00:00,74.265311,5.000000
2014-07-31T00:00:00,-0.357097,2014-07-31T00:00:00,74.000585,5.000000
2014-08-01T00:00:00,2.494387,2014-08-01T00:00:00,75.869659,5.000000
2014-08-02T00:00:00,-1.763656,2014-08-02T00:00:00,74.543310,5.000000
2014-08-03T00:00:00,1.544628,2014-08-03T00:00:00,75.703666,5.000000
2014-08-04T00:00:00,0.430877,2014-08-04T00:00:00,76.030559,5.000000
2014-08-05T00:00:00,2.050120,2014-08-05T00:00:00,77.605364,5.000000
2014-08-06T00:00:00,-0.910037,2014-08-06T00:00:00,76.902331,5.000000
2014-08-07T00:00:00,1.091813,2014-08-07T00:00:00,77.746561,5.000000
2014-08-08T00:00:00,1.072531,2014-08-08T00:00:00,78.584904,5.000000
2014-08-09T00:00:00,-0.454707,2014-08-09T00:00:00,78.228385,5.000000
2014-08-10T00:00:00,0.332456,2014-08-10T00:00:00,78.488893,5.000000
2014-08-11T00:00:00,1.362912,2014-08-11T00:00:00,79.565950,5.000000
2014-08-12T00:00:00,-0.397852,2014-08-12T00:00:00,79.250024,5.000000
2014-08-13T00:00:00,1.046988,2014-08-13T00:00:00,80.084121,5.000000
2014-08-14T00:00:00,-0.766141,2014-08-14T00:00:00,79.472908,5.000000
2014-08-15T00:00:00,-0.324660,2014-08-15T00:00:00,79.215309,5.000000
2014-08-16T00:00:00,0.400362,2014-08-16T00:00:00,79.533093,5.000000
2014-08-17T00:00:00,0.463887,2014-08-17T00:00:00,79.902894,5.000000
2014-08-18T00:00:00,-0.371110,2014-08-18T00:00:00,79.606916,5.000000
2014-08-19T00:00:00,-1.682409,2014-08-19T00:00:00,78.278806,5.000000
2014-08-20T00:00:00,-0.667058,2014-08-20T00:00:00,77.758379,5.000000
2014-08-21T00:00:00,-1.984267,2014-08-21T00:00:00,76.230652,5.000000
2014-08-22T00:00:00,-0.077521,2014-08-22T00:00:00,76.171581,5.000000
2014-08-23T00:00:00,1.168029,2014-08-23T00:00:00,77.066503,5.000000
2014-08-24T00:00:00,0.661451,2014-08-24T00:00:00,77.577950,5.000000
2014-08-25T00:00:00,0.134592,2014-08-25T00:00:00,77.682434,5.000000
2014-08-26T00:00:00,-0.359642,2014-08-26T00:00:00,77.403557,5.000000
2014-08-27T00:00:00,-1.019075,2014-08-27T00:00:00,76.618762,5.000000
2014-08-28T00:00:00,0.276950,2014-08-28T00:00:00,76.831252,5.000000
2014-08-29T00:00:00,-0.307010,2014-08-29T00:00:00,76.595734,5.000000
2014-08-30T00:00:00,0.379349,2014-08-30T00:00:00,76.886851,5.000000
2014-08-31T00:00:00,-1.125344,2014-08-31T00:00:00,76.026460,5.000000
2014-09-01T00:00:00,-0.494767,2014-09-01T00:00:00,75.651235,5.000000
2014-09-02T00:00:00,0.882854,2014-09-02T00:00:00,76.322082,5.000000
2014-09-03T00:00:00,0.867756,2014-09-03T00:00:00,76.987254,5.000000
2014-09-04T00:00:00,-0.273914,2014-09-04T00:00:00,76.776663,5.000000
2014-09-05T00:00:00,-1.874346,2014-09-05T00:00:00,75.351005,5.000000
2014-09-06T00:00:00,3.012947,2014-09-06T00:00:00,77.655838,5.000000
2014-09-07T00:00:00,-0.578353,2014-09-07T00:00:00,77.208010,5.000000
2014-09-08T00:00:00,0.269181,2014-09-08T00:00:00,77.416119,5.000000
2014-09-09T00:00:00,-0.516151,2014-09-09T00:00:00,77.017564,5.000000
2014-09-10T00:00:00,0.046869,2014-09-10T00:00:00,77.053670,5.000000
2014-09-11T00:00:00,-2.447026,2014-09-11T00:00:00,75.191029,5.000000
2014-09-12T00:00:00,1.642131,2014-09-12T00:00:00,76.435958,5.000000
2014-09-13T00:00:00,-1.038701,2014-09-13T00:00:00,75.646126,5.000000
2014-09-14T00:00:00,2.233301,2014-09-14T00:00:00,77.354537,5.000000
2014-09-15T00:00:00,0.821764,2014-09-15T00:00:00,77.992828,5.000000
2014-09-16T00:00:00,0.532732,2014-09-16T00:00:00,78.409429,5.000000
2014-09-17T00:00:00,0.786169,2014-09-17T00:00:00,79.028290,5.000000
2014-09-18T00:00:00,0.606716,2014-09-18T00:00:00,79.509224,5.000000
2014-09-19T00:00:00,-1.954737,2014-09-19T00:00:00,77.970119,5.000000
2014-09-20T00:00:00,0.160631,2014-09-20T00:00:00,78.095464,5.000000
2014-09-21T00:00:00,-1.015631,2014-09-21T00:00:00,77.306317,5.000000
2014-09-22T00:00:00,0.791510,2014-09-22T00:00:00,77.920632,5.000000
2014-09-23T00:00:00,-0.370006,2014-09-23T00:00:00,77.632854,5.000000
2014-09-24T00:00:00,-0.693849,2014-09-24T00:00:00,77.096064,5.000000
2014-09-25T00:00:00,1.045161,2014-09-25T00:00:00,77.906067,5.000000
2014-09-26T00:00:00,0.623909,2014-09-26T00:00:00,78.393650,5.000000
2014-09-27T00:00:00,0.257981,2014-09-27T00:00:00,78.596151,5.000000
2014-09-28T00:00:00,0.508847,2014-09-28T00:00:00,78.997105,5.000000
2014-09-29T00:00:00,-0.224874,2014-09-29T00:00:00,78.819661,5.000000
2014-09-30T00:00:00,-1.202127,2014-09-30T00:00:00,77.877821,5.000000
2014-10-01T00:00:00,-1.516411,2014-10-01T00:00:00,76.705782,5.000000
2014-10-02T00:00:00,0.192785,2014-10-02T00:00:00,76.853802,5.000000
2014-10-03T00:00:00,-1.322719,2014-10-03T00:00:00,75.843936,5.000000
2014-10-04T00:00:00,1.063898,2014-10-04T00:00:00,76.655146,5.000000
2014-10-05T00:00:00,-2.150362,2014-10-05T00:00:00,75.024379,5.000000
2014-10-06T00:00:00,-0.785668,2014-10-06T00:00:00,74.437245,5.000000
2014-10-07T00:00:00,0.383218,2014-10-07T00:00:00,74.723049,5.000000
2014-10-08T00:00:00,0.068057,2014-10-08T00:00:00,74.773921,5.000000
2014-10-09T00:00:00,0.100610,2014-10-09T00:00:00,74.849189,5.000000
2014-10-10T00:00:00,-1.011986,2014-10-10T00:00:00,74.095545,5.000000
2014-10-11T00:00:00,-0.149101,2014-10-11T00:00:00,73.985150,5.000000
2014-10-12T00:00:00,-2.407515,2014-10-12T00:00:00,72.225217,5.000000
2014-10-13T00:00:00,0.910857,2014-10-13T00:00:00,72.886091,5.000000
2014-10-14T00:00:00,0.732396,2014-10-14T00:00:00,73.421865,5.000000
2014-10-15T00:00:00,-0.972901,2014-10-15T00:00:00,72.711007,5.000000
2014-10-16T00:00:00,-0.755185,2014-10-16T00:00:00,72.163972,5.000000
2014-10-17T00:00:00,-1.111921,2014-10-17T00:00:00,71.366010,5.000000
2014-10-18T00:00:00,-0.491447,2014-10-18T00:00:00,71.016144,5.000000
2014-10-19T00:00:00,-0.162130,2014-10-19T00:00:00,70.901099,5.000000
2014-10-20T00:00:00,-0.665584,2014-10-20T00:00:00,70.430760,5.000000
2014-10-21T00:00:00,-0.691537,2014-10-21T00:00:00,69.945385,5.000000
2014-10-22T00:00:00,-0.259380,2014-10-22T00:00:00,69.764196,5.000000
2014-10-23T00:00:00,0.214625,2014-10-23T00:00:00,69.914088,5.000000
2014-10-24T00:00:00,0.978159,2014-10-24T00:00:00,70.601315,5.000000
2014-10-25T00:00:00,1.071221,2014-10-25T00:00:00,71.361676,5.000000
2014-10-26T00:00:00,0.024484,2014-10-26T00:00:00,71.379151,5.000000
2014-10-27T00:00:00,0.799027,2014-10-27T00:00:00,71.951774,5.000000
2014-10-28T00:00:00,-0.386574,2014-10-28T00:00:00,71.674164,5.000000
2014-10-29T00:00:00,-1.539952,2014-10-29T00:00:00,70.578871,5.000000
2014-10-30T00:00:00,0.957750,2014-10-30T00:00:00,71.258088,5.000000
2014-10-31T00:00:00,-0.935800,2014-10-31T00:00:00,70.594365,5.000000
2014-11-01T00:00:00,-0.523066,2014-11-01T00:00:00,70.226074,5.000000
2014-11-02T00:00:00,-0.521791,2014-11-02T00:00:00,69.860595,5.000000
2014-11-03T00:00:00,-0.614196,2014-11-03T00:00:00,69.432829,5.000000
2014-11-04T00:00:00,-0.932577,2014-11-04T00:00:00,68.788324,5.000000
2014-11-05T00:00:00,-0.340379,2014-11-05T00:00:00,68.554581,5.000000
2014-11-06T00:00:00,0.252213,2014-11-06T00:00:00,68.727703,5.000000
2014-11-07T00:00:00,0.085498,2014-11-07T00:00:00,68.786489,5.000000
2014-11-08T00:00:00,-0.308725,2014-11-08T00:00:00,68.574455,5.000000
2014-11-09T00:00:00,-0.486370,2014-11-09T00:00:00,68.241739,5.000000
2014-11-10T00:00:00,-0.173292,2014-11-10T00:00:00,68.123584,5.000000
2014-11-11T00:00:00,0.067631,2014-11-11T00:00:00,68.169672,5.000000
2014-11-12T00:00:00,0.396205,2014-11-12T00:00:00,68.440299,5.000000
2014-11-13T00:00:00,-0.259662,2014-11-13T00:00:00,68.262816,5.000000
2014-11-14T00:00:00,0.418987,2014-11-14T00:00:00,68.549429,5.000000
2014-11-15T00:00:00,0.845250,2014-11-15T00:00:00,69.131298,5.000000
2014-11-16T00:00:00,-1.055085,2014-11-16T00:00:00,68.405739,5.000000
2014-11-17T00:00:00,0.266114,2014-11-17T00:00:00,68.588018,5.000000
2014-11-18T00:00:00,1.073814,2014-11-18T00:00:00,69.328495,5.000000
2014-11-19T00:00:00,-1.198601,2014-11-19T00:00:00,68.502483,5.000000
2014-11-20T00:00:00,-1.337330,2014-11-20T00:00:00,67.592477,5.000000
2014-11-21T00:00:00,-0.310339,2014-11-21T00:00:00,67.383037,5.000000
2014-11-22T00:00:00,-0.396741,2014-11-22T00:00:00,67.116230,5.000000
2014-11-23T00:00:00,0.592048,2014-11-23T00:00:00,67.514769,5.000000
2014-11-24T00:00:00,0.402208,2014-11-24T00:00:00,67.786866,5.000000
2014-11-25T00:00:00,0.294504,2014-11-25T00:00:00,67.986796,5.000000
2014-11-26T00:00:00,-0.518160,2014-11-26T00:00:00,67.635426,5.000000
2014-11-27T00:00:00,-0.448523,2014-11-27T00:00:00,67.332745,5.000000
2014-11-28T00:00:00,-1.765740,2014-11-28T00:00:00,66.154259,5.000000
2014-11-29T00:00:00,0.011181,2014-11-29T00:00:00,66.161656,5.000000
2014-11-30T00:00:00,1.017411,2014-11-30T00:00:00,66.838228,5.000000
2014-12-01T00:00:00,-1.030648,2014-12-01T00:00:00,66.152899,5.000000
2014-12-02T00:00:00,-0.921164,2014-12-02T00:00:00,65.546321,5.000000
2014-12-03T00:00:00,0.896977,2014-12-03T00:00:00,66.136901,5.000000
2014-12-04T00:00:00,0.686044,2014-12-04T00:00:00,66.592189,5.000000
2014-12-05T00:00:00,-0.715244,2014-12-05T00:00:00,66.117592,5.000000
2014-12-06T00:00:00,1.020182,2014-12-06T00:00:00,66.795564,5.000000
2014-12-07T00:00:00,0.285670,2014-12-07T00:00:00,66.986652,5.000000
2014-12-08T00:00:00,0.186998,2014-12-08T00:00:00,67.112033,5.000000
2014-12-09T00:00:00,2.992480,2014-12-09T00:00:00,69.150698,5.000000
2014-12-10T00:00:00,-1.355509,2014-12-10T00:00:00,68.219678,5.000000
2014-12-11T00:00:00,-0.918521,2014-12-11T00:00:00,67.595935,5.000000
2014-12-12T00:00:00,0.585551,2014-12-12T00:00:00,67.992905,5.000000
2014-12-13T00:00:00,1.024413,2014-12-13T00:00:00,68.693013,5.000000
2014-12-14T00:00:00,0.483180,2014-12-14T00:00:00,69.025727,5.000000
2014-12-15T00:00:00,0.371541,2014-12-15T00:00:00,69.282663,5.000000
2014-12-16T00:00:00,0.259074,2014-12-16T00:00:00,69.462389,5.000000
2014-12-17T00:00:00,1.735754,2014-12-17T00:00:00,70.678610,5.000000
2014-12-18T00:00:00,0.396254,2014-12-18T00:00:00,70.959232,5.000000
2014-12-19T00:00:00,-1.361644,2014-12-19T00:00:00,69.999569,5.000000
2014-12-20T00:00:00,0.261589,2014-12-20T00:00:00,70.182920,5.000000
2014-12-21T00:00:00,-0.362447,2014-12-21T00:00:00,69.929004,5.000000
2014-12-22T00:00:00,0.319776,2014-12-22T00:00:00,70.152978,5.000000
2014-12-23T00:00:00,0.385182,2014-12-23T00:00:00,70.423716,5.000000
2014-12-24T00:00:00,-0.481272,2014-12-24T00:00:00,70.085601,5.000000
2014-12-25T00:00:00,1.479972,2014-12-25T00:00:00,71.130561,5.000000
2014-12-26T00:00:00,0.623190,2014-12-26T00:00:00,71.575224,5.000000
2014-12-27T00:00:00,1.824683,2014-12-27T00:00:00,72.893233,5.000000
2014-12-28T00:00:00,0.537193,2014-12-28T00:00:00,73.285864,5.000000
2014-12-29T00:00:00,-0.282751,2014-12-29T00:00:00,73.078940,5.000000
2014-12-30T00:00:00,-0.381420,2014-12-30T00:00:00,72.800733,5.000000
2014-12-31T00:00:00,0.821547,2014-12-31T00:00:00,73.401289,5.000000
2015-01-01T00:00:00,-0.211645,2015-01-01T00:00:00,73.246103,5.000000
2015-01-02T00:00:00,0.553493,2015-01-02T00:00:00,73.652639,5.000000
2015-01-03T00:00:00,1.145755,2015-01-03T00:00:00,74.501371,5.000000
2015-01-04T00:00:00,0.313316,2015-01-04T00:00:00,74.735162,5.000000
2015-01-05T00:00:00,-1.083142,2015-01-05T00:00:00,73.930043,5.000000
2015-01-06T00:00:00,-0.150951,2015-01-06T00:00:00,73.818529,5.000000
2015-01-07T00:00:00,-0.708553,2015-01-07T00:00:00,73.297334,5.000000
2015-01-08T00:00:00,0.998594,2015-01-08T00:00:00,74.032944,5.000000
2015-01-09T00:00:00,0.204087,2015-01-09T00:00:00,74.184190,5.000000
2015-01-10T00:00:00,1.076923,2015-01-10T00:00:00,74.987413,5.000000
2015-01-11T00:00:00,0.730076,2015-01-11T00:00:00,75.536882,5.000000
2015-01-12T00:00:00,0.722406,2015-01-12T00:00:00,76.084541,5.000000
2015-01-13T00:00:00,0.728128,2015-01-13T00:00:00,76.640555,5.000000
2015-01-14T00:00:00,-1.574517,2015-01-14T00:00:00,75.443287,5.000000
2015-01-15T00:00:00,-0.953788,2015-01-15T00:00:00,74.727139,5.000000
2015-01-16T00:00:00,0.038106,2015-01-16T00:00:00,74.755620,5.000000
2015-01-17T00:00:00,-0.854886,2015-01-17T00:00:00,74.119268,5.000000
2015-01-18T00:00:00,-1.181784,2015-01-18T00:00:00,73.248494,5.000000
2015-01-19T00:00:00,-0.003770,2015-01-19T00:00:00,73.245732,5.000000
2015-01-20T00:00:00,-0.156362,2015-01-20T00:00:00,73.131293,5.000000
2015-01-21T00:00:00,1.859832,2015-01-21T00:00:00,74.504139,5.000000
2015-01-22T00:00:00,-1.639223,2015-01-22T00:00:00,73.292805,5.000000
2015-01-23T00:00:00,-0.699040,2015-01-23T00:00:00,72.782246,5.000000
2015-01-24T00:00:00,-1.082356,2015-01-24T00:00:00,71.998731,5.000000
2015-01-25T00:00:00,0.298386,2015-01-25T00:00:00,72.213886,5.000000
2015-01-26T00:00:00,-0.489754,2015-01-26T00:00:00,71.861080,5.000000
2015-01-27T00:00:00,1.690697,2015-01-27T00:00:00,73.086362,5.000000
2015-01-28T00:00:00,-0.822641,2015-01-28T00:00:00,72.487590,5.000000
2015-01-29T00:00:00,0.254585,2015-01-29T00:00:00,72.672367,5.000000
2015-01-30T00:00:00,0.109735,2015-01-30T00:00:00,72.752158,5.000000
2015-01-31T00:00:00,1.751403,2015-01-31T00:00:00,74.037565,5.000000
2015-02-01T00:00:00,0.034397,2015-02-01T00:00:00,74.063036,5.000000
2015-02-02T00:00:00,0.086880,2015-02-02T00:00:00,74.127410,5.000000
2015-02-03T00:00:00,1.715126,2015-02-03T00:00:00,75.409754,5.000000
2015-02-04T00:00:00,-0.266776,2015-02-04T00:00:00,75.208847,5.000000
2015-02-05T00:00:00,0.171898,2015-02-05T00:00:00,75.338241,5.000000
2015-02-06T00:00:00,0.071441,2015-02-06T00:00:00,75.392082,5.000000
2015-02-07T00:00:00,1.165852,2015-02-07T00:00:00,76.276186,5.000000
2015-02-08T00:00:00,0.689732,2015-02-08T00:00:00,76.804106,5.000000
2015-02-09T00:00:00,-1.265402,2015-02-09T00:00:00,75.838349,5.000000
2015-02-10T00:00:00,-0.552268,2015-02-10T00:00:00,75.420673,5.000000
2015-02-11T00:00:00,0.393122,2015-02-11T00:00:00,75.717751,5.000000
2015-02-12T00:00:00,0.515280,2015-02-12T00:00:00,76.108917,5.000000
2015-02-13T00:00:00,0.167557,2015-02-13T00:00:00,76.236549,5.000000
2015-02-14T00:00:00,0.762243,2015-02-14T00:00:00,76.819878,5.000000
2015-02-15T00:00:00,1.059145,2015-02-15T00:00:00,77.637835,5.000000
2015-02-16T00:00:00,0.660257,2015-02-16T00:00:00,78.152141,5.000000
2015-02-17T00:00:00,0.260118,2015-02-17T00:00:00,78.355693,5.000000
2015-02-18T00:00:00,-0.900649,2015-02-18T00:00:00,77.653152,5.000000
2015-02-19T00:00:00,1.370111,2015-02-19T00:00:00,78.724408,5.000000
2015-02-20T00:00:00,-2.512128,2015-02-20T00:00:00,76.771384,5.000000
2015-02-21T00:00:00,0.356678,2015-02-21T00:00:00,77.045700,5.000000
2015-02-22T00:00:00,0.253914,2015-02-22T00:00:00,77.241578,5.000000
2015-02-23T00:00:00,0.769320,2015-02-23T00:00:00,77.838104,5.000000
2015-02-24T00:00:00,0.352555,2015-02-24T00:00:00,78.113011,5.000000
2015-02-25T00:00:00,0.526782,2015-02-25T00:00:00,78.525582,5.000000
2015-02-26T00:00:00,0.559386,2015-02-26T00:00:00,78.966074,5.000000
2015-02-27T00:00:00,-0.881222,2015-02-27T00:00:00,78.273264,5.000000
2015-02-28T00:00:00,0.461385,2015-02-28T00:00:00,78.635239,5.000000
2015-03-01T00:00:00,0.384347,2015-03-01T00:00:00,78.938053,5.000000
2015-03-02T00:00:00,-0.097885,2015-03-02T00:00:00,78.860822,5.000000
2015-03-03T00:00:00,-2.063661,2015-03-03T00:00:00,77.250079,5.000000
2015-03-04T00:00:00,1.147725,2015-03-04T00:00:00,78.141805,5.000000
2015-03-05T00:00:00,0.223755,2015-03-05T00:00:00,78.316848,5.000000
2015-03-06T00:00:00,0.488241,2015-03-06T00:00:00,78.700157,5.000000
2015-03-07T00:00:00,2.245597,2015-03-07T00:00:00,80.487438,5.000000
2015-03-08T00:00:00,0.755263,2015-03-08T00:00:00,81.097632,5.000000
2015-03-09T00:00:00,0.409232,2015-03-09T00:00:00,81.430189,5.000000
2015-03-10T00:00:00,-0.381817,2015-03-10T00:00:00,81.119867,5.000000
2015-03-11T00:00:00,0.177975,2015-03-11T00:00:00,81.264369,5.000000
2015-03-12T00:00:00,-0.318664,2015-03-12T00:00:00,81.005821,5.000000
2015-03-13T00:00:00,0.247498,2015-03-13T00:00:00,81.206557,5.000000
2015-03-14T00:00:00,0.168856,2015-03-14T00:00:00,81.343795,5.000000
2015-03-15T00:00:00,-0.845970,2015-03-15T00:00:00,80.658554,5.000000
2015-03-16T00:00:00,0.338444,2015-03-16T00:00:00,80.932001,5.000000
2015-03-17T00:00:00,-1.085431,2015-03-17T00:00:00,80.058290,5.000000
2015-03-18T00:00:00,-0.014786,2015-03-18T00:00:00,80.046453,5.000000
2015-03-19T00:00:00,0.048040,2015-03-19T00:00:00,80.084917,5.000000
2015-03-20T00:00:00,0.443907,2015-03-20T00:00:00,80.441210,5.000000
2015-03-21T00:00:00,-1.642095,2015-03-21T00:00:00,79.131075,5.000000
2015-03-22T00:00:00,0.428791,2015-03-22T00:00:00,79.471111,5.000000
2015-03-23T00:00:00,1.332948,2015-03-23T00:00:00,80.537511,5.000000
2015-03-24T00:00:00,0.275128,2015-03-24T00:00:00,80.759398,5.000000
2015-03-25T00:00:00,-0.244242,2015-03-25T00:00:00,80.562390,5.000000
2015-03-26T00:00:00,0.227467,2015-03-26T00:00:00,80.745852,5.000000
2015-03-27T00:00:00,1.157280,2015-03-27T00:00:00,81.685735,5.000000
2015-03-28T00:00:00,0.365451,2015-03-28T00:00:00,81.984803,5.000000
2015-03-29T00:00:00,1.087762,2015-03-29T00:00:00,82.881470,5.000000
2015-03-30T00:00:00,0.824462,2015-03-30T00:00:00,83.567620,5.000000
2015-03-31T00:00:00,0.244769,2015-03-31T00:00:00,83.772419,5.000000
2015-04-01T00:00:00,-0.577884,2015-04-01T00:00:00,83.289707,5.000000
2015-04-02T00:00:00,-0.549047,2015-04-02T00:00:00,82.833661,5.000000
2015-04-03T00:00:00,1.442708,2015-04-03T00:00:00,84.037371,5.000000
2015-04-04T00:00:00,0.012135,2015-04-04T00:00:00,84.047569,5.000000
2015-04-05T00:00:00,-0.838666,2015-04-05T00:00:00,83.345639,5.000000
2015-04-06T00:00:00,-0.544101,2015-04-06T00:00:00,82.893386,5.000000
2015-04-07T00:00:00,-0.661563,2015-04-07T00:00:00,82.346804,5.000000
2015-04-08T00:00:00,0.110327,2015-04-08T00:00:00,82.437705,5.000000
2015-04-09T00:00:00,1.492537,2015-04-09T00:00:00,83.677346,5.000000
2015-04-10T00:00:00,-0.964642,2015-04-10T00:00:00,82.874040,5.000000
2015-04-11T00:00:00,-1.435498,2015-04-11T00:00:00,81.692883,5.000000
2015-04-12T00:00:00,0.220557,2015-04-12T00:00:00,81.873261,5.000000
2015-04-13T00:00:00,1.050011,2015-04-13T00:00:00,82.737469,5.000000
2015-04-14T00:00:00,-0.433643,2015-04-14T00:00:00,82.379460,5.000000
2015-04-15T00:00:00,0.918611,2015-04-15T00:00:00,83.139693,5.000000
2015-04-16T00:00:00,0.347513,2015-04-16T00:00:00,83.429117,5.000000
2015-04-17T00:00:00,1.019159,2015-04-17T00:00:00,84.283740,5.000000
2015-04-18T00:00:00,-0.082443,2015-04-18T00:00:00,84.214283,5.000000
2015-04-19T00:00:00,0.768797,2015-04-19T00:00:00,84.864214,5.000000
2015-04-20T00:00:00,-0.830527,2015-04-20T00:00:00,84.162312,5.000000
2015-04-21T00:00:00,-1.091867,2015-04-21T00:00:00,83.248370,5.000000
2015-04-22T00:00:00,-2.082176,2015-04-22T00:00:00,81.532914,5.000000
2015-04-23T00:00:00,-1.824045,2015-04-23T00:00:00,80.059198,5.000000
2015-04-24T00:00:00,-0.323702,2015-04-24T00:00:00,79.800464,5.000000
2015-04-25T00:00:00,0.804529,2015-04-25T00:00:00,80.445071,5.000000
2015-04-26T00:00:00,-1.544847,2015-04-26T00:00:00,79.211868,5.000000
2015-04-27T00:00:00,0.813998,2015-04-27T00:00:00,79.859283,5.000000
2015-04-28T00:00:00,0.382949,2015-04-28T00:00:00,80.165690,5.000000
2015-04-29T00:00:00,-1.058580,2015-04-29T00:00:00,79.321548,5.000000
2015-04-30T00:00:00,1.923889,2015-04-30T00:00:00,80.862381,5.000000
2015-05-01T00:00:00,-0.551421,2015-05-01T00:00:00,80.417716,5.000000
2015-05-02T00:00:00,0.202631,2015-05-02T00:00:00,80.580832,5.000000
2015-05-03T00:00:00,-0.648378,2015-05-03T00:00:00,80.060054,5.000000
2015-05-04T00:00:00,2.244854,2015-05-04T00:00:00,81.877610,5.000000
2015-05-05T00:00:00,1.687097,2015-05-05T00:00:00,83.270684,5.000000
2015-05-06T00:00:00,-1.382130,2015-05-06T00:00:00,82.127692,5.000000
2015-05-07T00:00:00,-0.411649,2015-05-07T00:00:00,81.790308,5.000000
2015-05-08T00:00:00,-1.048570,2015-05-08T00:00:00,80.937160,5.000000
2015-05-09T00:00:00,0.607777,2015-05-09T00:00:00,81.430576,5.000000
2015-05-10T00:00:00,-0.784917,2015-05-10T00:00:00,80.793915,5.000000
2015-05-11T00:00:00,-0.786683,2015-05-11T00:00:00,80.160817,5.000000
2015-05-12T00:00:00,-0.091728,2015-05-12T00:00:00,80.087321,5.000000
2015-05-13T00:00:00,0.201843,2015-05-13T00:00:00,80.249135,5.000000
2015-05-14T00:00:00,0.852841,2015-05-14T00:00:00,80.936459,5.000000
2015-05-15T00:00:00,0.326903,2015-05-15T00:00:00,81.201476,5.000000
2015-05-16T00:00:00,-1.683380,2015-05-16T00:00:00,79.845988,5.000000
2015-05-17T00:00:00,0.367784,2015-05-17T00:00:00,80.140190,5.000000
2015-05-18T00:00:00,1.320820,2015-05-18T00:00:00,81.205719,5.000000
2015-05-19T00:00:00,-1.158818,2015-05-19T00:00:00,80.270124,5.000000
2015-05-20T00:00:00,-0.532696,2015-05-20T00:00:00,79.843665,5.000000
2015-05-21T00:00:00,-0.455204,2015-05-21T00:00:00,79.481040,5.000000
2015-05-22T00:00:00,0.595117,2015-05-22T00:00:00,79.955455,5.000000
2015-05-23T00:00:00,-0.104146,2015-05-23T00:00:00,79.872228,5.000000
2015-05-24T00:00:00,1.999981,2015-05-24T00:00:00,81.485738,5.000000
2015-05-25T00:00:00,2.123894,2015-05-25T00:00:00,83.234919,5.000000
2015-05-26T00:00:00,-1.096866,2015-05-26T00:00:00,82.326932,5.000000
2015-05-27T00:00:00,0.134964,2015-05-27T00:00:00,82.438118,5.000000
2015-05-28T00:00:00,0.205400,2015-05-28T00:00:00,82.607620,5.000000
2015-05-29T00:00:00,-1.318413,2015-05-29T00:00:00,81.525659,5.000000
2015-05-30T00:00:00,-0.016472,2015-05-30T00:00:00,81.512231,5.000000
2015-05-31T00:00:00,1.319553,2015-05-31T00:00:00,82.594956,5.000000
2015-06-01T00:00:00,-1.253735,2015-06-01T00:00:00,81.565899,5.000000
2015-06-02T00:00:00,0.032306,2015-06-02T00:00:00,81.592253,5.000000
2015-06-03T00:00:00,0.001524,2015-06-03T00:00:00,81.593497,5.000000
2015-06-04T00:00:00,-0.328909,2015-06-04T00:00:00,81.325569,5.000000
2015-06-05T00:00:00,0.739871,2015-06-05T00:00:00,81.929505,5.000000
2015-06-06T00:00:00,-0.747244,2015-06-06T00:00:00,81.319574,5.000000
2015-06-07T00:00:00,-3.385135,2015-06-07T00:00:00,78.612868,5.000000
2015-06-08T00:00:00,-0.144735,2015-06-08T00:00:00,78.499170,5.000000
2015-06-09T00:00:00,0.554140,2015-06-09T00:00:00,78.935373,5.000000
2015-06-10T00:00:00,0.667487,2015-06-10T00:00:00,79.464019,5.000000
2015-06-11T00:00:00,-0.779198,2015-06-11T00:00:00,78.847243,5.000000
2015-06-12T00:00:00,-0.806375,2015-06-12T00:00:00,78.213995,5.000000
2015-06-13T00:00:00,0.323751,2015-06-13T00:00:00,78.467624,5.000000
2015-06-14T00:00:00,0.436765,2015-06-14T00:00:00,78.811093,5.000000
2015-06-15T00:00:00,-0.391573,2015-06-15T00:00:00,78.503094,5.000000
2015-06-16T00:00:00,0.982258,2015-06-16T00:00:00,79.277996,5.000000
2015-06-17T00:00:00,1.225535,2015-06-17T00:00:00,80.255553,5.000000
2015-06-18T00:00:00,0.521477,2015-06-18T00:00:00,80.675161,5.000000
2015-06-19T00:00:00,0.471164,2015-06-19T00:00:00,81.056170,5.000000
2015-06-20T00:00:00,1.170746,2015-06-20T00:00:00,82.010708,5.000000
2015-06-21T00:00:00,-0.027768,2015-06-21T00:00:00,81.987938,5.000000
2015-06-22T00:00:00,-2.574657,2015-06-22T00:00:00,79.903972,5.000000
2015-06-23T00:00:00,0.654092,2015-06-23T00:00:00,80.428331,5.000000
2015-06-24T00:00:00,0.035812,2015-06-24T00:00:00,80.457139,5.000000
2015-06-25T00:00:00,-0.393762,2015-06-25T00:00:00,80.140953,5.000000
2015-06-26T00:00:00,-0.775910,2015-06-26T00:00:00,79.521537,5.000000
2015-06-27T00:00:00,1.178684,2015-06-27T00:00:00,80.464391,5.000000
2015-06-28T00:00:00,-1.712756,2015-06-28T00:00:00,79.097967,5.000000
2015-06-29T00:00:00,0.365326,2015-06-29T00:00:00,79.387461,5.000000
2015-06-30T00:00:00,-1.103376,2015-06-30T00:00:00,78.516333,5.000000
2015-07-01T00:00:00,0.499226,2015-07-01T00:00:00,78.909287,5.000000
2015-07-02T00:00:00,1.120181,2015-07-02T00:00:00,79.798183,5.000000
2015-07-03T00:00:00,-0.288390,2015-07-03T00:00:00,79.568384,5.000000
2015-07-04T00:00:00,1.424870,2015-07-04T00:00:00,80.710246,5.000000
2015-07-05T00:00:00,0.894775,2015-07-05T00:00:00,81.435662,5.000000
2015-07-06T00:00:00,0.132052,2015-07-06T00:00:00,81.543270,5.000000
2015-07-07T00:00:00,1.437781,2015-07-07T00:00:00,82.724153,5.000000
2015-07-08T00:00:00,-0.356989,2015-07-08T00:00:00,82.429363,5.000000
2015-07-09T00:00:00,0.112798,2015-07-09T00:00:00,82.522394,5.000000
2015-07-10T00:00:00,-1.085695,2015-07-10T00:00:00,81.631298,5.000000
2015-07-11T00:00:00,-0.777639,2015-07-11T00:00:00,80.998964,5.000000
2015-07-12T00:00:00,1.040021,2015-07-12T00:00:00,81.845765,5.000000
2015-07-13T00:00:00,-0.291806,2015-07-13T00:00:00,81.607283,5.000000
2015-07-14T00:00:00,-1.152078,2015-07-14T00:00:00,80.672498,5.000000
2015-07-15T00:00:00,2.542722,2015-07-15T00:00:00,82.750077,5.000000
2015-07-16T00:00:00,0.843782,2015-07-16T00:00:00,83.451262,5.000000
2015-07-17T00:00:00,0.824540,2015-07-17T00:00:00,84.142195,5.000000
2015-07-18T00:00:00,-0.015426,2015-07-18T00:00:00,84.129217,5.000000
2015-07-19T00:00:00,-0.733470,2015-07-19T00:00:00,83.514412,5.000000
2015-07-20T00:00:00,-1.684109,2015-07-20T00:00:00,82.119715,5.000000
2015-07-21T00:00:00,1.330996,2015-07-21T00:00:00,83.220032,5.000000
2015-07-22T00:00:00,-1.349438,2015-07-22T00:00:00,82.104572,5.000000
2015-07-23T00:00:00,0.829029,2015-07-23T00:00:00,82.788072,5.000000
2015-07-24T00:00:00,0.615538,2015-07-24T00:00:00,83.299235,5.000000
2015-07-25T00:00:00,-1.711158,2015-07-25T00:00:00,81.885980,5.000000
2015-07-26T00:00:00,0.952996,2015-07-26T00:00:00,82.670080,5.000000
2015-07-27T00:00:00,-0.344758,2015-07-27T00:00:00,82.385559,5.000000
2015-07-28T00:00:00,-0.670934,2015-07-28T00:00:00,81.834657,5.000000
2015-07-29T00:00:00,-1.901506,2015-07-29T00:00:00,80.293268,5.000000
2015-07-30T00:00:00,1.352597,2015-07-30T00:00:00,81.386690,5.000000
2015-07-31T00:00:00,0.415854,2015-07-31T00:00:00,81.725845,5.000000
2015-08-01T00:00:00,-0.100359,2015-08-01T00:00:00,81.643867,5.000000
2015-08-02T00:00:00,-1.183092,2015-08-02T00:00:00,80.683636,5.000000
2015-08-03T00:00:00,-0.399432,2015-08-03T00:00:00,80.362003,5.000000
2015-08-04T00:00:00,-0.082551,2015-08-04T00:00:00,80.295691,5.000000
2015-08-05T00:00:00,1.336924,2015-08-05T00:00:00,81.376391,5.000000
2015-08-06T00:00:00,1.019582,2015-08-06T00:00:00,82.210334,5.000000
2015-08-07T00:00:00,-1.041282,2015-08-07T00:00:00,81.358734,5.000000
2015-08-08T00:00:00,-0.936311,2015-08-08T00:00:00,80.600519,5.000000
2015-08-09T00:00:00,-0.335366,2015-08-09T00:00:00,80.330665,5.000000
2015-08-10T00:00:00,0.996780,2015-08-10T00:00:00,81.135389,5.000000
2015-08-11T00:00:00,1.129486,2015-08-11T00:00:00,82.056997,5.000000
2015-08-12T00:00:00,0.099044,2015-08-12T00:00:00,82.138310,5.000000
2015-08-13T00:00:00,-1.844325,2015-08-13T00:00:00,80.637297,5.000000
2015-08-14T00:00:00,-0.776632,2015-08-14T00:00:00,80.013468,5.000000
2015-08-15T00:00:00,0.021343,2015-08-15T00:00:00,80.030547,5.000000
2015-08-16T00:00:00,-0.498370,2015-08-16T00:00:00,79.632691,5.000000
2015-08-17T00:00:00,1.192184,2015-08-17T00:00:00,80.587741,5.000000
2015-08-18T00:00:00,-0.932880,2015-08-18T00:00:00,79.839450,5.000000
2015-08-19T00:00:00,-0.661660,2015-08-19T00:00:00,79.312928,5.000000
2015-08-20T00:00:00,-0.728225,2015-08-20T00:00:00,78.737449,5.000000
2015-08-21T00:00:00,2.059089,2015-08-21T00:00:00,80.375530,5.000000
2015-08-22T00:00:00,-1.007587,2015-08-22T00:00:00,79.569743,5.000000
2015-08-23T00:00:00,-0.450546,2015-08-23T00:00:00,79.212052,5.000000
2015-08-24T00:00:00,-0.304640,2015-08-24T00:00:00,78.971107,5.000000
2015-08-25T00:00:00,-0.949179,2015-08-25T00:00:00,78.225076,5.000000
2015-08-26T00:00:00,-1.094479,2015-08-26T00:00:00,77.373588,5.000000
2015-08-27T00:00:00,-1.340812,2015-08-27T00:00:00,76.343077,5.000000
2015-08-28T00:00:00,1.681205,2015-08-28T00:00:00,77.637411,5.000000
2015-08-29T00:00:00,1.702989,2015-08-29T00:00:00,78.970890,5.000000
2015-08-30T00:00:00,0.189187,2015-08-30T00:00:00,79.120433,5.000000
2015-08-31T00:00:00,-0.049942,2015-08-31T00:00:00,79.080929,5.000000
2015-09-01T00:00:00,1.297354,2015-09-01T00:00:00,80.113573,5.000000
2015-09-02T00:00:00,-0.712319,2015-09-02T00:00:00,79.544936,5.000000
2015-09-03T00:00:00,0.473702,2015-09-03T00:00:00,79.922636,5.000000
2015-09-04T00:00:00,0.122973,2015-09-04T00:00:00,80.020980,5.000000
2015-09-05T00:00:00,0.018109,2015-09-05T00:00:00,80.035472,5.000000
2015-09-06T00:00:00,0.035073,2015-09-06T00:00:00,80.063548,5.000000
2015-09-07T00:00:00,-0.187015,2015-09-07T00:00:00,79.913957,5.000000
2015-09-08T00:00:00,0.837546,2015-09-08T00:00:00,80.586083,5.000000
2015-09-09T00:00:00,-0.831571,2015-09-09T00:00:00,79.918731,5.000000
2015-09-10T00:00:00,-2.247088,2015-09-10T00:00:00,78.142914,5.000000
2015-09-11T00:00:00,0.428678,2015-09-11T00:00:00,78.478615,5.000000
2015-09-12T00:00:00,-1.661056,2015-09-12T00:00:00,77.185808,5.000000
2015-09-13T00:00:00,0.151860,2015-09-13T00:00:00,77.303111,5.000000
2015-09-14T00:00:00,0.646095,2015-09-14T00:00:00,77.804180,5.000000
2015-09-15T00:00:00,-0.567482,2015-09-15T00:00:00,77.363906,5.000000
2015-09-16T00:00:00,-0.481664,2015-09-16T00:00:00,76.992168,5.000000
2015-09-17T00:00:00,-1.069896,2015-09-17T00:00:00,76.172823,5.000000
2015-09-18T00:00:00,-0.631844,2015-09-18T00:00:00,75.693047,5.000000
2015-09-19T00:00:00,0.463922,2015-09-19T00:00:00,76.045019,5.000000
2015-09-20T00:00:00,-0.416237,2015-09-20T00:00:00,75.729150,5.000000
2015-09-21T00:00:00,-0.619107,2015-09-21T00:00:00,75.261754,5.000000
2015-09-22T00:00:00,0.652409,2015-09-22T00:00:00,75.754374,5.000000
2015-09-23T00:00:00,-0.705135,2015-09-23T00:00:00,75.222082,5.000000
2015-09-24T00:00:00,0.828347,2015-09-24T00:00:00,75.847770,5.000000
2015-09-25T00:00:00,-0.458171,2015-09-25T00:00:00,75.501052,5.000000
2015-09-26T00:00:00,0.222447,2015-09-26T00:00:00,75.669189,5.000000
2015-09-27T00:00:00,0.844194,2015-09-27T00:00:00,76.310688,5.000000
2015-09-28T00:00:00,-0.604413,2015-09-28T00:00:00,75.850847,5.000000
2015-09-29T00:00:00,1.696482,2015-09-29T00:00:00,77.148620,5.000000
2015-09-30T00:00:00,0.288914,2015-09-30T00:00:00,77.371836,5.000000
2015-10-01T00:00:00,-0.334411,2015-10-01T00:00:00,77.113528,5.000000
2015-10-02T00:00:00,-1.120939,2015-10-02T00:00:00,76.253959,5.000000
2015-10-03T00:00:00,-1.722734,2015-10-03T00:00:00,74.951556,5.000000
2015-10-04T00:00:00,1.856901,2015-10-04T00:00:00,76.356335,5.000000
2015-10-05T00:00:00,0.699446,2015-10-05T00:00:00,76.892278,5.000000
2015-10-06T00:00:00,0.647451,2015-10-06T00:00:00,77.391733,5.000000
2015-10-07T00:00:00,-1.142313,2015-10-07T00:00:00,76.512707,5.000000
2015-10-08T00:00:00,0.370721,2015-10-08T00:00:00,76.796882,5.000000
2015-10-09T00:00:00,-0.352508,2015-10-09T00:00:00,76.526643,5.000000
2015-10-10T00:00:00,-1.872326,2015-10-10T00:00:00,75.107145,5.000000
2015-10-11T00:00:00,1.759942,2015-10-11T00:00:00,76.440688,5.000000
2015-10-12T00:00:00,-1.864036,2015-10-12T00:00:00,75.029004,5.000000
2015-10-13T00:00:00,3.618944,2015-10-13T00:00:00,77.793991,5.000000
2015-10-14T00:00:00,-0.603248,2015-10-14T00:00:00,77.326113,5.000000
2015-10-15T00:00:00,1.161455,2015-10-15T00:00:00,78.229457,5.000000
2015-10-16T00:00:00,-1.765305,2015-10-16T00:00:00,76.860587,5.000000
2015-10-17T00:00:00,0.481980,2015-10-17T00:00:00,77.231934,5.000000
2015-10-18T00:00:00,-2.673820,2015-10-18T00:00:00,75.194255,5.000000
2015-10-19T00:00:00,-1.778673,2015-10-19T00:00:00,73.868619,5.000000
2015-10-20T00:00:00,0.388452,2015-10-20T00:00:00,74.156121,5.000000
2015-10-21T00:00:00,2.469142,2015-10-21T00:00:00,76.009934,5.000000
2015-10-22T00:00:00,0.174362,2015-10-22T00:00:00,76.142582,5.000000
2015-10-23T00:00:00,0.178543,2015-10-23T00:00:00,76.278651,5.000000
2015-10-24T00:00:00,0.479438,2015-10-24T00:00:00,76.645238,5.000000
2015-10-25T00:00:00,0.532877,2015-10-25T00:00:00,77.054753,5.000000
2015-10-26T00:00:00,0.005494,2015-10-26T00:00:00,77.058986,5.000000
2015-10-27T00:00:00,-1.327620,2015-10-27T00:00:00,76.042697,5.000000
2015-10-28T00:00:00,0.746115,2015-10-28T00:00:00,76.612184,5.000000
2015-10-29T00:00:00,-0.035098,2015-10-29T00:00:00,76.585299,5.000000
2015-10-30T00:00:00,0.956209,2015-10-30T00:00:00,77.321127,5.000000
2015-10-31T00:00:00,-0.220163,2015-10-31T00:00:00,77.151082,5.000000
2015-11-01T00:00:00,-0.855065,2015-11-01T00:00:00,76.494203,5.000000
2015-11-02T00:00:00,-0.959125,2015-11-02T00:00:00,75.764035,5.000000
2015-11-03T00:00:00,0.633238,2015-11-03T00:00:00,76.245324,5.000000
2015-11-04T00:00:00,-0.385160,2015-11-04T00:00:00,75.952222,5.000000
2015-11-05T00:00:00,0.437143,2015-11-05T00:00:00,76.284969,5.000000
2015-11-06T00:00:00,-0.545500,2015-11-06T00:00:00,75.869967,5.000000
2015-11-07T00:00:00,-1.014197,2015-11-07T00:00:00,75.104385,5.000000
2015-11-08T00:00:00,1.116390,2015-11-08T00:00:00,75.947541,5.000000
2015-11-09T00:00:00,-0.879578,2015-11-09T00:00:00,75.282452,5.000000
2015-11-10T00:00:00,-0.401990,2015-11-10T00:00:00,74.980432,5.000000
2015-11-11T00:00:00,-0.637130,2015-11-11T00:00:00,74.504228,5.000000
2015-11-12T00:00:00,0.561836,2015-11-12T00:00:00,74.923998,5.000000
2015-11-13T00:00:00,-0.687200,2015-11-13T00:00:00,74.410885,5.000000
2015-11-14T00:00:00,1.204556,2015-11-14T00:00:00,75.312626,5.000000
2015-11-15T00:00:00,1.123150,2015-11-15T00:00:00,76.163267,5.000000
2015-11-16T00:00:00,0.012815,2015-11-16T00:00:00,76.173028,5.000000
2015-11-17T00:00:00,-1.669683,2015-11-17T00:00:00,74.911739,5.000000
2015-11-18T00:00:00,-0.144561,2015-11-18T00:00:00,74.803524,5.000000
2015-11-19T00:00:00,0.585111,2015-11-19T00:00:00,75.242491,5.000000
2015-11-20T00:00:00,1.223585,2015-11-20T00:00:00,76.168803,5.000000
2015-11-21T00:00:00,-1.119857,2015-11-21T00:00:00,75.320580,5.000000
2015-11-22T00:00:00,0.238389,2015-11-22T00:00:00,75.500350,5.000000
2015-11-23T00:00:00,0.316592,2015-11-23T00:00:00,75.739757,5.000000
2015-11-24T00:00:00,0.538146,2015-11-24T00:00:00,76.148446,5.000000
2015-11-25T00:00:00,-0.004401,2015-11-25T00:00:00,76.145095,5.000000
2015-11-26T00:00:00,1.722706,2015-11-26T00:00:00,77.468215,5.000000
2015-11-27T00:00:00,1.394190,2015-11-27T00:00:00,78.555833,5.000000
2015-11-28T00:00:00,1.505749,2015-11-28T00:00:00,79.747637,5.000000
2015-11-29T00:00:00,1.534218,2015-11-29T00:00:00,80.980573,5.000000
2015-11-30T00:00:00,0.897245,2015-11-30T00:00:00,81.710437,5.000000
2015-12-01T00:00:00,-0.691670,2015-12-01T00:00:00,81.147220,5.000000
2015-12-02T00:00:00,-2.472490,2015-12-02T00:00:00,79.165463,5.000000
2015-12-03T00:00:00,0.056326,2015-12-03T00:00:00,79.210066,5.000000
2015-12-04T00:00:00,0.023684,2015-12-04T00:00:00,79.228829,5.000000
2015-12-05T00:00:00,-1.440501,2015-12-05T00:00:00,78.095717,5.000000
2015-12-06T00:00:00,-0.620501,2015-12-06T00:00:00,77.612633,5.000000
2015-12-07T00:00:00,-0.288689,2015-12-07T00:00:00,77.388896,5.000000
2015-12-08T00:00:00,1.263186,2015-12-08T00:00:00,78.372662,5.000000
2015-12-09T00:00:00,0.653687,2015-12-09T00:00:00,78.886652,5.000000
2015-12-10T00:00:00,0.081165,2015-12-10T00:00:00,78.950707,5.000000
2015-12-11T00:00:00,-0.142615,2015-12-11T00:00:00,78.838191,5.000000
2015-12-12T00:00:00,-0.071905,2015-12-12T00:00:00,78.781523,5.000000
2015-12-13T00:00:00,-1.214168,2015-12-13T00:00:00,77.830767,5.000000
2015-12-14T00:00:00,-0.861103,2015-12-14T00:00:00,77.163441,5.000000
2015-12-15T00:00:00,-1.777118,2015-12-15T00:00:00,75.804269,5.000000
2015-12-16T00:00:00,1.845163,2015-12-16T00:00:00,77.215965,5.000000
2015-12-17T00:00:00,-1.804188,2015-12-17T00:00:00,75.835335,5.000000
2015-12-18T00:00:00,-0.130691,2015-12-18T00:00:00,75.736290,5.000000
2015-12-19T00:00:00,-0.089883,2015-12-19T00:00:00,75.668247,5.000000
2015-12-20T00:00:00,-1.595068,2015-12-20T00:00:00,74.470861,5.000000
2015-12-21T00:00:00,-1.112623,2015-12-21T00:00:00,73.646874,5.000000
2015-12-22T00:00:00,1.550681,2015-12-22T00:00:00,74.797803,5.000000
2015-12-23T00:00:00,0.279204,2015-12-23T00:00:00,75.006933,5.000000
2015-12-24T00:00:00,0.817265,2015-12-24T00:00:00,75.622450,5.000000
2015-12-25T00:00:00,-0.588264,2015-12-25T00:00:00,75.178896,5.000000
2015-12-26T00:00:00,0.260306,2015-12-26T00:00:00,75.374846,5.000000
2015-12-27T00:00:00,0.695396,2015-12-27T00:00:00,75.900827,5.000000
2015-12-28T00:00:00,-1.639429,2015-12-28T00:00:00,74.666631,5.000000
2015-12-29T00:00:00,-0.834632,2015-12-29T00:00:00,74.046033,5.000000
2015-12-30T00:00:00,1.005823,2015-12-30T00:00:00,74.794563,5.000000
2015-12-31T00:00:00,1.649881,2015-12-31T00:00:00,76.038821,5.000000
2016-01-01T00:00:00,-1.228739,2016-01-01T00:00:00,75.110219,5.000000
2016-01-02T00:00:00,-0.487706,2016-01-02T00:00:00,74.744793,5.000000
2016-01-03T00:00:00,0.548731,2016-01-03T00:00:00,75.156068,5.000000
2016-01-04T00:00:00,2.364706,2016-01-04T00:00:00,76.954468,5.000000
2016-01-05T00:00:00,-0.329051,2016-01-05T00:00:00,76.701665,5.000000
2016-01-06T00:00:00,-0.003980,2016-01-06T00:00:00,76.698613,5.000000
2016-01-07T00:00:00,1.031925,2016-01-07T00:00:00,77.494183,5.000000
2016-01-08T00:00:00,-0.378558,2016-01-08T00:00:00,77.201377,5.000000
2016-01-09T00:00:00,-0.630207,2016-01-09T00:00:00,76.716378,5.000000
2016-01-10T00:00:00,2.706189,2016-01-10T00:00:00,78.820815,5.000000
2016-01-11T00:00:00,0.525807,2016-01-11T00:00:00,79.236352,5.000000
2016-01-12T00:00:00,1.336209,2016-01-12T00:00:00,80.302221,5.000000
2016-01-13T00:00:00,-1.541815,2016-01-13T00:00:00,79.073605,5.000000
2016-01-14T00:00:00,-0.170274,2016-01-14T00:00:00,78.939078,5.000000
2016-01-15T00:00:00,-1.963650,2016-01-15T00:00:00,77.404111,5.000000
2016-01-16T00:00:00,-0.071077,2016-01-16T00:00:00,77.349113,5.000000
2016-01-17T00:00:00,1.352766,2016-01-17T00:00:00,78.402575,5.000000
2016-01-18T00:00:00,-1.213168,2016-01-18T00:00:00,77.457167,5.000000
2016-01-19T00:00:00,0.901039,2016-01-19T00:00:00,78.158240,5.000000
2016-01-20T00:00:00,-0.729184,2016-01-20T00:00:00,77.590395,5.000000
2016-01-21T00:00:00,-0.388485,2016-01-21T00:00:00,77.289553,5.000000
2016-01-22T00:00:00,-0.762353,2016-01-22T00:00:00,76.702574,5.000000
2016-01-23T00:00:00,1.033748,2016-01-23T00:00:00,77.499598,5.000000
2016-01-24T00:00:00,1.877309,2016-01-24T00:00:00,78.968247,5.000000
2016-01-25T00:00:00,-0.132700,2016-01-25T00:00:00,78.863526,5.000000
2016-01-26T00:00:00,-0.357383,2016-01-26T00:00:00,78.582185,5.000000
2016-01-27T00:00:00,0.951374,2016-01-27T00:00:00,79.333363,5.000000
2016-01-28T00:00:00,-0.833366,2016-01-28T00:00:00,78.674973,5.000000
2016-01-29T00:00:00,-1.092079,2016-01-29T00:00:00,77.820455,5.000000
2016-01-30T00:00:00,-0.109867,2016-01-30T00:00:00,77.735002,5.000000
2016-01-31T00:00:00,1.777607,2016-01-31T00:00:00,79.129180,5.000000
2016-02-01T00:00:00,0.935758,2016-02-01T00:00:00,79.873112,5.000000
2016-02-02T00:00:00,-0.801789,2016-02-02T00:00:00,79.235259,5.000000
2016-02-03T00:00:00,1.238569,2016-02-03T00:00:00,80.222745,5.000000
2016-02-04T00:00:00,0.396990,2016-02-04T00:00:00,80.541855,5.000000
2016-02-05T00:00:00,-1.748071,2016-02-05T00:00:00,79.146160,5.000000
2016-02-06T00:00:00,-1.262885,2016-02-06T00:00:00,78.152920,5.000000
2016-02-07T00:00:00,0.255340,2016-02-07T00:00:00,78.352730,5.000000
2016-02-08T00:00:00,0.693015,2016-02-08T00:00:00,78.897613,5.000000
2016-02-09T00:00:00,0.985960,2016-02-09T00:00:00,79.679359,5.000000
2016-02-10T00:00:00,0.382411,2016-02-10T00:00:00,79.984645,5.000000
2016-02-11T00:00:00,-0.920185,2016-02-11T00:00:00,79.252014,5.000000
2016-02-12T00:00:00,0.299139,2016-02-12T00:00:00,79.489442,5.000000
2016-02-13T00:00:00,-0.107333,2016-02-13T00:00:00,79.404169,5.000000
2016-02-14T00:00:00,-1.173471,2016-02-14T00:00:00,78.477830,5.000000
2016-02-15T00:00:00,0.236210,2016-02-15T00:00:00,78.663422,5.000000
2016-02-16T00:00:00,-1.530745,2016-02-16T00:00:00,77.468455,5.000000
2016-02-17T00:00:00,0.787293,2016-02-17T00:00:00,78.080766,5.000000
2016-02-18T00:00:00,-0.053373,2016-02-18T00:00:00,78.039103,5.000000
2016-02-19T00:00:00,-1.781129,2016-02-19T00:00:00,76.661431,5.000000
2016-02-20T00:00:00,1.230125,2016-02-20T00:00:00,77.610287,5.000000
2016-02-21T00:00:00,-0.680791,2016-02-21T00:00:00,77.083718,5.000000
2016-02-22T00:00:00,0.890809,2016-02-22T00:00:00,77.773454,5.000000
2016-02-23T00:00:00,2.384561,2016-02-23T00:00:00,79.650298,5.000000
2016-02-24T00:00:00,-2.123467,2016-02-24T00:00:00,77.976781,5.000000
2016-02-25T00:00:00,0.643045,2016-02-25T00:00:00,78.479822,5.000000
2016-02-26T00:00:00,-1.125284,2016-02-26T00:00:00,77.601652,5.000000
2016-02-27T00:00:00,-1.125235,2016-02-27T00:00:00,76.733345,5.000000
2016-02-28T00:00:00,1.130189,2016-02-28T00:00:00,77.605496,5.000000
2016-02-29T00:00:00,-0.116968,2016-02-29T00:00:00,77.514775,5.000000
2016-03-01T00:00:00,-1.766209,2016-03-01T00:00:00,76.157722,5.000000
2016-03-02T00:00:00,-1.601055,2016-03-02T00:00:00,74.948104,5.000000
2016-03-03T00:00:00,-0.393857,2016-03-03T00:00:00,74.653497,5.000000
2016-03-04T00:00:00,-0.143535,2016-03-04T00:00:00,74.546420,5.000000
2016-03-05T00:00:00,-1.551944,2016-03-05T00:00:00,73.398432,5.000000
2016-03-06T00:00:00,0.687649,2016-03-06T00:00:00,73.904895,5.000000
2016-03-07T00:00:00,-0.364047,2016-03-07T00:00:00,73.636336,5.000000
2016-03-08T00:00:00,-0.229786,2016-03-08T00:00:00,73.467324,5.000000
2016-03-09T00:00:00,0.358855,2016-03-09T00:00:00,73.731439,5.000000
2016-03-10T00:00:00,0.284946,2016-03-10T00:00:00,73.941833,5.000000
2016-03-11T00:00:00,-0.628260,2016-03-11T00:00:00,73.478742,5.000000
2016-03-12T00:00:00,-0.593843,2016-03-12T00:00:00,73.043687,5.000000
2016-03-13T00:00:00,0.089509,2016-03-13T00:00:00,73.109097,5.000000
2016-03-14T00:00:00,-0.274252,2016-03-14T00:00:00,72.908869,5.000000
2016-03-15T00:00:00,0.909224,2016-03-15T00:00:00,73.574797,5.000000
2016-03-16T00:00:00,-1.372313,2016-03-16T00:00:00,72.572016,5.000000
2016-03-17T00:00:00,-0.474260,2016-03-17T00:00:00,72.228651,5.000000
2016-03-18T00:00:00,1.438949,2016-03-18T00:00:00,73.275498,5.000000
2016-03-19T00:00:00,-1.088875,2016-03-19T00:00:00,72.481948,5.000000
2016-03-20T00:00:00,0.992467,2016-03-20T00:00:00,73.204889,5.000000
2016-03-21T00:00:00,-0.191971,2016-03-21T00:00:00,73.064492,5.000000
2016-03-22T00:00:00,0.154777,2016-03-22T00:00:00,73.177667,5.000000
2016-03-23T00:00:00,-0.608982,2016-03-23T00:00:00,72.733382,5.000000
2016-03-24T00:00:00,-0.598653,2016-03-24T00:00:00,72.299262,5.000000
2016-03-25T00:00:00,-0.262816,2016-03-25T00:00:00,72.109497,5.000000
2016-03-26T00:00:00,0.627386,2016-03-26T00:00:00,72.563324,5.000000
2016-03-27T00:00:00,-0.536338,2016-03-27T00:00:00,72.175182,5.000000
2016-03-28T00:00:00,0.768903,2016-03-28T00:00:00,72.732278,5.000000
2016-03-29T00:00:00,-0.090346,2016-03-29T00:00:00,72.666597,5.000000
2016-03-30T00:00:00,0.417378,2016-03-30T00:00:00,72.970525,5.000000
2016-03-31T00:00:00,-0.256298,2016-03-31T00:00:00,72.783743,5.000000
2016-04-01T00:00:00,1.004886,2016-04-01T00:00:00,73.518824,5.000000
2016-04-02T00:00:00,-0.294727,2016-04-02T00:00:00,73.302463,5.000000
2016-04-03T00:00:00,-1.121332,2016-04-03T00:00:00,72.485090,5.000000
2016-04-04T00:00:00,-0.078014,2016-04-04T00:00:00,72.428564,5.000000
2016-04-05T00:00:00,0.472373,2016-04-05T00:00:00,72.771506,5.000000
2016-04-06T00:00:00,0.804702,2016-04-06T00:00:00,73.359463,5.000000
2016-04-07T00:00:00,0.020619,2016-04-07T00:00:00,73.374590,5.000000
2016-04-08T00:00:00,-2.701743,2016-04-08T00:00:00,71.418737,5.000000
2016-04-09T00:00:00,0.500419,2016-04-09T00:00:00,71.777026,5.000000
2016-04-10T00:00:00,-1.067659,2016-04-10T00:00:00,71.014769,5.000000
2016-04-11T00:00:00,0.939944,2016-04-11T00:00:00,71.685414,5.000000
2016-04-12T00:00:00,1.397598,2016-04-12T00:00:00,72.694322,5.000000
2016-04-13T00:00:00,-0.247402,2016-04-13T00:00:00,72.514697,5.000000
2016-04-14T00:00:00,-0.105106,2016-04-14T00:00:00,72.438520,5.000000
2016-04-15T00:00:00,0.710059,2016-04-15T00:00:00,72.954706,5.000000
2016-04-16T00:00:00,-1.612851,2016-04-16T00:00:00,71.787493,5.000000
2016-04-17T00:00:00,0.888628,2016-04-17T00:00:00,72.428260,5.000000
2016-04-18T00:00:00,-0.107278,2016-04-18T00:00:00,72.350602,5.000000
2016-04-19T00:00:00,0.226867,2016-04-19T00:00:00,72.514928,5.000000
2016-04-20T00:00:00,0.638210,2016-04-20T00:00:00,72.979205,5.000000
2016-04-21T00:00:00,2.286234,2016-04-21T00:00:00,74.666899,5.000000
2016-04-22T00:00:00,-0.294892,2016-04-22T00:00:00,74.447037,5.000000
2016-04-23T00:00:00,0.546441,2016-04-23T00:00:00,74.854960,5.000000
2016-04-24T00:00:00,1.359047,2016-04-24T00:00:00,75.879219,5.000000
2016-04-25T00:00:00,-0.110816,2016-04-25T00:00:00,75.795179,5.000000
2016-04-26T00:00:00,0.020702,2016-04-26T00:00:00,75.810871,5.000000
2016-04-27T00:00:00,-1.456121,2016-04-27T00:00:00,74.714971,5.000000
2016-04-28T00:00:00,-0.449100,2016-04-28T00:00:00,74.380178,5.000000
2016-04-29T00:00:00,0.539138,2016-04-29T00:00:00,74.782273,5.000000
2016-04-30T00:00:00,0.602417,2016-04-30T00:00:00,75.234134,5.000000
2016-05-01T00:00:00,-1.141598,2016-05-01T00:00:00,74.380147,5.000000
2016-05-02T00:00:00,0.119416,2016-05-02T00:00:00,74.469022,5.000000
2016-05-03T00:00:00,0.058999,2016-05-03T00:00:00,74.512970,5.000000
2016-05-04T00:00:00,0.039151,2016-05-04T00:00:00,74.542149,5.000000
2016-05-05T00:00:00,1.258246,2016-05-05T00:00:00,75.485998,5.000000
2016-05-06T00:00:00,0.427983,2016-05-06T00:00:00,75.809757,5.000000
2016-05-07T00:00:00,-0.318257,2016-05-07T00:00:00,75.568871,5.000000
2016-05-08T00:00:00,-1.255637,2016-05-08T00:00:00,74.625933,5.000000
2016-05-09T00:00:00,0.276915,2016-05-09T00:00:00,74.832870,5.000000
2016-05-10T00:00:00,-0.088879,2016-05-10T00:00:00,74.766389,5.000000
2016-05-11T00:00:00,-0.255057,2016-05-11T00:00:00,74.575935,5.000000
2016-05-12T00:00:00,2.187191,2016-05-12T00:00:00,76.225022,5.000000
2016-05-13T00:00:00,-0.588765,2016-05-13T00:00:00,75.777554,5.000000
2016-05-14T00:00:00,0.648961,2016-05-14T00:00:00,76.270920,5.000000
2016-05-15T00:00:00,0.227892,2016-05-15T00:00:00,76.444934,5.000000
2016-05-16T00:00:00,-0.321524,2016-05-16T00:00:00,76.199540,5.000000
2016-05-17T00:00:00,-0.370671,2016-05-17T00:00:00,75.917613,5.000000
2016-05-18T00:00:00,-0.409992,2016-05-18T00:00:00,75.606994,5.000000
2016-05-19T00:00:00,-2.468518,2016-05-19T00:00:00,73.763469,5.000000
2016-05-20T00:00:00,-0.956034,2016-05-20T00:00:00,73.061625,5.000000
2016-05-21T00:00:00,-0.064029,2016-05-21T00:00:00,73.014860,5.000000
2016-05-22T00:00:00,0.111216,2016-05-22T00:00:00,73.096109,5.000000
2016-05-23T00:00:00,-0.620675,2016-05-23T00:00:00,72.643825,5.000000
2016-05-24T00:00:00,0.037813,2016-05-24T00:00:00,72.671299,5.000000
2016-05-25T00:00:00,0.266616,2016-05-25T00:00:00,72.865311,5.000000
2016-05-26T00:00:00,0.074690,2016-05-26T00:00:00,72.919754,5.000000
2016-05-27T00:00:00,1.058563,2016-05-27T00:00:00,73.695756,5.000000
2016-05-28T00:00:00,-0.985586,2016-05-28T00:00:00,72.972988,5.000000
2016-05-29T00:00:00,0.269037,2016-05-29T00:00:00,73.169577,5.000000
2016-05-30T00:00:00,-1.464441,2016-05-30T00:00:00,72.105859,5.000000
2016-05-31T00:00:00,-0.795590,2016-05-31T00:00:00,71.534468,5.000000
2016-06-01T00:00:00,0.440889,2016-06-01T00:00:00,71.850552,5.000000
2016-06-02T00:00:00,-0.523624,2016-06-02T00:00:00,71.475308,5.000000
2016-06-03T00:00:00,-0.001714,2016-06-03T00:00:00,71.474083,5.000000
2016-06-04T00:00:00,-0.114979,2016-06-04T00:00:00,71.391951,5.000000
2016-06-05T00:00:00,0.565405,2016-06-05T00:00:00,71.796748,5.000000
2016-06-06T00:00:00,-0.398111,2016-06-06T00:00:00,71.511485,5.000000
2016-06-07T00:00:00,-1.210865,2016-06-07T00:00:00,70.650799,5.000000
2016-06-08T00:00:00,1.884555,2016-06-08T00:00:00,71.994878,5.000000
2016-06-09T00:00:00,1.517329,2016-06-09T00:00:00,73.095607,5.000000
2016-06-10T00:00:00,-0.455755,2016-06-10T00:00:00,72.763227,5.000000
2016-06-11T00:00:00,-0.205974,2016-06-11T00:00:00,72.613508,5.000000
2016-06-12T00:00:00,2.230995,2016-06-12T00:00:00,74.251718,5.000000
2016-06-13T00:00:00,-1.366527,2016-06-13T00:00:00,73.243950,5.000000
2016-06-14T00:00:00,1.149524,2016-06-14T00:00:00,74.090764,5.000000
2016-06-15T00:00:00,-0.321877,2016-06-15T00:00:00,73.852666,5.000000
2016-06-16T00:00:00,0.227771,2016-06-16T00:00:00,74.021073,5.000000
2016-06-17T00:00:00,-1.461802,2016-06-17T00:00:00,72.946901,5.000000
2016-06-18T00:00:00,-1.308817,2016-06-18T00:00:00,71.998381,5.000000
2016-06-19T00:00:00,0.792029,2016-06-19T00:00:00,72.570893,5.000000
2016-06-20T00:00:00,-0.459194,2016-06-20T00:00:00,72.238416,5.000000
2016-06-21T00:00:00,-0.467544,2016-06-21T00:00:00,71.901458,5.000000
2016-06-22T00:00:00,0.585296,2016-06-22T00:00:00,72.323528,5.000000
2016-06-23T00:00:00,0.105208,2016-06-23T00:00:00,72.399658,5.000000
2016-06-24T00:00:00,0.670421,2016-06-24T00:00:00,72.886671,5.000000
2016-06-25T00:00:00,0.063542,2016-06-25T00:00:00,72.932999,5.000000
2016-06-26T00:00:00,1.244343,2016-06-26T00:00:00,73.846206,5.000000
2016-06-27T00:00:00,0.648373,2016-06-27T00:00:00,74.326560,5.000000
2016-06-28T00:00:00,-0.285481,2016-06-28T00:00:00,74.114675,5.000000
2016-06-29T00:00:00,-0.987595,2016-06-29T00:00:00,73.386325,5.000000
2016-06-30T00:00:00,-0.212648,2016-06-30T00:00:00,73.230436,5.000000
2016-07-01T00:00:00,0.412245,2016-07-01T00:00:00,73.532948,5.000000
2016-07-02T00:00:00,-1.494990,2016-07-02T00:00:00,72.441814,5.000000
2016-07-03T00:00:00,1.136819,2016-07-03T00:00:00,73.270046,5.000000
2016-07-04T00:00:00,0.069147,2016-07-04T00:00:00,73.320727,5.000000
2016-07-05T00:00:00,-1.245954,2016-07-05T00:00:00,72.412852,5.000000
2016-07-06T00:00:00,1.688875,2016-07-06T00:00:00,73.646200,5.000000
2016-07-07T00:00:00,0.266465,2016-07-07T00:00:00,73.842703,5.000000
2016-07-08T00:00:00,0.313628,2016-07-08T00:00:00,74.074658,5.000000
2016-07-09T00:00:00,-0.642696,2016-07-09T00:00:00,73.600110,5.000000
2016-07-10T00:00:00,0.089950,2016-07-10T00:00:00,73.666343,5.000000
2016-07-11T00:00:00,-0.598692,2016-07-11T00:00:00,73.226626,5.000000
2016-07-12T00:00:00,-1.357761,2016-07-12T00:00:00,72.239103,5.000000
2016-07-13T00:00:00,-0.741622,2016-07-13T00:00:00,71.705344,5.000000
2016-07-14T00:00:00,-1.026451,2016-07-14T00:00:00,70.973088,5.000000
2016-07-15T00:00:00,-0.139521,2016-07-15T00:00:00,70.874135,5.000000
2016-07-16T00:00:00,0.070915,2016-07-16T00:00:00,70.924413,5.000000
2016-07-17T00:00:00,-1.029263,2016-07-17T00:00:00,70.198158,5.000000
2016-07-18T00:00:00,-1.401753,2016-07-18T00:00:00,69.221018,5.000000
2016-07-19T00:00:00,-0.680272,2016-07-19T00:00:00,68.751725,5.000000
2016-07-20T00:00:00,-0.555754,2016-07-20T00:00:00,68.370694,5.000000
2016-07-21T00:00:00,-1.508431,2016-07-21T00:00:00,67.347109,5.000000
2016-07-22T00:00:00,1.034203,2016-07-22T00:00:00,68.047229,5.000000
2016-07-23T00:00:00,1.249779,2016-07-23T00:00:00,68.903005,5.000000
2016-07-24T00:00:00,-0.498540,2016-07-24T00:00:00,68.560351,5.000000
2016-07-25T00:00:00,0.621381,2016-07-25T00:00:00,68.987698,5.000000
2016-07-26T00:00:00,0.250857,2016-07-26T00:00:00,69.160976,5.000000
2016-07-27T00:00:00,0.269318,2016-07-27T00:00:00,69.347490,5.000000
2016-07-28T00:00:00,0.164568,2016-07-28T00:00:00,69.461708,5.000000
2016-07-29T00:00:00,-0.059406,2016-07-29T00:00:00,69.420456,5.000000
2016-07-30T00:00:00,-0.529808,2016-07-30T00:00:00,69.053633,5.000000
2016-07-31T00:00:00,0.445762,2016-07-31T00:00:00,69.362135,5.000000
2016-08-01T00:00:00,0.311795,2016-08-01T00:00:00,69.578740,5.000000
2016-08-02T00:00:00,-1.971649,2016-08-02T00:00:00,68.220327,5.000000
2016-08-03T00:00:00,0.385196,2016-08-03T00:00:00,68.483616,5.000000
2016-08-04T00:00:00,-0.559055,2016-08-04T00:00:00,68.101823,5.000000
2016-08-05T00:00:00,0.679310,2016-08-05T00:00:00,68.566021,5.000000
2016-08-06T00:00:00,0.261346,2016-08-06T00:00:00,68.745449,5.000000
2016-08-07T00:00:00,0.070864,2016-08-07T00:00:00,68.794183,5.000000
2016-08-08T00:00:00,0.164707,2016-08-08T00:00:00,68.907585,5.000000
2016-08-09T00:00:00,-0.524051,2016-08-09T00:00:00,68.547419,5.000000
2016-08-10T00:00:00,0.033608,2016-08-10T00:00:00,68.570460,5.000000
2016-08-11T00:00:00,0.518166,2016-08-11T00:00:00,68.926691,5.000000
2016-08-12T00:00:00,-1.741550,2016-08-12T00:00:00,67.736690,5.000000
2016-08-13T00:00:00,-1.203956,2016-08-13T00:00:00,66.926060,5.000000
2016-08-14T00:00:00,-0.268328,2016-08-14T00:00:00,66.746720,5.000000
2016-08-15T00:00:00,-1.282802,2016-08-15T00:00:00,65.895960,5.000000
2016-08-16T00:00:00,0.816790,2016-08-16T00:00:00,66.436396,5.000000
2016-08-17T00:00:00,0.091838,2016-08-17T00:00:00,66.497438,5.000000
2016-08-18T00:00:00,-1.183304,2016-08-18T00:00:00,65.715208,5.000000
2016-08-19T00:00:00,2.299641,2016-08-19T00:00:00,67.243932,5.000000
2016-08-20T00:00:00,-0.972166,2016-08-20T00:00:00,66.593377,5.000000
2016-08-21T00:00:00,0.680605,2016-08-21T00:00:00,67.048161,5.000000
2016-08-22T00:00:00,0.755668,2016-08-22T00:00:00,67.556742,5.000000
2016-08-23T00:00:00,-1.170228,2016-08-23T00:00:00,66.770781,5.000000
2016-08-24T00:00:00,-1.393175,2016-08-24T00:00:00,65.846998,5.000000
2016-08-25T00:00:00,-2.077214,2016-08-25T00:00:00,64.493323,5.000000
2016-08-26T00:00:00,0.762266,2016-08-26T00:00:00,64.986812,5.000000
2016-08-27T00:00:00,0.423011,2016-08-27T00:00:00,65.262295,5.000000
2016-08-28T00:00:00,-0.829153,2016-08-28T00:00:00,64.723408,5.000000
2016-08-29T00:00:00,1.285958,2016-08-29T00:00:00,65.561098,5.000000
2016-08-30T00:00:00,-0.573099,2016-08-30T00:00:00,65.186443,5.000000
2016-08-31T00:00:00,0.441525,2016-08-31T00:00:00,65.474894,5.000000
2016-09-01T00:00:00,0.100565,2016-09-01T00:00:00,65.540771,5.000000
2016-09-02T00:00:00,-1.773194,2016-09-02T00:00:00,64.388849,5.000000
2016-09-03T00:00:00,0.634890,2016-09-03T00:00:00,64.798948,5.000000
2016-09-04T00:00:00,-2.712206,2016-09-04T00:00:00,63.065086,5.000000
2016-09-05T00:00:00,-0.993396,2016-09-05T00:00:00,62.441701,5.000000
2016-09-06T00:00:00,1.267189,2016-09-06T00:00:00,63.237990,5.000000
2016-09-07T00:00:00,0.889555,2016-09-07T00:00:00,63.803036,5.000000
2016-09-08T00:00:00,-0.032695,2016-09-08T00:00:00,63.782179,5.000000
2016-09-09T00:00:00,-0.137814,2016-09-09T00:00:00,63.694339,5.000000
2016-09-10T00:00:00,-1.449407,2016-09-10T00:00:00,62.777807,5.000000
2016-09-11T00:00:00,0.565742,2016-09-11T00:00:00,63.133974,5.000000
2016-09-12T00:00:00,0.025803,2016-09-12T00:00:00,63.150266,5.000000
2016-09-13T00:00:00,-0.012408,2016-09-13T00:00:00,63.142431,5.000000
2016-09-14T00:00:00,0.135118,2016-09-14T00:00:00,63.227805,5.000000
2016-09-15T00:00:00,-1.065406,2016-09-15T00:00:00,62.557748,5.000000
2016-09-16T00:00:00,0.130114,2016-09-16T00:00:00,62.639198,5.000000
2016-09-17T00:00:00,-0.494974,2016-09-17T00:00:00,62.329916,5.000000
2016-09-18T00:00:00,-0.291723,2016-09-18T00:00:00,62.148351,5.000000
2016-09-19T00:00:00,-0.016946,2016-09-19T00:00:00,62.137820,5.000000
2016-09-20T00:00:00,-0.242095,2016-09-20T00:00:00,61.987570,5.000000
2016-09-21T00:00:00,-2.031934,2016-09-21T00:00:00,60.740733,5.000000
2016-09-22T00:00:00,-0.868378,2016-09-22T00:00:00,60.215558,5.000000
2016-09-23T00:00:00,0.442698,2016-09-23T00:00:00,60.482722,5.000000
2016-09-24T00:00:00,0.447257,2016-09-24T00:00:00,60.753841,5.000000
2016-09-25T00:00:00,0.615598,2016-09-25T00:00:00,61.128994,5.000000
2016-09-26T00:00:00,-1.600788,2016-09-26T00:00:00,60.158238,5.000000
2016-09-27T00:00:00,0.066999,2016-09-27T00:00:00,60.198557,5.000000
2016-09-28T00:00:00,-0.603122,2016-09-28T00:00:00,59.836579,5.000000
2016-09-29T00:00:00,-1.634841,2016-09-29T00:00:00,58.866299,5.000000
2016-09-30T00:00:00,0.040912,2016-09-30T00:00:00,58.890388,5.000000
2016-10-01T00:00:00,0.180105,2016-10-01T00:00:00,58.996548,5.000000
2016-10-02T00:00:00,0.787867,2016-10-02T00:00:00,59.463198,5.000000
2016-10-03T00:00:00,-1.272065,2016-10-03T00:00:00,58.711578,5.000000
2016-10-04T00:00:00,-1.188715,2016-10-04T00:00:00,58.017796,5.000000
2016-10-05T00:00:00,-0.776778,2016-10-05T00:00:00,57.568873,5.000000
2016-10-06T00:00:00,-0.176208,2016-10-06T00:00:00,57.467521,5.000000
2016-10-07T00:00:00,-0.491966,2016-10-07T00:00:00,57.185495,5.000000
2016-10-08T00:00:00,-0.872678,2016-10-08T00:00:00,56.688621,5.000000
2016-10-09T00:00:00,-1.618572,2016-10-09T00:00:00,55.778461,5.000000
2016-10-10T00:00:00,-0.976864,2016-10-10T00:00:00,55.236234,5.000000
2016-10-11T00:00:00,1.441772,2016-10-11T00:00:00,56.038383,5.000000
2016-10-12T00:00:00,1.192021,2016-10-12T00:00:00,56.710370,5.000000
2016-10-13T00:00:00,-1.874291,2016-10-13T00:00:00,55.657352,5.000000
2016-10-14T00:00:00,-1.266966,2016-10-14T00:00:00,54.956640,5.000000
2016-10-15T00:00:00,0.874024,2016-10-15T00:00:00,55.439080,5.000000
2016-10-16T00:00:00,0.880445,2016-10-16T00:00:00,55.929345,5.000000
2016-10-17T00:00:00,0.304514,2016-10-17T00:00:00,56.099917,5.000000
2016-10-18T00:00:00,-1.493160,2016-10-18T00:00:00,55.268478,5.000000
2016-10-19T00:00:00,-1.924343,2016-10-19T00:00:00,54.215091,5.000000
2016-10-20T00:00:00,0.108693,2016-10-20T00:00:00,54.274052,5.000000
2016-10-21T00:00:00,1.899651,2016-10-21T00:00:00,55.314925,5.000000
2016-10-22T00:00:00,-0.960469,2016-10-22T00:00:00,54.786185,5.000000
2016-10-23T00:00:00,0.303938,2016-10-23T00:00:00,54.952954,5.000000
2016-10-24T00:00:00,-0.790775,2016-10-24T00:00:00,54.520113,5.000000
2016-10-25T00:00:00,0.683008,2016-10-25T00:00:00,54.893765,5.000000
2016-10-26T00:00:00,1.172955,2016-10-26T00:00:00,55.541435,5.000000
2016-10-27T00:00:00,0.741599,2016-10-27T00:00:00,55.954861,5.000000
2016-10-28T00:00:00,1.012457,2016-10-28T00:00:00,56.524257,5.000000
2016-10-29T00:00:00,-0.253114,2016-10-29T00:00:00,56.381367,5.000000
2016-10-30T00:00:00,-0.137174,2016-10-30T00:00:00,56.304080,5.000000
2016-10-31T00:00:00,-0.510277,2016-10-31T00:00:00,56.017505,5.000000
2016-11-01T00:00:00,0.319283,2016-11-01T00:00:00,56.196645,5.000000
2016-11-02T00:00:00,-1.286747,2016-11-02T00:00:00,55.478169,5.000000
2016-11-03T00:00:00,0.663213,2016-11-03T00:00:00,55.847331,5.000000
2016-11-04T00:00:00,0.920601,2016-11-04T00:00:00,56.363836,5.000000
2016-11-05T00:00:00,0.645157,2016-11-05T00:00:00,56.728646,5.000000
2016-11-06T00:00:00,0.555099,2016-11-06T00:00:00,57.044422,5.000000
2016-11-07T00:00:00,-0.841853,2016-11-07T00:00:00,56.566208,5.000000
2016-11-08T00:00:00,-0.513877,2016-11-08T00:00:00,56.276273,5.000000
2016-11-09T00:00:00,-1.869602,2016-11-09T00:00:00,55.233904,5.000000
2016-11-10T00:00:00,-1.681322,2016-11-10T00:00:00,54.313008,5.000000
2016-11-11T00:00:00,-0.546854,2016-11-11T00:00:00,54.016806,5.000000
2016-11-12T00:00:00,0.290247,2016-11-12T00:00:00,54.173815,5.000000
2016-11-13T00:00:00,0.129170,2016-11-13T00:00:00,54.243837,5.000000
2016-11-14T00:00:00,-0.503466,2016-11-14T00:00:00,53.971424,5.000000
2016-11-15T00:00:00,1.467907,2016-11-15T00:00:00,54.769518,5.000000
2016-11-16T00:00:00,2.124975,2016-11-16T00:00:00,55.945810,5.000000
2016-11-17T00:00:00,-1.464607,2016-11-17T00:00:00,55.132395,5.000000
2016-11-18T00:00:00,0.084136,2016-11-18T00:00:00,55.178801,5.000000
2016-11-19T00:00:00,-0.755465,2016-11-19T00:00:00,54.763515,5.000000
2016-11-20T00:00:00,-0.150198,2016-11-20T00:00:00,54.681322,5.000000
2016-11-21T00:00:00,1.821302,2016-11-21T00:00:00,55.686359,5.000000
2016-11-22T00:00:00,-0.591144,2016-11-22T00:00:00,55.358143,5.000000
2016-11-23T00:00:00,-1.082438,2016-11-23T00:00:00,54.762157,5.000000
2016-11-24T00:00:00,1.557897,2016-11-24T00:00:00,55.621975,5.000000
2016-11-25T00:00:00,-0.761320,2016-11-25T00:00:00,55.200122,5.000000
2016-11-26T00:00:00,-1.152190,2016-11-26T00:00:00,54.567761,5.000000
2016-11-27T00:00:00,0.123518,2016-11-27T00:00:00,54.635204,5.000000
2016-11-28T00:00:00,-0.020089,2016-11-28T00:00:00,54.624229,5.000000
2016-11-29T00:00:00,-1.416039,2016-11-29T00:00:00,53.856179,5.000000
2016-11-30T00:00:00,-0.327552,2016-11-30T00:00:00,53.680061,5.000000
2016-12-01T00:00:00,-0.540831,2016-12-01T00:00:00,53.390526,5.000000
2016-12-02T00:00:00,0.190263,2016-12-02T00:00:00,53.492205,5.000000
2016-12-03T00:00:00,-0.980465,2016-12-03T00:00:00,52.970296,5.000000
2016-12-04T00:00:00,0.472739,2016-12-04T00:00:00,53.221300,5.000000
2016-12-05T00:00:00,2.067343,2016-12-05T00:00:00,54.333019,5.000000
2016-12-06T00:00:00,0.684964,2016-12-06T00:00:00,54.706458,5.000000
2016-12-07T00:00:00,0.857877,2016-12-07T00:00:00,55.177791,5.000000
2016-12-08T00:00:00,-1.272639,2016-12-08T00:00:00,54.480026,5.000000
2016-12-09T00:00:00,0.780611,2016-12-09T00:00:00,54.906968,5.000000
2016-12-10T00:00:00,1.781776,2016-12-10T00:00:00,55.894054,5.000000
2016-12-11T00:00:00,1.911185,2016-12-11T00:00:00,56.972567,5.000000
2016-12-12T00:00:00,1.153956,2016-12-12T00:00:00,57.633813,5.000000
2016-12-13T00:00:00,-0.743096,2016-12-13T00:00:00,57.207126,5.000000
2016-12-14T00:00:00,0.800015,2016-12-14T00:00:00,57.666627,5.000000
2016-12-15T00:00:00,1.621258,2016-12-15T00:00:00,58.609172,5.000000
2016-12-16T00:00:00,-0.460727,2016-12-16T00:00:00,58.339765,5.000000
2016-12-17T00:00:00,0.957267,2016-12-17T00:00:00,58.900914,5.000000
2016-12-18T00:00:00,-1.099849,2016-12-18T00:00:00,58.256642,5.000000
2016-12-19T00:00:00,-0.746676,2016-12-19T00:00:00,57.823273,5.000000
2016-12-20T00:00:00,-1.500909,2016-12-20T00:00:00,56.961879,5.000000
2016-12-21T00:00:00,0.398855,2016-12-21T00:00:00,57.189528,5.000000
2016-12-22T00:00:00,-0.655043,2016-12-22T00:00:00,56.816137,5.000000
2016-12-23T00:00:00,-0.045288,2016-12-23T00:00:00,56.790412,5.000000
2016-12-24T00:00:00,-0.381868,2016-12-24T00:00:00,56.573961,5.000000
2016-12-25T00:00:00,0.314449,2016-12-25T00:00:00,56.752137,5.000000
2016-12-26T00:00:00,-0.650153,2016-12-26T00:00:00,56.384358,5.000000
2016-12-27T00:00:00,-0.662060,2016-12-27T00:00:00,56.012293,5.000000
2016-12-28T00:00:00,0.390118,2016-12-28T00:00:00,56.231234,5.000000
2016-12-29T00:00:00,0.553893,2016-12-29T00:00:00,56.543559,5.000000
2016-12-30T00:00:00,1.062348,2016-12-30T00:00:00,57.147450,5.000000
2016-12-31T00:00:00,-0.320486,2016-12-31T00:00:00,56.964594,5.000000
2017-01-01T00:00:00,-0.605247,2017-01-01T00:00:00,56.620859,5.000000
2017-01-02T00:00:00,-1.163464,2017-01-02T00:00:00,55.965913,5.000000
2017-01-03T00:00:00,0.228521,2017-01-03T00:00:00,56.093953,5.000000
2017-01-04T00:00:00,-1.426391,2017-01-04T00:00:00,55.299514,5.000000
2017-01-05T00:00:00,-0.295130,2017-01-05T00:00:00,55.136549,5.000000
2017-01-06T00:00:00,-1.480256,2017-01-06T00:00:00,54.326398,5.000000
2017-01-07T00:00:00,-0.188928,2017-01-07T00:00:00,54.223857,5.000000
2017-01-08T00:00:00,-1.980832,2017-01-08T00:00:00,53.160341,5.000000
2017-01-09T00:00:00,1.422719,2017-01-09T00:00:00,53.922069,5.000000
2017-01-10T00:00:00,0.780183,2017-01-10T00:00:00,54.344405,5.000000
2017-01-11T00:00:00,0.051402,2017-01-11T00:00:00,54.372347,5.000000
2017-01-12T00:00:00,0.201695,2017-01-12T00:00:00,54.482123,5.000000
2017-01-13T00:00:00,0.555662,2017-01-13T00:00:00,54.785702,5.000000
2017-01-14T00:00:00,-0.519400,2017-01-14T00:00:00,54.501883,5.000000
2017-01-15T00:00:00,-0.430669,2017-01-15T00:00:00,54.267665,5.000000
2017-01-16T00:00:00,-0.409919,2017-01-16T00:00:00,54.045667,5.000000
2017-01-17T00:00:00,-1.570969,2017-01-17T00:00:00,53.203260,5.000000
2017-01-18T00:00:00,1.490870,2017-01-18T00:00:00,54.002394,5.000000
2017-01-19T00:00:00,0.728511,2017-01-19T00:00:00,54.397244,5.000000
2017-01-20T00:00:00,-0.975088,2017-01-20T00:00:00,53.869401,5.000000
2017-01-21T00:00:00,-0.253614,2017-01-21T00:00:00,53.732953,5.000000
2017-01-22T00:00:00,-0.104312,2017-01-22T00:00:00,53.676933,5.000000
2017-01-23T00:00:00,-2.028419,2017-01-23T00:00:00,52.599108,5.000000
2017-01-24T00:00:00,0.616657,2017-01-24T00:00:00,52.924467,5.000000
2017-01-25T00:00:00,0.003356,2017-01-25T00:00:00,52.926243,5.000000
2017-01-26T00:00:00,0.676865,2017-01-26T00:00:00,53.285697,5.000000
2017-01-27T00:00:00,-0.115192,2017-01-27T00:00:00,53.224351,5.000000
2017-01-28T00:00:00,-1.190172,2017-01-28T00:00:00,52.594645,5.000000
2017-01-29T00:00:00,-0.674578,2017-01-29T00:00:00,52.241047,5.000000
2017-01-30T00:00:00,2.150656,2017-01-30T00:00:00,53.376741,5.000000
2017-01-31T00:00:00,0.354371,2017-01-31T00:00:00,53.566228,5.000000
2017-02-01T00:00:00,-0.795484,2017-02-01T00:00:00,53.141807,5.000000
2017-02-02T00:00:00,0.475469,2017-02-02T00:00:00,53.395082,5.000000
2017-02-03T00:00:00,-0.927547,2017-02-03T00:00:00,52.902107,5.000000
2017-02-04T00:00:00,-0.764635,2017-02-04T00:00:00,52.499141,5.000000
2017-02-05T00:00:00,-0.526154,2017-02-05T00:00:00,52.223641,5.000000
2017-02-06T00:00:00,1.824933,2017-02-06T00:00:00,53.185437,5.000000
2017-02-07T00:00:00,0.192851,2017-02-07T00:00:00,53.288104,5.000000
2017-02-08T00:00:00,0.568924,2017-02-08T00:00:00,53.592137,5.000000
2017-02-09T00:00:00,0.801862,2017-02-09T00:00:00,54.023600,5.000000
2017-02-10T00:00:00,-0.570809,2017-02-10T00:00:00,53.716107,5.000000
2017-02-11T00:00:00,0.224947,2017-02-11T00:00:00,53.837076,5.000000
2017-02-12T00:00:00,-0.654314,2017-02-12T00:00:00,53.485962,5.000000
2017-02-13T00:00:00,-0.481452,2017-02-13T00:00:00,53.229072,5.000000
2017-02-14T00:00:00,-0.331583,2017-02-14T00:00:00,53.052866,5.000000
2017-02-15T00:00:00,2.184700,2017-02-15T00:00:00,54.224666,5.000000
2017-02-16T00:00:00,-0.633944,2017-02-16T00:00:00,53.881999,5.000000
2017-02-17T00:00:00,0.452151,2017-02-17T00:00:00,54.126178,5.000000
2017-02-18T00:00:00,0.136405,2017-02-18T00:00:00,54.200060,5.000000
2017-02-19T00:00:00,-0.333441,2017-02-19T00:00:00,54.019635,5.000000
2017-02-20T00:00:00,1.732469,2017-02-20T00:00:00,54.963662,5.000000
2017-02-21T00:00:00,-2.100874,2017-02-21T00:00:00,53.820990,5.000000
2017-02-22T00:00:00,1.121739,2017-02-22T00:00:00,54.428120,5.000000
2017-02-23T00:00:00,0.915495,2017-02-23T00:00:00,54.928694,5.000000
2017-02-24T00:00:00,1.015689,2017-02-24T00:00:00,55.489442,5.000000
2017-02-25T00:00:00,-0.367244,2017-02-25T00:00:00,55.286033,5.000000
2017-02-26T00:00:00,1.355203,2017-02-26T00:00:00,56.040371,5.000000
2017-02-27T00:00:00,0.320919,2017-02-27T00:00:00,56.220504,5.000000
2017-02-28T00:00:00,0.139740,2017-02-28T00:00:00,56.299122,5.000000
2017-03-01T00:00:00,1.422049,2017-03-01T00:00:00,57.105443,5.000000
2017-03-02T00:00:00,2.602346,2017-03-02T00:00:00,58.611030,5.000000
2017-03-03T00:00:00,0.068762,2017-03-03T00:00:00,58.651346,5.000000
2017-03-04T00:00:00,1.756493,2017-03-04T00:00:00,59.690654,5.000000
2017-03-05T00:00:00,-0.430993,2017-03-05T00:00:00,59.433945,5.000000
2017-03-06T00:00:00,-0.543644,2017-03-06T00:00:00,59.111712,5.000000
2017-03-07T00:00:00,0.065553,2017-03-07T00:00:00,59.150474,5.000000
2017-03-08T00:00:00,0.893517,2017-03-08T00:00:00,59.681362,5.000000
2017-03-09T00:00:00,0.120689,2017-03-09T00:00:00,59.753435,5.000000
2017-03-10T00:00:00,-1.817510,2017-03-10T00:00:00,58.677220,5.000000
2017-03-11T00:00:00,-1.438288,2017-03-11T00:00:00,57.839313,5.000000
2017-03-12T00:00:00,1.821853,2017-03-12T00:00:00,58.902718,5.000000
2017-03-13T00:00:00,0.111690,2017-03-13T00:00:00,58.968543,5.000000
2017-03-14T00:00:00,-0.099519,2017-03-14T00:00:00,58.909887,5.000000
2017-03-15T00:00:00,1.621508,2017-03-15T00:00:00,59.872902,5.000000
2017-03-16T00:00:00,1.421209,2017-03-16T00:00:00,60.729897,5.000000
2017-03-17T00:00:00,0.044135,2017-03-17T00:00:00,60.756706,5.000000
2017-03-18T00:00:00,-0.177435,2017-03-18T00:00:00,60.648998,5.000000
2017-03-19T00:00:00,0.895278,2017-03-19T00:00:00,61.194413,5.000000
2017-03-20T00:00:00,-1.854822,2017-03-20T00:00:00,60.069828,5.000000
2017-03-21T00:00:00,0.269783,2017-03-21T00:00:00,60.232105,5.000000
2017-03-22T00:00:00,-1.882296,2017-03-22T00:00:00,59.108962,5.000000
2017-03-23T00:00:00,-2.309379,2017-03-23T00:00:00,57.759553,5.000000
2017-03-24T00:00:00,-1.376324,2017-03-24T00:00:00,56.970040,5.000000
2017-03-25T00:00:00,1.066919,2017-03-25T00:00:00,57.581118,5.000000
2017-03-26T00:00:00,-0.693873,2017-03-26T00:00:00,57.182961,5.000000
2017-03-27T00:00:00,-0.349495,2017-03-27T00:00:00,56.983458,5.000000
2017-03-28T00:00:00,1.170082,2017-03-28T00:00:00,57.654127,5.000000
2017-03-29T00:00:00,0.361272,2017-03-29T00:00:00,57.862793,5.000000
2017-03-30T00:00:00,0.360653,2017-03-30T00:00:00,58.071853,5.000000
2017-03-31T00:00:00,0.106455,2017-03-31T00:00:00,58.133706,5.000000
2017-04-01T00:00:00,1.708964,2017-04-01T00:00:00,59.135728,5.000000
2017-04-02T00:00:00,0.479672,2017-04-02T00:00:00,59.420067,5.000000
2017-04-03T00:00:00,-1.469341,2017-04-03T00:00:00,58.553367,5.000000
2017-04-04T00:00:00,-0.599814,2017-04-04T00:00:00,58.203207,5.000000
2017-04-05T00:00:00,0.349189,2017-04-05T00:00:00,58.406801,5.000000
2017-04-06T00:00:00,0.118818,2017-04-06T00:00:00,58.476240,5.000000
2017-04-07T00:00:00,2.742974,2017-04-07T00:00:00,60.102429,5.000000
2017-04-08T00:00:00,0.476205,2017-04-08T00:00:00,60.389323,5.000000
2017-04-09T00:00:00,-0.290162,2017-04-09T00:00:00,60.214350,5.000000
2017-04-10T00:00:00,-1.867532,2017-04-10T00:00:00,59.100263,5.000000
2017-04-11T00:00:00,-0.173021,2017-04-11T00:00:00,58.998096,5.000000
2017-04-12T00:00:00,-0.562951,2017-04-12T00:00:00,58.666899,5.000000
2017-04-13T00:00:00,-1.262863,2017-04-13T00:00:00,57.930675,5.000000
2017-04-14T00:00:00,-0.392638,2017-04-14T00:00:00,57.703663,5.000000
2017-04-15T00:00:00,0.627525,2017-04-15T00:00:00,58.066906,5.000000
2017-04-16T00:00:00,-0.257438,2017-04-16T00:00:00,57.917612,5.000000
2017-04-17T00:00:00,-0.885041,2017-04-17T00:00:00,57.407279,5.000000
2017-04-18T00:00:00,-1.157945,2017-04-18T00:00:00,56.746368,5.000000
2017-04-19T00:00:00,-1.250583,2017-04-19T00:00:00,56.041126,5.000000
2017-04-20T00:00:00,-0.040508,2017-04-20T00:00:00,56.018430,5.000000
2017-04-21T00:00:00,-0.980769,2017-04-21T00:00:00,55.471704,5.000000
2017-04-22T00:00:00,1.231184,2017-04-22T00:00:00,56.158884,5.000000
2017-04-23T00:00:00,1.145105,2017-04-23T00:00:00,56.805658,5.000000
2017-04-24T00:00:00,1.627916,2017-04-24T00:00:00,57.737975,5.000000
2017-04-25T00:00:00,0.690099,2017-04-25T00:00:00,58.137802,5.000000
2017-04-26T00:00:00,2.135605,2017-04-26T00:00:00,59.392748,5.000000
2017-04-27T00:00:00,-0.215167,2017-04-27T00:00:00,59.265093,5.000000
2017-04-28T00:00:00,-0.659598,2017-04-28T00:00:00,58.875467,5.000000
2017-04-29T00:00:00,0.609182,2017-04-29T00:00:00,59.235221,5.000000
2017-04-30T00:00:00,-1.037003,2017-04-30T00:00:00,58.624124,5.000000
2017-05-01T00:00:00,1.476944,2017-05-01T00:00:00,59.496395,5.000000
2017-05-02T00:00:00,-1.703489,2017-05-02T00:00:00,58.491464,5.000000
2017-05-03T00:00:00,2.051223,2017-05-03T00:00:00,59.703644,5.000000
2017-05-04T00:00:00,0.095915,2017-05-04T00:00:00,59.760936,5.000000
2017-05-05T00:00:00,-0.481269,2017-05-05T00:00:00,59.474016,5.000000
2017-05-06T00:00:00,-0.190533,2017-05-06T00:00:00,59.360806,5.000000
2017-05-07T00:00:00,-0.903057,2017-05-07T00:00:00,58.827158,5.000000
2017-05-08T00:00:00,-0.210840,2017-05-08T00:00:00,58.703257,5.000000
2017-05-09T00:00:00,1.752490,2017-05-09T00:00:00,59.741093,5.000000
2017-05-10T00:00:00,0.917431,2017-05-10T00:00:00,60.291698,5.000000
2017-05-11T00:00:00,1.014309,2017-05-11T00:00:00,60.906355,5.000000
2017-05-12T00:00:00,0.174252,2017-05-12T00:00:00,61.012578,5.000000
2017-05-13T00:00:00,-0.486973,2017-05-13T00:00:00,60.716185,5.000000
2017-05-14T00:00:00,-0.145157,2017-05-14T00:00:00,60.628115,5.000000
2017-05-15T00:00:00,0.357074,2017-05-15T00:00:00,60.844990,5.000000
2017-05-16T00:00:00,0.599222,2017-05-16T00:00:00,61.210681,5.000000
2017-05-17T00:00:00,-1.899714,2017-05-17T00:00:00,60.058829,5.000000
2017-05-18T00:00:00,-0.924746,2017-05-18T00:00:00,59.505997,5.000000
2017-05-19T00:00:00,-0.635747,2017-05-19T00:00:00,59.128890,5.000000
2017-05-20T00:00:00,-0.222577,2017-05-20T00:00:00,58.997428,5.000000
2017-05-21T00:00:00,-1.244172,2017-05-21T00:00:00,58.267947,5.000000
2017-05-22T00:00:00,0.091020,2017-05-22T00:00:00,58.321006,5.000000
2017-05-23T00:00:00,-0.423378,2017-05-23T00:00:00,58.074610,5.000000
2017-05-24T00:00:00,0.293358,2017-05-24T00:00:00,58.245227,5.000000
2017-05-25T00:00:00,2.538111,2017-05-25T00:00:00,59.742476,5.000000
2017-05-26T00:00:00,-0.688027,2017-05-26T00:00:00,59.332842,5.000000
2017-05-27T00:00:00,-0.723297,2017-05-27T00:00:00,58.905238,5.000000
2017-05-28T00:00:00,0.056427,2017-05-28T00:00:00,58.938485,5.000000
2017-05-29T00:00:00,-0.596999,2017-05-29T00:00:00,58.587671,5.000000
2017-05-30T00:00:00,0.100128,2017-05-30T00:00:00,58.646363,5.000000
2017-05-31T00:00:00,-0.691530,2017-05-31T00:00:00,58.242205,5.000000
2017-06-01T00:00:00,0.391239,2017-06-01T00:00:00,58.470518,5.000000
2017-06-02T00:00:00,-0.552480,2017-06-02T00:00:00,58.148371,5.000000
2017-06-03T00:00:00,0.247887,2017-06-03T00:00:00,58.292692,5.000000
2017-06-04T00:00:00,2.537071,2017-06-04T00:00:00,59.790540,5.000000
2017-06-05T00:00:00,0.578415,2017-06-05T00:00:00,60.137379,5.000000
2017-06-06T00:00:00,-0.631313,2017-06-06T00:00:00,59.758920,5.000000
2017-06-07T00:00:00,1.445252,2017-06-07T00:00:00,60.628858,5.000000
2017-06-08T00:00:00,-1.882918,2017-06-08T00:00:00,59.497947,5.000000
2017-06-09T00:00:00,-0.106289,2017-06-09T00:00:00,59.434740,5.000000
2017-06-10T00:00:00,-0.582113,2017-06-10T00:00:00,59.089768,5.000000
2017-06-11T00:00:00,-0.579569,2017-06-11T00:00:00,58.748293,5.000000
2017-06-12T00:00:00,-0.135963,2017-06-12T00:00:00,58.668471,5.000000
2017-06-13T00:00:00,0.553540,2017-06-13T00:00:00,58.994124,5.000000
2017-06-14T00:00:00,-1.615216,2017-06-14T00:00:00,58.048896,5.000000
2017-06-15T00:00:00,0.033254,2017-06-15T00:00:00,58.068203,5.000000
2017-06-16T00:00:00,0.199332,2017-06-16T00:00:00,58.184067,5.000000
2017-06-17T00:00:00,-1.492936,2017-06-17T00:00:00,57.321868,5.000000
2017-06-18T00:00:00,-0.298621,2017-06-18T00:00:00,57.150949,5.000000
2017-06-19T00:00:00,1.320273,2017-06-19T00:00:00,57.910501,5.000000
2017-06-20T00:00:00,-1.178771,2017-06-20T00:00:00,57.231876,5.000000
2017-06-21T00:00:00,-0.375461,2017-06-21T00:00:00,57.017395,5.000000
2017-06-22T00:00:00,-2.154829,2017-06-22T00:00:00,55.801911,5.000000
2017-06-23T00:00:00,1.013607,2017-06-23T00:00:00,56.370399,5.000000
2017-06-24T00:00:00,-1.511058,2017-06-24T00:00:00,55.525013,5.000000
2017-06-25T00:00:00,2.902443,2017-06-25T00:00:00,57.160210,5.000000
2017-06-26T00:00:00,-0.853233,2017-06-26T00:00:00,56.674575,5.000000
2017-06-27T00:00:00,-0.070153,2017-06-27T00:00:00,56.634831,5.000000
2017-06-28T00:00:00,-0.328937,2017-06-28T00:00:00,56.448843,5.000000
2017-06-29T00:00:00,-1.019830,2017-06-29T00:00:00,55.876087,5.000000
2017-06-30T00:00:00,-0.227701,2017-06-30T00:00:00,55.749002,5.000000
2017-07-01T00:00:00,-1.021313,2017-07-01T00:00:00,55.182527,5.000000
2017-07-02T00:00:00,0.869976,2017-07-02T00:00:00,55.664697,5.000000
2017-07-03T00:00:00,1.713300,2017-07-03T00:00:00,56.626616,5.000000
2017-07-04T00:00:00,1.904235,2017-07-04T00:00:00,57.715252,5.000000
2017-07-05T00:00:00,-1.458174,2017-07-05T00:00:00,56.879770,5.000000
2017-07-06T00:00:00,2.061607,2017-07-06T00:00:00,58.064578,5.000000
2017-07-07T00:00:00,2.024976,2017-07-07T00:00:00,59.252358,5.000000
2017-07-08T00:00:00,0.793426,2017-07-08T00:00:00,59.724351,5.000000
2017-07-09T00:00:00,-0.041840,2017-07-09T00:00:00,59.699368,5.000000
2017-07-10T00:00:00,0.142482,2017-07-10T00:00:00,59.784489,5.000000
2017-07-11T00:00:00,0.982517,2017-07-11T00:00:00,60.374777,5.000000
2017-07-12T00:00:00,0.259447,2017-07-12T00:00:00,60.531621,5.000000
2017-07-13T00:00:00,-0.264670,2017-07-13T00:00:00,60.371624,5.000000
2017-07-14T00:00:00,0.615109,2017-07-14T00:00:00,60.744120,5.000000
2017-07-15T00:00:00,-1.114550,2017-07-15T00:00:00,60.070855,5.000000
2017-07-16T00:00:00,-1.462922,2017-07-16T00:00:00,59.198462,5.000000
2017-07-17T00:00:00,-1.423561,2017-07-17T00:00:00,58.361706,5.000000
2017-07-18T00:00:00,1.292168,2017-07-18T00:00:00,59.120730,5.000000
2017-07-19T00:00:00,0.933455,2017-07-19T00:00:00,59.675179,5.000000
2017-07-20T00:00:00,-0.954469,2017-07-20T00:00:00,59.108308,5.000000
2017-07-21T00:00:00,1.839660,2017-07-21T00:00:00,60.205763,5.000000
2017-07-22T00:00:00,-0.213550,2017-07-22T00:00:00,60.077331,5.000000
2017-07-23T00:00:00,1.322229,2017-07-23T00:00:00,60.876966,5.000000
2017-07-24T00:00:00,0.368822,2017-07-24T00:00:00,61.101908,5.000000
2017-07-25T00:00:00,-0.113376,2017-07-25T00:00:00,61.032672,5.000000
2017-07-26T00:00:00,-0.535430,2017-07-26T00:00:00,60.706758,5.000000
2017-07-27T00:00:00,0.218712,2017-07-27T00:00:00,60.839677,5.000000
2017-07-28T00:00:00,0.281509,2017-07-28T00:00:00,61.011187,5.000000
2017-07-29T00:00:00,1.513687,2017-07-29T00:00:00,61.941730,5.000000
2017-07-30T00:00:00,-1.024509,2017-07-30T00:00:00,61.310371,5.000000
2017-07-31T00:00:00,0.098112,2017-07-31T00:00:00,61.370554,5.000000
2017-08-01T00:00:00,-0.399718,2017-08-01T00:00:00,61.125734,5.000000
2017-08-02T00:00:00,-1.777383,2017-08-02T00:00:00,60.048894,5.000000
2017-08-03T00:00:00,0.725075,2017-08-03T00:00:00,60.485876,5.000000
2017-08-04T00:00:00,0.530565,2017-08-04T00:00:00,60.807646,5.000000
2017-08-05T00:00:00,0.755973,2017-08-05T00:00:00,61.269077,5.000000
2017-08-06T00:00:00,0.346126,2017-08-06T00:00:00,61.481513,5.000000
2017-08-07T00:00:00,-0.835607,2017-08-07T00:00:00,60.969910,5.000000
2017-08-08T00:00:00,-0.268045,2017-08-08T00:00:00,60.806702,5.000000
2017-08-09T00:00:00,-0.959765,2017-08-09T00:00:00,60.225893,5.000000
2017-08-10T00:00:00,1.770344,2017-08-10T00:00:00,61.301592,5.000000
2017-08-11T00:00:00,1.284237,2017-08-11T00:00:00,62.093926,5.000000
2017-08-12T00:00:00,-0.625258,2017-08-12T00:00:00,61.706890,5.000000
2017-08-13T00:00:00,1.507351,2017-08-13T00:00:00,62.644075,5.000000
2017-08-14T00:00:00,-0.359662,2017-08-14T00:00:00,62.419172,5.000000
2017-08-15T00:00:00,0.935326,2017-08-15T00:00:00,63.005734,5.000000
2017-08-16T00:00:00,0.479599,2017-08-16T00:00:00,63.308634,5.000000
2017-08-17T00:00:00,0.314596,2017-08-17T00:00:00,63.508114,5.000000
2017-08-18T00:00:00,1.223325,2017-08-18T00:00:00,64.289797,5.000000
2017-08-19T00:00:00,0.927163,2017-08-19T00:00:00,64.888640,5.000000
2017-08-20T00:00:00,0.962565,2017-08-20T00:00:00,65.516251,5.000000
2017-08-21T00:00:00,0.112810,2017-08-21T00:00:00,65.590201,5.000000
2017-08-22T00:00:00,0.671046,2017-08-22T00:00:00,66.031822,5.000000
2017-08-23T00:00:00,-0.658275,2017-08-23T00:00:00,65.598579,5.000000
2017-08-24T00:00:00,-1.657784,2017-08-24T00:00:00,64.520060,5.000000
2017-08-25T00:00:00,0.354810,2017-08-25T00:00:00,64.749391,5.000000
2017-08-26T00:00:00,-0.410152,2017-08-26T00:00:00,64.484363,5.000000
2017-08-27T00:00:00,0.364038,2017-08-27T00:00:00,64.719538,5.000000
2017-08-28T00:00:00,0.246440,2017-08-28T00:00:00,64.879230,5.000000
2017-08-29T00:00:00,0.273262,2017-08-29T00:00:00,65.056762,5.000000
2017-08-30T00:00:00,-2.111973,2017-08-30T00:00:00,63.697188,5.000000
2017-08-31T00:00:00,0.012517,2017-08-31T00:00:00,63.705162,5.000000
2017-09-01T00:00:00,-1.014146,2017-09-01T00:00:00,63.062363,5.000000
2017-09-02T00:00:00,0.066029,2017-09-02T00:00:00,63.104016,5.000000
2017-09-03T00:00:00,0.506659,2017-09-03T00:00:00,63.424550,5.000000
2017-09-04T00:00:00,0.982392,2017-09-04T00:00:00,64.050698,5.000000
2017-09-05T00:00:00,-1.373769,2017-09-05T00:00:00,63.176806,5.000000
2017-09-06T00:00:00,-0.369479,2017-09-06T00:00:00,62.943811,5.000000
2017-09-07T00:00:00,-0.606203,2017-09-07T00:00:00,62.563398,5.000000
2017-09-08T00:00:00,0.029378,2017-09-08T00:00:00,62.581781,5.000000
2017-09-09T00:00:00,-0.311058,2017-09-09T00:00:00,62.387418,5.000000
2017-09-10T00:00:00,-0.237521,2017-09-10T00:00:00,62.239411,5.000000
2017-09-11T00:00:00,1.521065,2017-09-11T00:00:00,63.193349,5.000000
2017-09-12T00:00:00,-0.077109,2017-09-12T00:00:00,63.144640,5.000000
2017-09-13T00:00:00,0.491170,2017-09-13T00:00:00,63.455550,5.000000
2017-09-14T00:00:00,-0.084909,2017-09-14T00:00:00,63.401694,5.000000
2017-09-15T00:00:00,0.974062,2017-09-15T00:00:00,64.022283,5.000000
2017-09-16T00:00:00,1.201053,2017-09-16T00:00:00,64.795861,5.000000
2017-09-17T00:00:00,1.305393,2017-09-17T00:00:00,65.647246,5.000000
2017-09-18T00:00:00,0.109573,2017-09-18T00:00:00,65.719217,5.000000
2017-09-19T00:00:00,-0.961954,2017-09-19T00:00:00,65.090060,5.000000
2017-09-20T00:00:00,-0.982608,2017-09-20T00:00:00,64.453612,5.000000
2017-09-21T00:00:00,-1.090489,2017-09-21T00:00:00,63.754571,5.000000
2017-09-22T00:00:00,0.008794,2017-09-22T00:00:00,63.760178,5.000000
2017-09-23T00:00:00,-1.248835,2017-09-23T00:00:00,62.968869,5.000000
2017-09-24T00:00:00,-1.679469,2017-09-24T00:00:00,61.920158,5.000000
2017-09-25T00:00:00,1.354853,2017-09-25T00:00:00,62.764794,5.000000
2017-09-26T00:00:00,-0.529649,2017-09-26T00:00:00,62.433240,5.000000
2017-09-27T00:00:00,-1.307886,2017-09-27T00:00:00,61.622001,5.000000
2017-09-28T00:00:00,1.547738,2017-09-28T00:00:00,62.583167,5.000000
2017-09-29T00:00:00,-2.777211,2017-09-29T00:00:00,60.869013,5.000000
2017-09-30T00:00:00,0.608025,2017-09-30T00:00:00,61.240239,5.000000
2017-10-01T00:00:00,-1.701237,2017-10-01T00:00:00,60.207210,5.000000
2017-10-02T00:00:00,2.602009,2017-10-02T00:00:00,61.794366,5.000000
2017-10-03T00:00:00,-0.465912,2017-10-03T00:00:00,61.507128,5.000000
2017-10-04T00:00:00,-0.775734,2017-10-04T00:00:00,61.031843,5.000000
2017-10-05T00:00:00,1.647622,2017-10-05T00:00:00,62.045747,5.000000
2017-10-06T00:00:00,-0.951798,2017-10-06T00:00:00,61.457998,5.000000
2017-10-07T00:00:00,-0.436491,2017-10-07T00:00:00,61.190324,5.000000
2017-10-08T00:00:00,-0.099824,2017-10-08T00:00:00,61.129272,5.000000
2017-10-09T00:00:00,0.528725,2017-10-09T00:00:00,61.453334,5.000000
2017-10-10T00:00:00,-0.472925,2017-10-10T00:00:00,61.163392,5.000000
2017-10-11T00:00:00,0.766130,2017-10-11T00:00:00,61.633782,5.000000
2017-10-12T00:00:00,0.035125,2017-10-12T00:00:00,61.655435,5.000000
2017-10-13T00:00:00,1.201923,2017-10-13T00:00:00,62.400957,5.000000
2017-10-14T00:00:00,-0.161009,2017-10-14T00:00:00,62.300567,5.000000
2017-10-15T00:00:00,0.171876,2017-10-15T00:00:00,62.407739,5.000000
2017-10-16T00:00:00,-0.145642,2017-10-16T00:00:00,62.316913,5.000000
2017-10-17T00:00:00,0.943349,2017-10-17T00:00:00,62.907560,5.000000
2017-10-18T00:00:00,0.203559,2017-10-18T00:00:00,63.035745,5.000000
2017-10-19T00:00:00,-0.794585,2017-10-19T00:00:00,62.536857,5.000000
2017-10-20T00:00:00,-0.171463,2017-10-20T00:00:00,62.429721,5.000000
2017-10-21T00:00:00,0.798423,2017-10-21T00:00:00,62.930169,5.000000
2017-10-22T00:00:00,0.231671,2017-10-22T00:00:00,63.076129,5.000000
2017-10-23T00:00:00,-1.310025,2017-10-23T00:00:00,62.255205,5.000000
2017-10-24T00:00:00,0.943445,2017-10-24T00:00:00,62.845328,5.000000
2017-10-25T00:00:00,0.208356,2017-10-25T00:00:00,62.976406,5.000000
2017-10-26T00:00:00,-0.214423,2017-10-26T00:00:00,62.841515,5.000000
2017-10-27T00:00:00,0.625537,2017-10-27T00:00:00,63.235844,5.000000
2017-10-28T00:00:00,-0.429360,2017-10-28T00:00:00,62.964917,5.000000
2017-10-29T00:00:00,0.828564,2017-10-29T00:00:00,63.488789,5.000000
2017-10-30T00:00:00,1.089005,2017-10-30T00:00:00,64.183964,5.000000
2017-10-31T00:00:00,0.879444,2017-10-31T00:00:00,64.750915,5.000000
2017-11-01T00:00:00,0.526760,2017-11-01T00:00:00,65.092897,5.000000
2017-11-02T00:00:00,1.323781,2017-11-02T00:00:00,65.960313,5.000000
2017-11-03T00:00:00,-0.784792,2017-11-03T00:00:00,65.444688,5.000000
2017-11-04T00:00:00,1.262421,2017-11-04T00:00:00,66.276112,5.000000
2017-11-05T00:00:00,-0.520784,2017-11-05T00:00:00,65.931854,5.000000
2017-11-06T00:00:00,-2.047446,2017-11-06T00:00:00,64.595660,5.000000
2017-11-07T00:00:00,-1.039997,2017-11-07T00:00:00,63.927348,5.000000
2017-11-08T00:00:00,-0.414227,2017-11-08T00:00:00,63.663091,5.000000
2017-11-09T00:00:00,0.564850,2017-11-09T00:00:00,64.023710,5.000000
2017-11-10T00:00:00,1.683234,2017-11-10T00:00:00,65.110499,5.000000
2017-11-11T00:00:00,-1.241422,2017-11-11T00:00:00,64.307200,5.000000
2017-11-12T00:00:00,-0.422375,2017-11-12T00:00:00,64.036155,5.000000
2017-11-13T00:00:00,-0.056439,2017-11-13T00:00:00,64.000024,5.000000
2017-11-14T00:00:00,1.105646,2017-11-14T00:00:00,64.711564,5.000000
2017-11-15T00:00:00,0.312939,2017-11-15T00:00:00,64.914389,5.000000
2017-11-16T00:00:00,-0.210156,2017-11-16T00:00:00,64.778111,5.000000
2017-11-17T00:00:00,0.544644,2017-11-17T00:00:00,65.131883,5.000000
2017-11-18T00:00:00,0.900057,2017-11-18T00:00:00,65.720753,5.000000
2017-11-19T00:00:00,2.063729,2017-11-19T00:00:00,67.091144,5.000000
2017-11-20T00:00:00,-0.469487,2017-11-20T00:00:00,66.776898,5.000000
2017-11-21T00:00:00,0.233704,2017-11-21T00:00:00,66.933140,5.000000
2017-11-22T00:00:00,-0.135141,2017-11-22T00:00:00,66.842747,5.000000
2017-11-23T00:00:00,-1.227230,2017-11-23T00:00:00,66.027446,5.000000
2017-11-24T00:00:00,0.430536,2017-11-24T00:00:00,66.312331,5.000000
2017-11-25T00:00:00,0.848010,2017-11-25T00:00:00,66.877057,5.000000
2017-11-26T00:00:00,-1.582361,2017-11-26T00:00:00,65.827149,5.000000
2017-11-27T00:00:00,-0.257471,2017-11-27T00:00:00,65.657882,5.000000
2017-11-28T00:00:00,0.731017,2017-11-28T00:00:00,66.139610,5.000000
2017-11-29T00:00:00,1.423534,2017-11-29T00:00:00,67.087863,5.000000
2017-11-30T00:00:00,-0.166670,2017-11-30T00:00:00,66.976141,5.000000
2017-12-01T00:00:00,-0.155395,2017-12-01T00:00:00,66.872144,5.000000
2017-12-02T00:00:00,-2.731153,2017-12-02T00:00:00,65.070479,5.000000
2017-12-03T00:00:00,-1.043417,2017-12-03T00:00:00,64.395052,5.000000
2017-12-04T00:00:00,-0.459896,2017-12-04T00:00:00,64.099582,5.000000
2017-12-05T00:00:00,-0.640722,2017-12-05T00:00:00,63.690195,5.000000
2017-12-06T00:00:00,1.990340,2017-12-06T00:00:00,64.970546,5.000000
2017-12-07T00:00:00,0.016758,2017-12-07T00:00:00,64.981434,5.000000
2017-12-08T00:00:00,0.027410,2017-12-08T00:00:00,64.999248,5.000000
2017-12-09T00:00:00,-0.211517,2017-12-09T00:00:00,64.861909,5.000000
2017-12-10T00:00:00,-0.729810,2017-12-10T00:00:00,64.390264,5.000000
2017-12-11T00:00:00,-0.182552,2017-12-11T00:00:00,64.272826,5.000000
2017-12-12T00:00:00,2.120723,2017-12-12T00:00:00,65.650430,5.000000
2017-12-13T00:00:00,0.590957,2017-12-13T00:00:00,66.039545,5.000000
2017-12-14T00:00:00,0.646784,2017-12-14T00:00:00,66.468062,5.000000
2017-12-15T00:00:00,-0.406373,2017-12-15T00:00:00,66.198502,5.000000
2017-12-16T00:00:00,0.771670,2017-12-16T00:00:00,66.711312,5.000000
2017-12-17T00:00:00,-2.694361,2017-12-17T00:00:00,64.937867,5.000000
2017-12-18T00:00:00,-0.804891,2017-12-18T00:00:00,64.417286,5.000000
2017-12-19T00:00:00,-0.433686,2017-12-19T00:00:00,64.138522,5.000000
2017-12-20T00:00:00,-0.123908,2017-12-20T00:00:00,64.059098,5.000000
2017-12-21T00:00:00,1.493723,2017-12-21T00:00:00,65.023145,5.000000
2017-12-22T00:00:00,-2.233135,2017-12-22T00:00:00,63.587184,5.000000
2017-12-23T00:00:00,0.093480,2017-12-23T00:00:00,63.646653,5.000000
2017-12-24T00:00:00,-0.402139,2017-12-24T00:00:00,63.391219,5.000000
2017-12-25T00:00:00,0.001867,2017-12-25T00:00:00,63.392403,5.000000
2017-12-26T00:00:00,-0.942663,2017-12-26T00:00:00,62.797633,5.000000
2017-12-27T00:00:00,-1.371073,2017-12-27T00:00:00,61.942507,5.000000
2017-12-28T00:00:00,1.034354,2017-12-28T00:00:00,62.586537,5.000000
2017-12-29T00:00:00,0.954906,2017-12-29T00:00:00,63.187043,5.000000
2017-12-30T00:00:00,-0.824818,2017-12-30T00:00:00,62.668008,5.000000
2017-12-31T00:00:00,-1.521998,2017-12-31T00:00:00,61.721424,5.000000
2018-01-01T00:00:00,1.207126,2018-01-01T00:00:00,62.470994,5.000000
2018-01-02T00:00:00,-0.613780,2018-01-02T00:00:00,62.088734,5.000000
2018-01-03T00:00:00,1.493240,2018-01-03T00:00:00,63.022824,5.000000
2018-01-04T00:00:00,-0.081438,2018-01-04T00:00:00,62.971521,5.000000
2018-01-05T00:00:00,-0.369993,2018-01-05T00:00:00,62.738961,5.000000
2018-01-06T00:00:00,-0.756564,2018-01-06T00:00:00,62.266091,5.000000
2018-01-07T00:00:00,0.339055,2018-01-07T00:00:00,62.477566,5.000000
2018-01-08T00:00:00,0.597206,2018-01-08T00:00:00,62.851802,5.000000
2018-01-09T00:00:00,-0.381687,2018-01-09T00:00:00,62.612362,5.000000
2018-01-10T00:00:00,-0.744318,2018-01-10T00:00:00,62.148058,5.000000
2018-01-11T00:00:00,0.527360,2018-01-11T00:00:00,62.476667,5.000000
2018-01-12T00:00:00,0.552314,2018-01-12T00:00:00,62.822689,5.000000
2018-01-13T00:00:00,-0.324182,2018-01-13T00:00:00,62.619359,5.000000
2018-01-14T00:00:00,-1.646159,2018-01-14T00:00:00,61.596983,5.000000
2018-01-15T00:00:00,-0.376219,2018-01-15T00:00:00,61.365679,5.000000
2018-01-16T00:00:00,1.255666,2018-01-16T00:00:00,62.141085,5.000000
2018-01-17T00:00:00,-0.384883,2018-01-17T00:00:00,61.902375,5.000000
2018-01-18T00:00:00,0.945931,2018-01-18T00:00:00,62.490706,5.000000
2018-01-19T00:00:00,0.180893,2018-01-19T00:00:00,62.603850,5.000000
2018-01-20T00:00:00,1.550017,2018-01-20T00:00:00,63.581780,5.000000
2018-01-21T00:00:00,0.505979,2018-01-21T00:00:00,63.904305,5.000000
2018-01-22T00:00:00,0.709241,2018-01-22T00:00:00,64.359151,5.000000
2018-01-23T00:00:00,-0.367162,2018-01-23T00:00:00,64.123283,5.000000
2018-01-24T00:00:00,-1.507695,2018-01-24T00:00:00,63.163751,5.000000
2018-01-25T00:00:00,-0.070964,2018-01-25T00:00:00,63.118944,5.000000
2018-01-26T00:00:00,-0.188069,2018-01-26T00:00:00,63.000348,5.000000
2018-01-27T00:00:00,0.985136,2018-01-27T00:00:00,63.624054,5.000000
2018-01-28T00:00:00,-2.089989,2018-01-28T00:00:00,62.308118,5.000000
2018-01-29T00:00:00,-1.021530,2018-01-29T00:00:00,61.674862,5.000000
2018-01-30T00:00:00,1.132018,2018-01-30T00:00:00,62.376999,5.000000
2018-01-31T00:00:00,-0.891903,2018-01-31T00:00:00,61.823130,5.000000
2018-02-01T00:00:00,2.288521,2018-02-01T00:00:00,63.254279,5.000000
2018-02-02T00:00:00,0.289586,2018-02-02T00:00:00,63.437720,5.000000
2018-02-03T00:00:00,-0.275756,2018-02-03T00:00:00,63.263027,5.000000
2018-02-04T00:00:00,2.247272,2018-02-04T00:00:00,64.700815,5.000000
2018-02-05T00:00:00,0.029106,2018-02-05T00:00:00,64.719649,5.000000
2018-02-06T00:00:00,-0.966781,2018-02-06T00:00:00,64.096967,5.000000
2018-02-07T00:00:00,2.773966,2018-02-07T00:00:00,65.899885,5.000000
2018-02-08T00:00:00,0.825664,2018-02-08T00:00:00,66.446249,5.000000
2018-02-09T00:00:00,0.634639,2018-02-09T00:00:00,66.869284,5.000000
2018-02-10T00:00:00,0.888207,2018-02-10T00:00:00,67.465867,5.000000
2018-02-11T00:00:00,0.204641,2018-02-11T00:00:00,67.604071,5.000000
2018-02-12T00:00:00,0.626251,2018-02-12T00:00:00,68.028771,5.000000
2018-02-13T00:00:00,-0.901298,2018-02-13T00:00:00,67.418384,5.000000
2018-02-14T00:00:00,-0.084284,2018-02-14T00:00:00,67.361585,5.000000
2018-02-15T00:00:00,1.889069,2018-02-15T00:00:00,68.646187,5.000000
2018-02-16T00:00:00,-1.603148,2018-02-16T00:00:00,67.554462,5.000000
2018-02-17T00:00:00,-0.118035,2018-02-17T00:00:00,67.474770,5.000000
2018-02-18T00:00:00,0.115041,2018-02-18T00:00:00,67.552438,5.000000
2018-02-19T00:00:00,0.604658,2018-02-19T00:00:00,67.962137,5.000000
2018-02-20T00:00:00,-0.467348,2018-02-20T00:00:00,67.645258,5.000000
2018-02-21T00:00:00,1.122001,2018-02-21T00:00:00,68.408513,5.000000
2018-02-22T00:00:00,0.221663,2018-02-22T00:00:00,68.560317,5.000000
2018-02-23T00:00:00,1.604726,2018-02-23T00:00:00,69.669397,5.000000
2018-02-24T00:00:00,0.719271,2018-02-24T00:00:00,70.172316,5.000000
2018-02-25T00:00:00,-0.978280,2018-02-25T00:00:00,69.489181,5.000000
2018-02-26T00:00:00,1.858842,2018-02-26T00:00:00,70.792955,5.000000
2018-02-27T00:00:00,0.374895,2018-02-27T00:00:00,71.058853,5.000000
2018-02-28T00:00:00,0.944503,2018-02-28T00:00:00,71.733185,5.000000
2018-03-01T00:00:00,0.324066,2018-03-01T00:00:00,71.966025,5.000000
2018-03-02T00:00:00,0.473773,2018-03-02T00:00:00,72.307790,5.000000
2018-03-03T00:00:00,0.007840,2018-03-03T00:00:00,72.313459,5.000000
2018-03-04T00:00:00,-1.081269,2018-03-04T00:00:00,71.535769,5.000000
2018-03-05T00:00:00,0.722559,2018-03-05T00:00:00,72.054528,5.000000
2018-03-06T00:00:00,-0.942753,2018-03-06T00:00:00,71.378424,5.000000
2018-03-07T00:00:00,-0.063525,2018-03-07T00:00:00,71.333095,5.000000
2018-03-08T00:00:00,0.038057,2018-03-08T00:00:00,71.360247,5.000000
2018-03-09T00:00:00,-0.495721,2018-03-09T00:00:00,71.007375,5.000000
2018-03-10T00:00:00,0.799297,2018-03-10T00:00:00,71.577209,5.000000
2018-03-11T00:00:00,0.335408,2018-03-11T00:00:00,71.817688,5.000000
2018-03-12T00:00:00,-0.641717,2018-03-12T00:00:00,71.358297,5.000000
2018-03-13T00:00:00,0.780393,2018-03-13T00:00:00,71.917351,5.000000
2018-03-14T00:00:00,-0.197542,2018-03-14T00:00:00,71.775424,5.000000
2018-03-15T00:00:00,-0.414568,2018-03-15T00:00:00,71.478482,5.000000
2018-03-16T00:00:00,-0.037189,2018-03-16T00:00:00,71.451905,5.000000
2018-03-17T00:00:00,0.590604,2018-03-17T00:00:00,71.875151,5.000000
2018-03-18T00:00:00,1.052440,2018-03-18T00:00:00,72.635588,5.000000
2018-03-19T00:00:00,-1.647861,2018-03-19T00:00:00,71.448463,5.000000
2018-03-20T00:00:00,-0.055465,2018-03-20T00:00:00,71.408844,5.000000
2018-03-21T00:00:00,0.079363,2018-03-21T00:00:00,71.465539,5.000000
2018-03-22T00:00:00,0.594764,2018-03-22T00:00:00,71.891857,5.000000
2018-03-23T00:00:00,-0.248462,2018-03-23T00:00:00,71.713455,5.000000
2018-03-24T00:00:00,-0.060667,2018-03-24T00:00:00,71.669962,5.000000
2018-03-25T00:00:00,-1.682163,2018-03-25T00:00:00,70.474440,5.000000
2018-03-26T00:00:00,0.869560,2018-03-26T00:00:00,71.089929,5.000000
2018-03-27T00:00:00,0.680912,2018-03-27T00:00:00,71.575641,5.000000
2018-03-28T00:00:00,0.147929,2018-03-28T00:00:00,71.681600,5.000000
2018-03-29T00:00:00,-0.356137,2018-03-29T00:00:00,71.426770,5.000000
2018-03-30T00:00:00,-0.514205,2018-03-30T00:00:00,71.060432,5.000000
2018-03-31T00:00:00,-0.437891,2018-03-31T00:00:00,70.749945,5.000000
2018-04-01T00:00:00,-2.139393,2018-04-01T00:00:00,69.252403,5.000000
2018-04-02T00:00:00,1.049320,2018-04-02T00:00:00,69.982908,5.000000
2018-04-03T00:00:00,-0.673312,2018-04-03T00:00:00,69.513287,5.000000
2018-04-04T00:00:00,0.297171,2018-04-04T00:00:00,69.720168,5.000000
2018-04-05T00:00:00,0.546938,2018-04-05T00:00:00,70.102539,5.000000
2018-04-06T00:00:00,-0.772714,2018-04-06T00:00:00,69.562934,5.000000
2018-04-07T00:00:00,0.076240,2018-04-07T00:00:00,69.615989,5.000000
2018-04-08T00:00:00,2.324117,2018-04-08T00:00:00,71.252894,5.000000
2018-04-09T00:00:00,-0.230708,2018-04-09T00:00:00,71.088697,5.000000
2018-04-10T00:00:00,-0.717244,2018-04-10T00:00:00,70.580642,5.000000
2018-04-11T00:00:00,0.182544,2018-04-11T00:00:00,70.709600,5.000000
2018-04-12T00:00:00,-1.328557,2018-04-12T00:00:00,69.776396,5.000000
2018-04-13T00:00:00,0.101777,2018-04-13T00:00:00,69.847448,5.000000
2018-04-14T00:00:00,0.975098,2018-04-14T00:00:00,70.531861,5.000000
2018-04-15T00:00:00,-0.732863,2018-04-15T00:00:00,70.016848,5.000000
2018-04-16T00:00:00,1.696175,2018-04-16T00:00:00,71.214586,5.000000
2018-04-17T00:00:00,-0.577921,2018-04-17T00:00:00,70.804208,5.000000
2018-04-18T00:00:00,1.943642,2018-04-18T00:00:00,72.193849,5.000000
2018-04-19T00:00:00,-0.359248,2018-04-19T00:00:00,71.934960,5.000000
2018-04-20T00:00:00,-1.891459,2018-04-20T00:00:00,70.587127,5.000000
2018-04-21T00:00:00,-1.808741,2018-04-21T00:00:00,69.321866,5.000000
2018-04-22T00:00:00,-0.107811,2018-04-22T00:00:00,69.247170,5.000000
2018-04-23T00:00:00,-2.398064,2018-04-23T00:00:00,67.606331,5.000000
2018-04-24T00:00:00,-2.147558,2018-04-24T00:00:00,66.169924,5.000000
2018-04-25T00:00:00,0.616214,2018-04-25T00:00:00,66.578932,5.000000
2018-04-26T00:00:00,0.060209,2018-04-26T00:00:00,66.619030,5.000000
2018-04-27T00:00:00,-1.037247,2018-04-27T00:00:00,65.931597,5.000000
2018-04-28T00:00:00,-0.971598,2018-04-28T00:00:00,65.294109,5.000000
2018-04-29T00:00:00,-1.126972,2018-04-29T00:00:00,64.562394,5.000000
2018-04-30T00:00:00,0.466826,2018-04-30T00:00:00,64.864493,5.000000
2018-05-01T00:00:00,-0.598639,2018-05-01T00:00:00,64.477349,5.000000
2018-05-02T00:00:00,0.317774,2018-05-02T00:00:00,64.682567,5.000000
2018-05-03T00:00:00,-1.791223,2018-05-03T00:00:00,63.534273,5.000000
2018-05-04T00:00:00,0.662378,2018-05-04T00:00:00,63.956507,5.000000
2018-05-05T00:00:00,-0.561905,2018-05-05T00:00:00,63.598139,5.000000
2018-05-06T00:00:00,-0.594829,2018-05-06T00:00:00,63.220962,5.000000
2018-05-07T00:00:00,0.586755,2018-05-07T00:00:00,63.593004,5.000000
2018-05-08T00:00:00,1.096439,2018-05-08T00:00:00,64.294100,5.000000
2018-05-09T00:00:00,2.366764,2018-05-09T00:00:00,65.833939,5.000000
2018-05-10T00:00:00,0.092816,2018-05-10T00:00:00,65.895072,5.000000
2018-05-11T00:00:00,-0.102940,2018-05-11T00:00:00,65.827275,5.000000
2018-05-12T00:00:00,-0.073267,2018-05-12T00:00:00,65.779063,5.000000
2018-05-13T00:00:00,-0.415303,2018-05-13T00:00:00,65.506447,5.000000
2018-05-14T00:00:00,-0.094223,2018-05-14T00:00:00,65.444754,5.000000
2018-05-15T00:00:00,-2.310053,2018-05-15T00:00:00,63.950273,5.000000
2018-05-16T00:00:00,-1.114275,2018-05-16T00:00:00,63.241647,5.000000
2018-05-17T00:00:00,-0.798293,2018-05-17T00:00:00,62.738803,5.000000
2018-05-18T00:00:00,-1.646885,2018-05-18T00:00:00,61.714029,5.000000
2018-05-19T00:00:00,-0.944299,2018-05-19T00:00:00,61.134007,5.000000
2018-05-20T00:00:00,0.941294,2018-05-20T00:00:00,61.712174,5.000000
2018-05-21T00:00:00,-0.296753,2018-05-21T00:00:00,61.529313,5.000000
2018-05-22T00:00:00,0.493461,2018-05-22T00:00:00,61.833687,5.000000
2018-05-23T00:00:00,0.668699,2018-05-23T00:00:00,62.248554,5.000000
2018-05-24T00:00:00,0.616477,2018-05-24T00:00:00,62.633487,5.000000
2018-05-25T00:00:00,-3.691728,2018-05-25T00:00:00,60.363390,5.000000
2018-05-26T00:00:00,0.278749,2018-05-26T00:00:00,60.531887,5.000000
2018-05-27T00:00:00,-0.139269,2018-05-27T00:00:00,60.447643,5.000000
2018-05-28T00:00:00,-0.459860,2018-05-28T00:00:00,60.170307,5.000000
2018-05-29T00:00:00,1.322832,2018-05-29T00:00:00,60.971547,5.000000
2018-05-30T00:00:00,1.503444,2018-05-30T00:00:00,61.895146,5.000000
2018-05-31T00:00:00,-1.796973,2018-05-31T00:00:00,60.792840,5.000000
2018-06-01T00:00:00,1.026780,2018-06-01T00:00:00,61.420264,5.000000
2018-06-02T00:00:00,0.567875,2018-06-02T00:00:00,61.770047,5.000000
2018-06-03T00:00:00,1.978996,2018-06-03T00:00:00,63.004650,5.000000
2018-06-04T00:00:00,2.511123,2018-06-04T00:00:00,64.606806,5.000000
2018-06-05T00:00:00,-1.680123,2018-06-05T00:00:00,63.530400,5.000000
2018-06-06T00:00:00,-0.202974,2018-06-06T00:00:00,63.401581,5.000000
2018-06-07T00:00:00,0.239009,2018-06-07T00:00:00,63.553298,5.000000
2018-06-08T00:00:00,-2.041941,2018-06-08T00:00:00,62.268737,5.000000
2018-06-09T00:00:00,-0.576169,2018-06-09T00:00:00,61.910996,5.000000
2018-06-10T00:00:00,-0.753688,2018-06-10T00:00:00,61.446134,5.000000
2018-06-11T00:00:00,-0.023420,2018-06-11T00:00:00,61.431745,5.000000
2018-06-12T00:00:00,1.651616,2018-06-12T00:00:00,62.454786,5.000000
2018-06-13T00:00:00,-0.252277,2018-06-13T00:00:00,62.297426,5.000000
2018-06-14T00:00:00,1.761597,2018-06-14T00:00:00,63.404579,5.000000
2018-06-15T00:00:00,-0.657919,2018-06-15T00:00:00,62.988797,5.000000
2018-06-16T00:00:00,1.337163,2018-06-16T00:00:00,63.836716,5.000000
2018-06-17T00:00:00,-0.185351,2018-06-17T00:00:00,63.718504,5.000000
2018-06-18T00:00:00,-0.644937,2018-06-18T00:00:00,63.308882,5.000000
2018-06-19T00:00:00,-0.736640,2018-06-19T00:00:00,62.844237,5.000000
2018-06-20T00:00:00,0.890039,2018-06-20T00:00:00,63.406072,5.000000
2018-06-21T00:00:00,-2.268603,2018-06-21T00:00:00,61.983833,5.000000
2018-06-22T00:00:00,1.483780,2018-06-22T00:00:00,62.910394,5.000000
2018-06-23T00:00:00,-0.651060,2018-06-23T00:00:00,62.502140,5.000000
2018-06-24T00:00:00,0.658350,2018-06-24T00:00:00,62.914980,5.000000
2018-06-25T00:00:00,-2.281932,2018-06-25T00:00:00,61.495560,5.000000
2018-06-26T00:00:00,-0.748877,2018-06-26T00:00:00,61.036754,5.000000
2018-06-27T00:00:00,-0.616527,2018-06-27T00:00:00,60.661604,5.000000
2018-06-28T00:00:00,0.597627,2018-06-28T00:00:00,61.025220,5.000000
2018-06-29T00:00:00,-0.783937,2018-06-29T00:00:00,60.548691,5.000000
2018-06-30T00:00:00,-0.048838,2018-06-30T00:00:00,60.519127,5.000000
2018-07-01T00:00:00,0.426563,2018-07-01T00:00:00,60.777831,5.000000
2018-07-02T00:00:00,0.784854,2018-07-02T00:00:00,61.256725,5.000000
2018-07-03T00:00:00,1.294986,2018-07-03T00:00:00,62.055149,5.000000
2018-07-04T00:00:00,-1.160938,2018-07-04T00:00:00,61.338893,5.000000
2018-07-05T00:00:00,0.153908,2018-07-05T00:00:00,61.433371,5.000000
2018-07-06T00:00:00,1.022240,2018-07-06T00:00:00,62.064588,5.000000
2018-07-07T00:00:00,-0.305811,2018-07-07T00:00:00,61.875078,5.000000
2018-07-08T00:00:00,0.319819,2018-07-08T00:00:00,62.073283,5.000000
2018-07-09T00:00:00,2.264422,2018-07-09T00:00:00,63.494920,5.000000
2018-07-10T00:00:00,-0.515349,2018-07-10T00:00:00,63.168541,5.000000
2018-07-11T00:00:00,0.151364,2018-07-11T00:00:00,63.264228,5.000000
2018-07-12T00:00:00,-1.656788,2018-07-12T00:00:00,62.224709,5.000000
2018-07-13T00:00:00,-0.054775,2018-07-13T00:00:00,62.190634,5.000000
2018-07-14T00:00:00,0.217931,2018-07-14T00:00:00,62.326315,5.000000
2018-07-15T00:00:00,-1.878962,2018-07-15T00:00:00,61.166160,5.000000
2018-07-16T00:00:00,-1.274021,2018-07-16T00:00:00,60.391834,5.000000
2018-07-17T00:00:00,-0.258533,2018-07-17T00:00:00,60.235903,5.000000
2018-07-18T00:00:00,1.195854,2018-07-18T00:00:00,60.960561,5.000000
2018-07-19T00:00:00,-0.045040,2018-07-19T00:00:00,60.933110,5.000000
2018-07-20T00:00:00,-0.418689,2018-07-20T00:00:00,60.678523,5.000000
2018-07-21T00:00:00,1.919070,2018-07-21T00:00:00,61.854232,5.000000
2018-07-22T00:00:00,-0.014481,2018-07-22T00:00:00,61.845275,5.000000
2018-07-23T00:00:00,-0.833488,2018-07-23T00:00:00,61.331945,5.000000
2018-07-24T00:00:00,-0.525838,2018-07-24T00:00:00,61.010284,5.000000
2018-07-25T00:00:00,0.146255,2018-07-25T00:00:00,61.099580,5.000000
2018-07-26T00:00:00,-0.977525,2018-07-26T00:00:00,60.505226,5.000000
2018-07-27T00:00:00,-0.847289,2018-07-27T00:00:00,59.994738,5.000000
2018-07-28T00:00:00,-0.620714,2018-07-28T00:00:00,59.623496,5.000000
2018-07-29T00:00:00,0.152772,2018-07-29T00:00:00,59.714654,5.000000
2018-07-30T00:00:00,-0.444924,2018-07-30T00:00:00,59.449559,5.000000
2018-07-31T00:00:00,-0.850801,2018-07-31T00:00:00,58.945907,5.000000
2018-08-01T00:00:00,0.167775,2018-08-01T00:00:00,59.044886,5.000000
2018-08-02T00:00:00,0.220157,2018-08-02T00:00:00,59.175021,5.000000
2018-08-03T00:00:00,-1.073140,2018-08-03T00:00:00,58.543386,5.000000
2018-08-04T00:00:00,0.524772,2018-08-04T00:00:00,58.851412,5.000000
2018-08-05T00:00:00,1.033499,2018-08-05T00:00:00,59.462794,5.000000
2018-08-06T00:00:00,2.665761,2018-08-06T00:00:00,61.069248,5.000000
2018-08-07T00:00:00,-1.235784,2018-08-07T00:00:00,60.319207,5.000000
2018-08-08T00:00:00,0.091507,2018-08-08T00:00:00,60.374429,5.000000
2018-08-09T00:00:00,-0.604938,2018-08-09T00:00:00,60.010303,5.000000
2018-08-10T00:00:00,0.029462,2018-08-10T00:00:00,60.027986,5.000000
2018-08-11T00:00:00,0.773503,2018-08-11T00:00:00,60.494105,5.000000
2018-08-12T00:00:00,-0.549167,2018-08-12T00:00:00,60.162802,5.000000
2018-08-13T00:00:00,1.186044,2018-08-13T00:00:00,60.880607,5.000000
2018-08-14T00:00:00,-0.112079,2018-08-14T00:00:00,60.812411,5.000000
2018-08-15T00:00:00,-0.670983,2018-08-15T00:00:00,60.405736,5.000000
2018-08-16T00:00:00,1.514241,2018-08-16T00:00:00,61.327385,5.000000
2018-08-17T00:00:00,0.917130,2018-08-17T00:00:00,61.892424,5.000000
2018-08-18T00:00:00,0.172103,2018-08-18T00:00:00,61.999034,5.000000
2018-08-19T00:00:00,-1.557831,2018-08-19T00:00:00,61.040678,5.000000
2018-08-20T00:00:00,0.186449,2018-08-20T00:00:00,61.154594,5.000000
2018-08-21T00:00:00,-1.059714,2018-08-21T00:00:00,60.509952,5.000000
2018-08-22T00:00:00,0.502378,2018-08-22T00:00:00,60.814705,5.000000
2018-08-23T00:00:00,-0.250935,2018-08-23T00:00:00,60.662291,5.000000
2018-08-24T00:00:00,0.594398,2018-08-24T00:00:00,61.023940,5.000000
2018-08-25T00:00:00,0.555342,2018-08-25T00:00:00,61.363775,5.000000
2018-08-26T00:00:00,-1.397226,2018-08-26T00:00:00,60.512346,5.000000
2018-08-27T00:00:00,0.572970,2018-08-27T00:00:00,60.860059,5.000000
2018-08-28T00:00:00,-0.211862,2018-08-28T00:00:00,60.731256,5.000000
2018-08-29T00:00:00,2.394056,2018-08-29T00:00:00,62.202740,5.000000
2018-08-30T00:00:00,-0.730773,2018-08-30T00:00:00,61.749836,5.000000
2018-08-31T00:00:00,-0.514302,2018-08-31T00:00:00,61.433071,5.000000
2018-09-01T00:00:00,1.066832,2018-09-01T00:00:00,62.091967,5.000000
2018-09-02T00:00:00,2.032200,2018-09-02T00:00:00,63.366708,5.000000
2018-09-03T00:00:00,0.487845,2018-09-03T00:00:00,63.676595,5.000000
2018-09-04T00:00:00,0.996597,2018-09-04T00:00:00,64.314367,5.000000
2018-09-05T00:00:00,-0.176741,2018-09-05T00:00:00,64.200797,5.000000
2018-09-06T00:00:00,0.483321,2018-09-06T00:00:00,64.511844,5.000000
2018-09-07T00:00:00,0.325835,2018-09-07T00:00:00,64.722389,5.000000
2018-09-08T00:00:00,-1.619519,2018-09-08T00:00:00,63.682640,5.000000
2018-09-09T00:00:00,0.681142,2018-09-09T00:00:00,64.117889,5.000000
2018-09-10T00:00:00,-0.217624,2018-09-10T00:00:00,63.978505,5.000000
2018-09-11T00:00:00,0.229667,2018-09-11T00:00:00,64.125611,5.000000
2018-09-12T00:00:00,1.308659,2018-09-12T00:00:00,64.970312,5.000000
2018-09-13T00:00:00,0.836409,2018-09-13T00:00:00,65.516009,5.000000
2018-09-14T00:00:00,-0.162043,2018-09-14T00:00:00,65.409930,5.000000
2018-09-15T00:00:00,0.075431,2018-09-15T00:00:00,65.459289,5.000000
2018-09-16T00:00:00,0.033971,2018-09-16T00:00:00,65.481529,5.000000
2018-09-17T00:00:00,1.307065,2018-09-17T00:00:00,66.343034,5.000000
2018-09-18T00:00:00,0.989616,2018-09-18T00:00:00,67.002834,5.000000
2018-09-19T00:00:00,-0.436956,2018-09-19T00:00:00,66.710700,5.000000
2018-09-20T00:00:00,-0.047048,2018-09-20T00:00:00,66.679322,5.000000
2018-09-21T00:00:00,-1.036468,2018-09-21T00:00:00,65.991781,5.000000
2018-09-22T00:00:00,1.122769,2018-09-22T00:00:00,66.736891,5.000000
2018-09-23T00:00:00,0.240195,2018-09-23T00:00:00,66.897383,5.000000
2018-09-24T00:00:00,1.393297,2018-09-24T00:00:00,67.835986,5.000000
2018-09-25T00:00:00,-0.516257,2018-09-25T00:00:00,67.486680,5.000000
2018-09-26T00:00:00,1.064873,2018-09-26T00:00:00,68.209167,5.000000
2018-09-27T00:00:00,0.311223,2018-09-27T00:00:00,68.421780,5.000000
2018-09-28T00:00:00,1.165929,2018-09-28T00:00:00,69.224199,5.000000
2018-09-29T00:00:00,-0.281881,2018-09-29T00:00:00,69.029343,5.000000
2018-09-30T00:00:00,-1.955524,2018-09-30T00:00:00,67.692571,5.000000
2018-10-01T00:00:00,0.699225,2018-10-01T00:00:00,68.167553,5.000000
2018-10-02T00:00:00,-1.118392,2018-10-02T00:00:00,67.409420,5.000000
2018-10-03T00:00:00,0.931357,2018-10-03T00:00:00,68.040176,5.000000
2018-10-04T00:00:00,-1.318991,2018-10-04T00:00:00,67.148625,5.000000
2018-10-05T00:00:00,0.455938,2018-10-05T00:00:00,67.455480,5.000000
2018-10-06T00:00:00,-0.717528,2018-10-06T00:00:00,66.973200,5.000000
2018-10-07T00:00:00,-0.283770,2018-10-07T00:00:00,66.783420,5.000000
2018-10-08T00:00:00,0.402446,2018-10-08T00:00:00,67.052729,5.000000
2018-10-09T00:00:00,-1.143948,2018-10-09T00:00:00,66.290051,5.000000
2018-10-10T00:00:00,0.544123,2018-10-10T00:00:00,66.651733,5.000000
2018-10-11T00:00:00,1.913211,2018-10-11T00:00:00,67.939198,5.000000
2018-10-12T00:00:00,-0.837520,2018-10-12T00:00:00,67.372570,5.000000
2018-10-13T00:00:00,-0.886826,2018-10-13T00:00:00,66.777733,5.000000
2018-10-14T00:00:00,1.808057,2018-10-14T00:00:00,67.996094,5.000000
2018-10-15T00:00:00,-0.239633,2018-10-15T00:00:00,67.833348,5.000000
2018-10-16T00:00:00,1.376986,2018-10-16T00:00:00,68.773864,5.000000
2018-10-17T00:00:00,0.975517,2018-10-17T00:00:00,69.448048,5.000000
2018-10-18T00:00:00,-0.579703,2018-10-18T00:00:00,69.046620,5.000000
2018-10-19T00:00:00,0.485272,2018-10-19T00:00:00,69.382498,5.000000
2018-10-20T00:00:00,-0.429109,2018-10-20T00:00:00,69.085409,5.000000
2018-10-21T00:00:00,0.000836,2018-10-21T00:00:00,69.085987,5.000000
2018-10-22T00:00:00,0.367157,2018-10-22T00:00:00,69.340107,5.000000
2018-10-23T00:00:00,-0.127994,2018-10-23T00:00:00,69.251413,5.000000
2018-10-24T00:00:00,-1.100035,2018-10-24T00:00:00,68.493798,5.000000
2018-10-25T00:00:00,-1.701679,2018-10-25T00:00:00,67.338114,5.000000
2018-10-26T00:00:00,-0.428565,2018-10-26T00:00:00,67.050145,5.000000
2018-10-27T00:00:00,2.627220,2018-10-27T00:00:00,68.835043,5.000000
2018-10-28T00:00:00,-1.019241,2018-10-28T00:00:00,68.137011,5.000000
2018-10-29T00:00:00,0.114696,2018-10-29T00:00:00,68.215207,5.000000
2018-10-30T00:00:00,-0.983279,2018-10-30T00:00:00,67.547748,5.000000
2018-10-31T00:00:00,-0.321970,2018-10-31T00:00:00,67.330614,5.000000
2018-11-01T00:00:00,-0.392161,2018-11-01T00:00:00,67.067087,5.000000
2018-11-02T00:00:00,-0.224803,2018-11-02T00:00:00,66.916487,5.000000
2018-11-03T00:00:00,1.545638,2018-11-03T00:00:00,67.958809,5.000000
2018-11-04T00:00:00,-1.042600,2018-11-04T00:00:00,67.253951,5.000000
2018-11-05T00:00:00,1.510324,2018-11-05T00:00:00,68.277413,5.000000
2018-11-06T00:00:00,0.111178,2018-11-06T00:00:00,68.353364,5.000000
2018-11-07T00:00:00,-2.610237,2018-11-07T00:00:00,66.592264,5.000000
2018-11-08T00:00:00,0.319874,2018-11-08T00:00:00,66.805616,5.000000
2018-11-09T00:00:00,-1.555961,2018-11-09T00:00:00,65.774192,5.000000
2018-11-10T00:00:00,0.264023,2018-11-10T00:00:00,65.948080,5.000000
2018-11-11T00:00:00,-0.257582,2018-11-11T00:00:00,65.778429,5.000000
2018-11-12T00:00:00,0.334435,2018-11-12T00:00:00,65.998783,5.000000
2018-11-13T00:00:00,-0.309436,2018-11-13T00:00:00,65.794875,5.000000
2018-11-14T00:00:00,0.838397,2018-11-14T00:00:00,66.348816,5.000000
2018-11-15T00:00:00,-1.736846,2018-11-15T00:00:00,65.206389,5.000000
2018-11-16T00:00:00,-0.812857,2018-11-16T00:00:00,64.678503,5.000000
2018-11-17T00:00:00,0.913436,2018-11-17T00:00:00,65.272006,5.000000
2018-11-18T00:00:00,0.681276,2018-11-18T00:00:00,65.718207,5.000000
2018-11-19T00:00:00,-0.528465,2018-11-19T00:00:00,65.371825,5.000000
2018-11-20T00:00:00,1.321699,2018-11-20T00:00:00,66.241579,5.000000
2018-11-21T00:00:00,-0.534050,2018-11-21T00:00:00,65.888759,5.000000
2018-11-22T00:00:00,0.919915,2018-11-22T00:00:00,66.497676,5.000000
2018-11-23T00:00:00,1.123036,2018-11-23T00:00:00,67.248678,5.000000
2018-11-24T00:00:00,-0.903943,2018-11-24T00:00:00,66.643527,5.000000
2018-11-25T00:00:00,-1.086459,2018-11-25T00:00:00,65.923392,5.000000
2018-11-26T00:00:00,-0.287362,2018-11-26T00:00:00,65.734225,5.000000
2018-11-27T00:00:00,-0.037301,2018-11-27T00:00:00,65.709710,5.000000
2018-11-28T00:00:00,-0.708858,2018-11-28T00:00:00,65.245569,5.000000
2018-11-29T00:00:00,-1.155200,2018-11-29T00:00:00,64.496189,5.000000
2018-11-30T00:00:00,-0.804863,2018-11-30T00:00:00,63.979166,5.000000
2018-12-01T00:00:00,-0.527646,2018-12-01T00:00:00,63.642471,5.000000
2018-12-02T00:00:00,-0.087532,2018-12-02T00:00:00,63.586788,5.000000
2018-12-03T00:00:00,1.258412,2018-12-03T00:00:00,64.392028,5.000000
2018-12-04T00:00:00,0.692798,2018-12-04T00:00:00,64.839684,5.000000
2018-12-05T00:00:00,-0.624298,2018-12-05T00:00:00,64.436151,5.000000
2018-12-06T00:00:00,-0.494335,2018-12-06T00:00:00,64.118407,5.000000
2018-12-07T00:00:00,-0.889755,2018-12-07T00:00:00,63.550441,5.000000
2018-12-08T00:00:00,0.259784,2018-12-08T00:00:00,63.715749,5.000000
2018-12-09T00:00:00,-1.551233,2018-12-09T00:00:00,62.734996,5.000000
2018-12-10T00:00:00,0.766846,2018-12-10T00:00:00,63.217926,5.000000
2018-12-11T00:00:00,0.381961,2018-12-11T00:00:00,63.459856,5.000000
2018-12-12T00:00:00,0.007018,2018-12-12T00:00:00,63.464310,5.000000
2018-12-13T00:00:00,-0.805190,2018-12-13T00:00:00,62.955353,5.000000
2018-12-14T00:00:00,1.141380,2018-12-14T00:00:00,63.678029,5.000000
2018-12-15T00:00:00,3.080555,2018-12-15T00:00:00,65.670193,5.000000
2018-12-16T00:00:00,-0.259171,2018-12-16T00:00:00,65.500216,5.000000
2018-12-17T00:00:00,-2.192108,2018-12-17T00:00:00,64.080003,5.000000
2018-12-18T00:00:00,1.075143,2018-12-18T00:00:00,64.772672,5.000000
2018-12-19T00:00:00,0.005461,2018-12-19T00:00:00,64.776210,5.000000
2018-12-20T00:00:00,-0.196586,2018-12-20T00:00:00,64.648993,5.000000
2018-12-21T00:00:00,0.664814,2018-12-21T00:00:00,65.080221,5.000000
2018-12-22T00:00:00,0.339175,2018-12-22T00:00:00,65.301331,5.000000
2018-12-23T00:00:00,-1.603531,2018-12-23T00:00:00,64.262555,5.000000
2018-12-24T00:00:00,-0.459277,2018-12-24T00:00:00,63.968089,5.000000
2018-12-25T00:00:00,-0.214031,2018-12-25T00:00:00,63.831324,5.000000
2018-12-26T00:00:00,0.258746,2018-12-26T00:00:00,63.996698,5.000000
2018-12-27T00:00:00,-1.023920,2018-12-27T00:00:00,63.344766,5.000000
2018-12-28T00:00:00,-0.436382,2018-12-28T00:00:00,63.068943,5.000000
2018-12-29T00:00:00,-0.250844,2018-12-29T00:00:00,62.910936,5.000000
2018-12-30T00:00:00,-1.165070,2018-12-30T00:00:00,62.182233,5.000000
2018-12-31T00:00:00,-1.074894,2018-12-31T00:00:00,61.517420,5.000000
2019-01-01T00:00:00,-0.555172,2019-01-01T00:00:00,61.176838,5.000000
2019-01-02T00:00:00,-0.568110,2019-01-02T00:00:00,60.830272,5.000000
2019-01-03T00:00:00,-0.454304,2019-01-03T00:00:00,60.554545,5.000000
2019-01-04T00:00:00,2.057800,2019-01-04T00:00:00,61.813546,5.000000
2019-01-05T00:00:00,0.267129,2019-01-05T00:00:00,61.978889,5.000000
2019-01-06T00:00:00,1.059762,2019-01-06T00:00:00,62.639211,5.000000
2019-01-07T00:00:00,0.933302,2019-01-07T00:00:00,63.226560,5.000000
2019-01-08T00:00:00,2.383045,2019-01-08T00:00:00,64.751374,5.000000
2019-01-09T00:00:00,-0.783128,2019-01-09T00:00:00,64.246268,5.000000
2019-01-10T00:00:00,0.689757,2019-01-10T00:00:00,64.690943,5.000000
2019-01-11T00:00:00,-0.770863,2019-01-11T00:00:00,64.194182,5.000000
2019-01-12T00:00:00,-0.085551,2019-01-12T00:00:00,64.139287,5.000000
2019-01-13T00:00:00,-0.793277,2019-01-13T00:00:00,63.632498,5.000000
2019-01-14T00:00:00,0.312643,2019-01-14T00:00:00,63.831751,5.000000
2019-01-15T00:00:00,1.089599,2019-01-15T00:00:00,64.531065,5.000000
2019-01-16T00:00:00,0.775603,2019-01-16T00:00:00,65.033515,5.000000
2019-01-17T00:00:00,-0.421842,2019-01-17T00:00:00,64.759754,5.000000
2019-01-18T00:00:00,-1.064888,2019-01-18T00:00:00,64.073794,5.000000
2019-01-19T00:00:00,-1.283252,2019-01-19T00:00:00,63.256819,5.000000
2019-01-20T00:00:00,-1.270477,2019-01-20T00:00:00,62.458239,5.000000
2019-01-21T00:00:00,0.012403,2019-01-21T00:00:00,62.465986,5.000000
2019-01-22T00:00:00,0.247279,2019-01-22T00:00:00,62.620643,5.000000
2019-01-23T00:00:00,-0.242768,2019-01-23T00:00:00,62.468804,5.000000
2019-01-24T00:00:00,1.046492,2019-01-24T00:00:00,63.125967,5.000000
2019-01-25T00:00:00,0.607072,2019-01-25T00:00:00,63.510353,5.000000
2019-01-26T00:00:00,-0.638516,2019-01-26T00:00:00,63.106121,5.000000
2019-01-27T00:00:00,-0.671950,2019-01-27T00:00:00,62.683501,5.000000
2019-01-28T00:00:00,-0.356630,2019-01-28T00:00:00,62.460351,5.000000
2019-01-29T00:00:00,-0.652810,2019-01-29T00:00:00,62.053932,5.000000
2019-01-30T00:00:00,1.049152,2019-01-30T00:00:00,62.708399,5.000000
2019-01-31T00:00:00,0.804852,2019-01-31T00:00:00,63.215145,5.000000
2019-02-01T00:00:00,0.188921,2019-02-01T00:00:00,63.334684,5.000000
2019-02-02T00:00:00,-0.406939,2019-02-02T00:00:00,63.077475,5.000000
2019-02-03T00:00:00,-1.014803,2019-02-03T00:00:00,62.440600,5.000000
2019-02-04T00:00:00,-0.056290,2019-02-04T00:00:00,62.405462,5.000000
2019-02-05T00:00:00,0.143178,2019-02-05T00:00:00,62.494877,5.000000
2019-02-06T00:00:00,0.462887,2019-02-06T00:00:00,62.784828,5.000000
2019-02-07T00:00:00,-1.240159,2019-02-07T00:00:00,62.011005,5.000000
2019-02-08T00:00:00,2.123114,2019-02-08T00:00:00,63.341645,5.000000
2019-02-09T00:00:00,0.790597,2019-02-09T00:00:00,63.844407,5.000000
2019-02-10T00:00:00,0.660155,2019-02-10T00:00:00,64.267273,5.000000
2019-02-11T00:00:00,-0.768715,2019-02-11T00:00:00,63.775135,5.000000
2019-02-12T00:00:00,-0.115673,2019-02-12T00:00:00,63.701407,5.000000
2019-02-13T00:00:00,-1.737837,2019-02-13T00:00:00,62.603944,5.000000
2019-02-14T00:00:00,-1.247433,2019-02-14T00:00:00,61.827852,5.000000
2019-02-15T00:00:00,1.112078,2019-02-15T00:00:00,62.519264,5.000000
2019-02-16T00:00:00,1.450175,2019-02-16T00:00:00,63.432508,5.000000
2019-02-17T00:00:00,0.224255,2019-02-17T00:00:00,63.574918,5.000000
2019-02-18T00:00:00,0.407198,2019-02-18T00:00:00,63.834322,5.000000
2019-02-19T00:00:00,-0.093492,2019-02-19T00:00:00,63.774670,5.000000
2019-02-20T00:00:00,-2.286932,2019-02-20T00:00:00,62.332737,5.000000
2019-02-21T00:00:00,0.953990,2019-02-21T00:00:00,62.930231,5.000000
2019-02-22T00:00:00,-0.103405,2019-02-22T00:00:00,62.865192,5.000000
2019-02-23T00:00:00,0.624075,2019-02-23T00:00:00,63.258745,5.000000
2019-02-24T00:00:00,0.912282,2019-02-24T00:00:00,63.838483,5.000000
2019-02-25T00:00:00,1.252852,2019-02-25T00:00:00,64.643316,5.000000
2019-02-26T00:00:00,-0.907452,2019-02-26T00:00:00,64.059362,5.000000
2019-02-27T00:00:00,1.181845,2019-02-27T00:00:00,64.820936,5.000000
2019-02-28T00:00:00,0.601875,2019-02-28T00:00:00,65.212253,5.000000
2019-03-01T00:00:00,0.144953,2019-03-01T00:00:00,65.306849,5.000000
2019-03-02T00:00:00,0.736529,2019-03-02T00:00:00,65.789629,5.000000
2019-03-03T00:00:00,0.937020,2019-03-03T00:00:00,66.408988,5.000000
2019-03-04T00:00:00,-0.765563,2019-03-04T00:00:00,65.902527,5.000000
2019-03-05T00:00:00,0.967238,2019-03-05T00:00:00,66.543053,5.000000
2019-03-06T00:00:00,-0.076733,2019-03-06T00:00:00,66.492012,5.000000
2019-03-07T00:00:00,-1.363162,2019-03-07T00:00:00,65.591768,5.000000
2019-03-08T00:00:00,0.478774,2019-03-08T00:00:00,65.906558,5.000000
2019-03-09T00:00:00,-1.072024,2019-03-09T00:00:00,65.203797,5.000000
2019-03-10T00:00:00,1.037647,2019-03-10T00:00:00,65.883905,5.000000
2019-03-11T00:00:00,0.731494,2019-03-11T00:00:00,66.367609,5.000000
2019-03-12T00:00:00,-0.912716,2019-03-12T00:00:00,65.764617,5.000000
2019-03-13T00:00:00,-0.191404,2019-03-13T00:00:00,65.638862,5.000000
2019-03-14T00:00:00,1.506046,2019-03-14T00:00:00,66.634895,5.000000
2019-03-15T00:00:00,-0.553568,2019-03-15T00:00:00,66.267044,5.000000
2019-03-16T00:00:00,0.643534,2019-03-16T00:00:00,66.694870,5.000000
2019-03-17T00:00:00,1.253173,2019-03-17T00:00:00,67.535932,5.000000
2019-03-18T00:00:00,-0.435591,2019-03-18T00:00:00,67.242391,5.000000
2019-03-19T00:00:00,0.595058,2019-03-19T00:00:00,67.643715,5.000000
2019-03-20T00:00:00,-0.464765,2019-03-20T00:00:00,67.330060,5.000000
2019-03-21T00:00:00,-1.081755,2019-03-21T00:00:00,66.605640,5.000000
2019-03-22T00:00:00,-1.534286,2019-03-22T00:00:00,65.591519,5.000000
2019-03-23T00:00:00,-0.299987,2019-03-23T00:00:00,65.395047,5.000000
2019-03-24T00:00:00,1.284918,2019-03-24T00:00:00,66.240741,5.000000
2019-03-25T00:00:00,-0.336674,2019-03-25T00:00:00,66.018101,5.000000
2019-03-26T00:00:00,-0.669898,2019-03-26T00:00:00,65.577325,5.000000
2019-03-27T00:00:00,-1.004023,2019-03-27T00:00:00,64.922207,5.000000
2019-03-28T00:00:00,-1.525757,2019-03-28T00:00:00,63.939171,5.000000
2019-03-29T00:00:00,-0.394142,2019-03-29T00:00:00,63.687656,5.000000
2019-03-30T00:00:00,0.737975,2019-03-30T00:00:00,64.159393,5.000000
2019-03-31T00:00:00,-0.200425,2019-03-31T00:00:00,64.030931,5.000000
2019-04-01T00:00:00,-0.015219,2019-04-01T00:00:00,64.021186,5.000000
2019-04-02T00:00:00,0.290085,2019-04-02T00:00:00,64.207172,5.000000
2019-04-03T00:00:00,-0.101524,2019-04-03T00:00:00,64.142019,5.000000
2019-04-04T00:00:00,2.771876,2019-04-04T00:00:00,65.944827,5.000000
2019-04-05T00:00:00,0.964051,2019-04-05T00:00:00,66.583643,5.000000
2019-04-06T00:00:00,0.173850,2019-04-06T00:00:00,66.699499,5.000000
2019-04-07T00:00:00,0.674163,2019-04-07T00:00:00,67.150681,5.000000
2019-04-08T00:00:00,1.558227,2019-04-08T00:00:00,68.205236,5.000000
2019-04-09T00:00:00,0.311981,2019-04-09T00:00:00,68.418356,5.000000
2019-04-10T00:00:00,1.297329,2019-04-10T00:00:00,69.311749,5.000000
2019-04-11T00:00:00,1.319331,2019-04-11T00:00:00,70.232260,5.000000
2019-04-12T00:00:00,-1.891881,2019-04-12T00:00:00,68.916039,5.000000
2019-04-13T00:00:00,1.790059,2019-04-13T00:00:00,70.160785,5.000000
2019-04-14T00:00:00,-0.032080,2019-04-14T00:00:00,70.138281,5.000000
2019-04-15T00:00:00,-0.269178,2019-04-15T00:00:00,69.949738,5.000000
2019-04-16T00:00:00,-0.366509,2019-04-16T00:00:00,69.693835,5.000000
2019-04-17T00:00:00,-0.991094,2019-04-17T00:00:00,69.006515,5.000000
2019-04-18T00:00:00,0.475381,2019-04-18T00:00:00,69.335340,5.000000
2019-04-19T00:00:00,-1.351800,2019-04-19T00:00:00,68.404372,5.000000
2019-04-20T00:00:00,-0.671758,2019-04-20T00:00:00,67.946400,5.000000
2019-04-21T00:00:00,-0.005239,2019-04-21T00:00:00,67.942840,5.000000
2019-04-22T00:00:00,-0.531833,2019-04-22T00:00:00,67.582457,5.000000
2019-04-23T00:00:00,1.400354,2019-04-23T00:00:00,68.535508,5.000000
2019-04-24T00:00:00,-0.163593,2019-04-24T00:00:00,68.423481,5.000000
2019-04-25T00:00:00,-0.621428,2019-04-25T00:00:00,67.999597,5.000000
2019-04-26T00:00:00,0.781752,2019-04-26T00:00:00,68.533268,5.000000
2019-04-27T00:00:00,-0.276011,2019-04-27T00:00:00,68.344369,5.000000
2019-04-28T00:00:00,-0.975781,2019-04-28T00:00:00,67.680721,5.000000
2019-04-29T00:00:00,-0.903369,2019-04-29T00:00:00,67.072067,5.000000
2019-04-30T00:00:00,-0.835190,2019-04-30T00:00:00,66.514221,5.000000
2019-05-01T00:00:00,0.577636,2019-05-01T00:00:00,66.899543,5.000000
2019-05-02T00:00:00,0.443259,2019-05-02T00:00:00,67.196740,5.000000
2019-05-03T00:00:00,2.509384,2019-05-03T00:00:00,68.904299,5.000000
2019-05-04T00:00:00,-0.347748,2019-05-04T00:00:00,68.665101,5.000000
2019-05-05T00:00:00,0.055336,2019-05-05T00:00:00,68.703109,5.000000
2019-05-06T00:00:00,0.013663,2019-05-06T00:00:00,68.712496,5.000000
2019-05-07T00:00:00,-0.160888,2019-05-07T00:00:00,68.602035,5.000000
2019-05-08T00:00:00,-1.412465,2019-05-08T00:00:00,67.639866,5.000000
2019-05-09T00:00:00,-0.406452,2019-05-09T00:00:00,67.365500,5.000000
2019-05-10T00:00:00,0.324841,2019-05-10T00:00:00,67.584686,5.000000
2019-05-11T00:00:00,-1.639773,2019-05-11T00:00:00,66.485488,5.000000
2019-05-12T00:00:00,-0.507263,2019-05-12T00:00:00,66.149086,5.000000
2019-05-13T00:00:00,-0.498016,2019-05-13T00:00:00,65.820471,5.000000
2019-05-14T00:00:00,-1.154883,2019-05-14T00:00:00,65.064694,5.000000
2019-05-15T00:00:00,0.914378,2019-05-15T00:00:00,65.662360,5.000000
2019-05-16T00:00:00,0.029205,2019-05-16T00:00:00,65.681539,5.000000
2019-05-17T00:00:00,-1.055143,2019-05-17T00:00:00,64.992149,5.000000
2019-05-18T00:00:00,1.185503,2019-05-18T00:00:00,65.767218,5.000000
2019-05-19T00:00:00,0.253818,2019-05-19T00:00:00,65.934359,5.000000
2019-05-20T00:00:00,2.007022,2019-05-20T00:00:00,67.271045,5.000000
2019-05-21T00:00:00,2.328989,2019-05-21T00:00:00,68.856167,5.000000
2019-05-22T00:00:00,-0.763496,2019-05-22T00:00:00,68.332454,5.000000
2019-05-23T00:00:00,0.780977,2019-05-23T00:00:00,68.868204,5.000000
2019-05-24T00:00:00,-1.010463,2019-05-24T00:00:00,68.175820,5.000000
2019-05-25T00:00:00,0.825050,2019-05-25T00:00:00,68.740632,5.000000
2019-05-26T00:00:00,2.034028,2019-05-26T00:00:00,70.153153,5.000000
2019-05-27T00:00:00,0.542263,2019-05-27T00:00:00,70.534601,5.000000
2019-05-28T00:00:00,-0.944913,2019-05-28T00:00:00,69.871249,5.000000
2019-05-29T00:00:00,0.304893,2019-05-29T00:00:00,70.084607,5.000000
2019-05-30T00:00:00,0.740908,2019-05-30T00:00:00,70.605798,5.000000
2019-05-31T00:00:00,1.371687,2019-05-31T00:00:00,71.580962,5.000000
2019-06-01T00:00:00,-1.516270,2019-06-01T00:00:00,70.503788,5.000000
2019-06-02T00:00:00,1.247614,2019-06-02T00:00:00,71.388913,5.000000
2019-06-03T00:00:00,-0.446373,2019-06-03T00:00:00,71.070963,5.000000
2019-06-04T00:00:00,-0.018494,2019-06-04T00:00:00,71.057820,5.000000
2019-06-05T00:00:00,-1.754644,2019-06-05T00:00:00,69.821883,5.000000
2019-06-06T00:00:00,-1.298988,2019-06-06T00:00:00,68.920770,5.000000
2019-06-07T00:00:00,-1.048729,2019-06-07T00:00:00,68.201755,5.000000
2019-06-08T00:00:00,-0.196617,2019-06-08T00:00:00,68.067791,5.000000
2019-06-09T00:00:00,0.416573,2019-06-09T00:00:00,68.351935,5.000000
2019-06-10T00:00:00,2.062796,2019-06-10T00:00:00,69.776539,5.000000
2019-06-11T00:00:00,-1.328166,2019-06-11T00:00:00,68.855918,5.000000
2019-06-12T00:00:00,0.298539,2019-06-12T00:00:00,69.061787,5.000000
2019-06-13T00:00:00,-0.661771,2019-06-13T00:00:00,68.606265,5.000000
2019-06-14T00:00:00,0.341373,2019-06-14T00:00:00,68.840869,5.000000
2019-06-15T00:00:00,1.994539,2019-06-15T00:00:00,70.227711,5.000000
2019-06-16T00:00:00,-0.983933,2019-06-16T00:00:00,69.540106,5.000000
2019-06-17T00:00:00,1.246031,2019-06-17T00:00:00,70.412018,5.000000
2019-06-18T00:00:00,-0.741898,2019-06-18T00:00:00,69.891565,5.000000
2019-06-19T00:00:00,1.395062,2019-06-19T00:00:00,70.873429,5.000000
2019-06-20T00:00:00,0.880187,2019-06-20T00:00:00,71.500001,5.000000
2019-06-21T00:00:00,-0.060158,2019-06-21T00:00:00,71.457001,5.000000
2019-06-22T00:00:00,-0.458582,2019-06-22T00:00:00,71.130062,5.000000
2019-06-23T00:00:00,0.134597,2019-06-23T00:00:00,71.225866,5.000000
2019-06-24T00:00:00,2.059751,2019-06-24T00:00:00,72.708155,5.000000
2019-06-25T00:00:00,-0.116051,2019-06-25T00:00:00,72.623825,5.000000
2019-06-26T00:00:00,-0.704143,2019-06-26T00:00:00,72.114245,5.000000
2019-06-27T00:00:00,1.191731,2019-06-27T00:00:00,72.978795,5.000000
2019-06-28T00:00:00,-0.490307,2019-06-28T00:00:00,72.621850,5.000000
2019-06-29T00:00:00,-0.641459,2019-06-29T00:00:00,72.157501,5.000000
2019-06-30T00:00:00,-1.212230,2019-06-30T00:00:00,71.288067,5.000000
2019-07-01T00:00:00,0.091189,2019-07-01T00:00:00,71.353104,5.000000
2019-07-02T00:00:00,-1.024843,2019-07-02T00:00:00,70.625581,5.000000
2019-07-03T00:00:00,-0.805662,2019-07-03T00:00:00,70.058863,5.000000
2019-07-04T00:00:00,0.547821,2019-07-04T00:00:00,70.443714,5.000000
2019-07-05T00:00:00,0.484391,2019-07-05T00:00:00,70.785765,5.000000
2019-07-06T00:00:00,-1.905325,2019-07-06T00:00:00,69.449833,5.000000
2019-07-07T00:00:00,0.358452,2019-07-07T00:00:00,69.699224,5.000000
2019-07-08T00:00:00,0.111607,2019-07-08T00:00:00,69.777056,5.000000
2019-07-09T00:00:00,0.229139,2019-07-09T00:00:00,69.937126,5.000000
2019-07-10T00:00:00,-0.103383,2019-07-10T00:00:00,69.864860,5.000000
2019-07-11T00:00:00,2.632630,2019-07-11T00:00:00,71.728568,5.000000
2019-07-12T00:00:00,-2.263330,2019-07-12T00:00:00,70.123348,5.000000
2019-07-13T00:00:00,-0.285393,2019-07-13T00:00:00,69.923507,5.000000
2019-07-14T00:00:00,-1.675213,2019-07-14T00:00:00,68.761896,5.000000
2019-07-15T00:00:00,-1.701649,2019-07-15T00:00:00,67.601709,5.000000
2019-07-16T00:00:00,-0.137046,2019-07-16T00:00:00,67.509127,5.000000
2019-07-17T00:00:00,-0.793209,2019-07-17T00:00:00,66.975757,5.000000
2019-07-18T00:00:00,-0.758145,2019-07-18T00:00:00,66.469903,5.000000
2019-07-19T00:00:00,1.847227,2019-07-19T00:00:00,67.709164,5.000000
2019-07-20T00:00:00,-0.766682,2019-07-20T00:00:00,67.192035,5.000000
2019-07-21T00:00:00,-0.647912,2019-07-21T00:00:00,66.758097,5.000000
2019-07-22T00:00:00,0.097023,2019-07-22T00:00:00,66.822899,5.000000
2019-07-23T00:00:00,-1.006443,2019-07-23T00:00:00,66.153737,5.000000
2019-07-24T00:00:00,-0.349104,2019-07-24T00:00:00,65.923195,5.000000
2019-07-25T00:00:00,1.068282,2019-07-25T00:00:00,66.631215,5.000000
2019-07-26T00:00:00,-0.218025,2019-07-26T00:00:00,66.486101,5.000000
2019-07-27T00:00:00,-1.688621,2019-07-27T00:00:00,65.372828,5.000000
2019-07-28T00:00:00,0.850503,2019-07-28T00:00:00,65.931197,5.000000
2019-07-29T00:00:00,0.311998,2019-07-29T00:00:00,66.137222,5.000000
2019-07-30T00:00:00,0.510882,2019-07-30T00:00:00,66.475970,5.000000
2019-07-31T00:00:00,3.192890,2019-07-31T00:00:00,68.632723,5.000000
2019-08-01T00:00:00,0.250200,2019-08-01T00:00:00,68.804657,5.000000
2019-08-02T00:00:00,-0.313660,2019-08-02T00:00:00,68.589182,5.000000
2019-08-03T00:00:00,-0.262893,2019-08-03T00:00:00,68.409103,5.000000
2019-08-04T00:00:00,1.101169,2019-08-04T00:00:00,69.166566,5.000000
2019-08-05T00:00:00,-0.992592,2019-08-05T00:00:00,68.483420,5.000000
2019-08-06T00:00:00,1.373539,2019-08-06T00:00:00,69.430556,5.000000
2019-08-07T00:00:00,0.761493,2019-08-07T00:00:00,69.961283,5.000000
2019-08-08T00:00:00,-1.494839,2019-08-08T00:00:00,68.923252,5.000000
2019-08-09T00:00:00,-0.608419,2019-08-09T00:00:00,68.505183,5.000000
2019-08-10T00:00:00,-0.308459,2019-08-10T00:00:00,68.294198,5.000000
2019-08-11T00:00:00,-0.495649,2019-08-11T00:00:00,67.956536,5.000000
2019-08-12T00:00:00,0.363517,2019-08-12T00:00:00,68.204019,5.000000
2019-08-13T00:00:00,0.776716,2019-08-13T00:00:00,68.735834,5.000000
2019-08-14T00:00:00,0.244175,2019-08-14T00:00:00,68.903874,5.000000
2019-08-15T00:00:00,0.182503,2019-08-15T00:00:00,69.029741,5.000000
2019-08-16T00:00:00,-0.437026,2019-08-16T00:00:00,68.728721,5.000000
2019-08-17T00:00:00,0.505777,2019-08-17T00:00:00,69.077216,5.000000
2019-08-18T00:00:00,-0.051983,2019-08-18T00:00:00,69.041317,5.000000
2019-08-19T00:00:00,-1.293788,2019-08-19T00:00:00,68.153822,5.000000
2019-08-20T00:00:00,0.820155,2019-08-20T00:00:00,68.715087,5.000000
2019-08-21T00:00:00,0.255132,2019-08-21T00:00:00,68.890625,5.000000
2019-08-22T00:00:00,2.096024,2019-08-22T00:00:00,70.349829,5.000000
2019-08-23T00:00:00,0.996277,2019-08-23T00:00:00,71.054211,5.000000
2019-08-24T00:00:00,1.578574,2019-08-24T00:00:00,72.184754,5.000000
2019-08-25T00:00:00,-0.818679,2019-08-25T00:00:00,71.596205,5.000000
2019-08-26T00:00:00,-0.066279,2019-08-26T00:00:00,71.548767,5.000000
2019-08-27T00:00:00,-0.221978,2019-08-27T00:00:00,71.390121,5.000000
2019-08-28T00:00:00,-1.131066,2019-08-28T00:00:00,70.587201,5.000000
2019-08-29T00:00:00,-0.732239,2019-08-29T00:00:00,70.072221,5.000000
2019-08-30T00:00:00,-0.136407,2019-08-30T00:00:00,69.976703,5.000000
2019-08-31T00:00:00,0.341748,2019-08-31T00:00:00,70.216256,5.000000
2019-09-01T00:00:00,0.094061,2019-09-01T00:00:00,70.282333,5.000000
2019-09-02T00:00:00,-1.568215,2019-09-02T00:00:00,69.188752,5.000000
2019-09-03T00:00:00,-0.951237,2019-09-03T00:00:00,68.533723,5.000000
2019-09-04T00:00:00,0.544296,2019-09-04T00:00:00,68.907766,5.000000
2019-09-05T00:00:00,0.250012,2019-09-05T00:00:00,69.080259,5.000000
2019-09-06T00:00:00,0.534880,2019-09-06T00:00:00,69.450745,5.000000
2019-09-07T00:00:00,-1.918183,2019-09-07T00:00:00,68.131249,5.000000
2019-09-08T00:00:00,1.597978,2019-09-08T00:00:00,69.228716,5.000000
2019-09-09T00:00:00,-0.265286,2019-09-09T00:00:00,69.045305,5.000000
2019-09-10T00:00:00,-0.368705,2019-09-10T00:00:00,68.791201,5.000000
2019-09-11T00:00:00,0.949615,2019-09-11T00:00:00,69.447564,5.000000
2019-09-12T00:00:00,1.015351,2019-09-12T00:00:00,70.156292,5.000000
2019-09-13T00:00:00,-0.175842,2019-09-13T00:00:00,70.033037,5.000000
2019-09-14T00:00:00,0.441478,2019-09-14T00:00:00,70.342900,5.000000
2019-09-15T00:00:00,0.388299,2019-09-15T00:00:00,70.616572,5.000000
2019-09-16T00:00:00,0.825420,2019-09-16T00:00:00,71.201868,5.000000
2019-09-17T00:00:00,0.357557,2019-09-17T00:00:00,71.456911,5.000000
2019-09-18T00:00:00,-1.068527,2019-09-18T00:00:00,70.697439,5.000000
2019-09-19T00:00:00,1.437505,2019-09-19T00:00:00,71.721058,5.000000
2019-09-20T00:00:00,-0.171247,2019-09-20T00:00:00,71.598343,5.000000
2019-09-21T00:00:00,-1.427915,2019-09-21T00:00:00,70.583244,5.000000
2019-09-22T00:00:00,1.056397,2019-09-22T00:00:00,71.332835,5.000000
2019-09-23T00:00:00,0.886430,2019-09-23T00:00:00,71.967961,5.000000
2019-09-24T00:00:00,-0.754879,2019-09-24T00:00:00,71.426735,5.000000
2019-09-25T00:00:00,2.616288,2019-09-25T00:00:00,73.320125,5.000000
2019-09-26T00:00:00,-0.058979,2019-09-26T00:00:00,73.276894,5.000000
2019-09-27T00:00:00,-0.275173,2019-09-27T00:00:00,73.075533,5.000000
2019-09-28T00:00:00,1.337806,2019-09-28T00:00:00,74.059711,5.000000
2019-09-29T00:00:00,0.132136,2019-09-29T00:00:00,74.157635,5.000000
2019-09-30T00:00:00,0.805194,2019-09-30T00:00:00,74.757158,5.000000
2019-10-01T00:00:00,-0.069638,2019-10-01T00:00:00,74.705117,5.000000
2019-10-02T00:00:00,-0.219241,2019-10-02T00:00:00,74.541512,5.000000
2019-10-03T00:00:00,1.216604,2019-10-03T00:00:00,75.453927,5.000000
2019-10-04T00:00:00,1.423949,2019-10-04T00:00:00,76.536038,5.000000
2019-10-05T00:00:00,0.031196,2019-10-05T00:00:00,76.559919,5.000000
2019-10-06T00:00:00,-0.636281,2019-10-06T00:00:00,76.074329,5.000000
2019-10-07T00:00:00,-0.364644,2019-10-07T00:00:00,75.797434,5.000000
2019-10-08T00:00:00,-0.710785,2019-10-08T00:00:00,75.260587,5.000000
2019-10-09T00:00:00,-0.437176,2019-10-09T00:00:00,74.932284,5.000000
2019-10-10T00:00:00,0.523583,2019-10-10T00:00:00,75.325645,5.000000
2019-10-11T00:00:00,1.426213,2019-10-11T00:00:00,76.407647,5.000000
2019-10-12T00:00:00,0.872873,2019-10-12T00:00:00,77.077508,5.000000
2019-10-13T00:00:00,1.751937,2019-10-13T00:00:00,78.439755,5.000000
2019-10-14T00:00:00,0.473285,2019-10-14T00:00:00,78.811878,5.000000
2019-10-15T00:00:00,0.015914,2019-10-15T00:00:00,78.824422,5.000000
2019-10-16T00:00:00,-1.632503,2019-10-16T00:00:00,77.548057,5.000000
2019-10-17T00:00:00,0.307776,2019-10-17T00:00:00,77.787099,5.000000
2019-10-18T00:00:00,-1.013332,2019-10-18T00:00:00,77.002838,5.000000
2019-10-19T00:00:00,-0.344747,2019-10-19T00:00:00,76.737830,5.000000
2019-10-20T00:00:00,-0.704585,2019-10-20T00:00:00,76.199047,5.000000
2019-10-21T00:00:00,1.026504,2019-10-21T00:00:00,76.985262,5.000000
2019-10-22T00:00:00,0.030932,2019-10-22T00:00:00,77.009079,5.000000
2019-10-23T00:00:00,0.920096,2019-10-23T00:00:00,77.720906,5.000000
2019-10-24T00:00:00,0.048035,2019-10-24T00:00:00,77.758249,5.000000
2019-10-25T00:00:00,0.584762,2019-10-25T00:00:00,78.214281,5.000000
2019-10-26T00:00:00,-0.165629,2019-10-26T00:00:00,78.084843,5.000000
2019-10-27T00:00:00,-0.294715,2019-10-27T00:00:00,77.855054,5.000000
2019-10-28T00:00:00,1.070557,2019-10-28T00:00:00,78.693014,5.000000
2019-10-29T00:00:00,-1.409029,2019-10-29T00:00:00,77.591981,5.000000
2019-10-30T00:00:00,-1.324663,2019-10-30T00:00:00,76.570927,5.000000
2019-10-31T00:00:00,-0.882999,2019-10-31T00:00:00,75.897783,5.000000
2019-11-01T00:00:00,0.038631,2019-11-01T00:00:00,75.927109,5.000000
2019-11-02T00:00:00,-0.711281,2019-11-02T00:00:00,75.388970,5.000000
2019-11-03T00:00:00,0.118432,2019-11-03T00:00:00,75.478307,5.000000
2019-11-04T00:00:00,0.370640,2019-11-04T00:00:00,75.758579,5.000000
2019-11-05T00:00:00,-0.877512,2019-11-05T00:00:00,75.096696,5.000000
2019-11-06T00:00:00,-0.734050,2019-11-06T00:00:00,74.547467,5.000000
2019-11-07T00:00:00,1.034654,2019-11-07T00:00:00,75.322779,5.000000
2019-11-08T00:00:00,-0.887748,2019-11-08T00:00:00,74.657062,5.000000
2019-11-09T00:00:00,-0.269426,2019-11-09T00:00:00,74.456187,5.000000
2019-11-10T00:00:00,0.387227,2019-11-10T00:00:00,74.745061,5.000000
2019-11-11T00:00:00,-0.143481,2019-11-11T00:00:00,74.637892,5.000000
2019-11-12T00:00:00,0.926574,2019-11-12T00:00:00,75.332681,5.000000
2019-11-13T00:00:00,1.242257,2019-11-13T00:00:00,76.274344,5.000000
2019-11-14T00:00:00,-1.342501,2019-11-14T00:00:00,75.257203,5.000000
2019-11-15T00:00:00,0.505167,2019-11-15T00:00:00,75.638339,5.000000
2019-11-16T00:00:00,1.758752,2019-11-16T00:00:00,76.980397,5.000000
2019-11-17T00:00:00,1.832595,2019-11-17T00:00:00,78.404142,5.000000
2019-11-18T00:00:00,-0.976818,2019-11-18T00:00:00,77.642004,5.000000
2019-11-19T00:00:00,-1.014647,2019-11-19T00:00:00,76.858195,5.000000
2019-11-20T00:00:00,-0.193823,2019-11-20T00:00:00,76.709370,5.000000
2019-11-21T00:00:00,-0.950036,2019-11-21T00:00:00,75.984054,5.000000
2019-11-22T00:00:00,0.729529,2019-11-22T00:00:00,76.540407,5.000000
2019-11-23T00:00:00,-0.260897,2019-11-23T00:00:00,76.340975,5.000000
2019-11-24T00:00:00,1.462493,2019-11-24T00:00:00,77.465661,5.000000
2019-11-25T00:00:00,1.546059,2019-11-25T00:00:00,78.672632,5.000000
2019-11-26T00:00:00,0.355381,2019-11-26T00:00:00,78.952717,5.000000
2019-11-27T00:00:00,-0.700072,2019-11-27T00:00:00,78.401922,5.000000
2019-11-28T00:00:00,0.177790,2019-11-28T00:00:00,78.541437,5.000000
2019-11-29T00:00:00,-1.040557,2019-11-29T00:00:00,77.728407,5.000000
2019-11-30T00:00:00,-1.225066,2019-11-30T00:00:00,76.781991,5.000000
2019-12-01T00:00:00,1.225665,2019-12-01T00:00:00,77.728872,5.000000
2019-12-02T00:00:00,-0.408695,2019-12-02T00:00:00,77.411847,5.000000
2019-12-03T00:00:00,-0.176988,2019-12-03T00:00:00,77.274958,5.000000
2019-12-04T00:00:00,1.121977,2019-12-04T00:00:00,78.146847,5.000000
2019-12-05T00:00:00,1.540291,2019-12-05T00:00:00,79.359854,5.000000
2019-12-06T00:00:00,1.299274,2019-12-06T00:00:00,80.397683,5.000000
2019-12-07T00:00:00,1.782075,2019-12-07T00:00:00,81.843273,5.000000
2019-12-08T00:00:00,-0.525999,2019-12-08T00:00:00,81.413909,5.000000
2019-12-09T00:00:00,0.698737,2019-12-09T00:00:00,81.984770,5.000000
2019-12-10T00:00:00,-1.114861,2019-12-10T00:00:00,81.075830,5.000000
2019-12-11T00:00:00,0.803466,2019-12-11T00:00:00,81.729871,5.000000
2019-12-12T00:00:00,0.435846,2019-12-12T00:00:00,82.086865,5.000000
2019-12-13T00:00:00,-0.606001,2019-12-13T00:00:00,81.590922,5.000000
2019-12-14T00:00:00,0.333013,2019-12-14T00:00:00,81.863083,5.000000
2019-12-15T00:00:00,-0.533817,2019-12-15T00:00:00,81.427248,5.000000
2019-12-16T00:00:00,1.130889,2019-12-16T00:00:00,82.353326,5.000000
2019-12-17T00:00:00,-1.846030,2019-12-17T00:00:00,80.847006,5.000000
2019-12-18T00:00:00,-1.401830,2019-12-18T00:00:00,79.721575,5.000000
2019-12-19T00:00:00,1.119829,2019-12-19T00:00:00,80.619338,5.000000
2019-12-20T00:00:00,-1.415671,2019-12-20T00:00:00,79.486074,5.000000
2019-12-21T00:00:00,-0.446256,2019-12-21T00:00:00,79.132153,5.000000
2019-12-22T00:00:00,-0.011648,2019-12-22T00:00:00,79.122936,5.000000
2019-12-23T00:00:00,0.058560,2019-12-23T00:00:00,79.169284,5.000000
2019-12-24T00:00:00,0.379132,2019-12-24T00:00:00,79.470010,5.000000
2019-12-25T00:00:00,0.235772,2019-12-25T00:00:00,79.657599,5.000000
2019-12-26T00:00:00,-0.453445,2019-12-26T00:00:00,79.297213,5.000000
2019-12-27T00:00:00,0.361671,2019-12-27T00:00:00,79.584527,5.000000
2019-12-28T00:00:00,-0.701521,2019-12-28T00:00:00,79.028179,5.000000
2019-12-29T00:00:00,0.839727,2019-12-29T00:00:00,79.694594,5.000000
2019-12-30T00:00:00,-0.247879,2019-12-30T00:00:00,79.497293,5.000000
2019-12-31T00:00:00,-0.226242,2019-12-31T00:00:00,79.317640,5.000000
2020-01-01T00:00:00,-0.642548,2020-01-01T00:00:00,78.809620,5.000000
2020-01-02T00:00:00,-2.390999,2020-01-02T00:00:00,76.947632,5.000000
2020-01-03T00:00:00,0.591279,2020-01-03T00:00:00,77.403954,5.000000
2020-01-04T00:00:00,-1.173509,2020-01-04T00:00:00,76.500921,5.000000
2020-01-05T00:00:00,-1.493194,2020-01-05T00:00:00,75.367100,5.000000
2020-01-06T00:00:00,0.064903,2020-01-06T00:00:00,75.416031,5.000000
2020-01-07T00:00:00,0.280849,2020-01-07T00:00:00,75.628134,5.000000
2020-01-08T00:00:00,-0.577042,2020-01-08T00:00:00,75.192985,5.000000
2020-01-09T00:00:00,0.939520,2020-01-09T00:00:00,75.902767,5.000000
2020-01-10T00:00:00,0.087688,2020-01-10T00:00:00,75.969353,5.000000
2020-01-11T00:00:00,0.470085,2020-01-11T00:00:00,76.327314,5.000000
2020-01-12T00:00:00,0.534335,2020-01-12T00:00:00,76.736250,5.000000
2020-01-13T00:00:00,0.936806,2020-01-13T00:00:00,77.458497,5.000000
2020-01-14T00:00:00,1.625495,2020-01-14T00:00:00,78.727870,5.000000
2020-01-15T00:00:00,1.505409,2020-01-15T00:00:00,79.922013,5.000000
2020-01-16T00:00:00,-1.396470,2020-01-16T00:00:00,78.813682,5.000000
2020-01-17T00:00:00,-0.830135,2020-01-17T00:00:00,78.162130,5.000000
2020-01-18T00:00:00,-0.612067,2020-01-18T00:00:00,77.685187,5.000000
2020-01-19T00:00:00,1.423021,2020-01-19T00:00:00,78.798566,5.000000
2020-01-20T00:00:00,-0.242925,2020-01-20T00:00:00,78.607377,5.000000
2020-01-21T00:00:00,-0.829815,2020-01-21T00:00:00,77.957780,5.000000
2020-01-22T00:00:00,0.987730,2020-01-22T00:00:00,78.731608,5.000000
2020-01-23T00:00:00,-1.083961,2020-01-23T00:00:00,77.882797,5.000000
2020-01-24T00:00:00,0.736085,2020-01-24T00:00:00,78.458196,5.000000
2020-01-25T00:00:00,0.247556,2020-01-25T00:00:00,78.652665,5.000000
2020-01-26T00:00:00,-0.673110,2020-01-26T00:00:00,78.125023,5.000000
2020-01-27T00:00:00,-1.414889,2020-01-27T00:00:00,77.027425,5.000000
2020-01-28T00:00:00,0.649406,2020-01-28T00:00:00,77.529273,5.000000
2020-01-29T00:00:00,-0.181095,2020-01-29T00:00:00,77.388998,5.000000
2020-01-30T00:00:00,2.280322,2020-01-30T00:00:00,79.173991,5.000000
2020-01-31T00:00:00,0.010651,2020-01-31T00:00:00,79.182424,5.000000
2020-02-01T00:00:00,-1.485361,2020-02-01T00:00:00,78.014971,5.000000
2020-02-02T00:00:00,-0.831617,2020-02-02T00:00:00,77.368875,5.000000
2020-02-03T00:00:00,-0.147309,2020-02-03T00:00:00,77.254988,5.000000
2020-02-04T00:00:00,-0.461748,2020-02-04T00:00:00,76.899087,5.000000
2020-02-05T00:00:00,1.106575,2020-02-05T00:00:00,77.754758,5.000000
2020-02-06T00:00:00,-2.386358,2020-02-06T00:00:00,75.921216,5.000000
2020-02-07T00:00:00,0.386156,2020-02-07T00:00:00,76.214957,5.000000
2020-02-08T00:00:00,-0.139091,2020-02-08T00:00:00,76.109023,5.000000
2020-02-09T00:00:00,0.694097,2020-02-09T00:00:00,76.639131,5.000000
2020-02-10T00:00:00,-1.090517,2020-02-10T00:00:00,75.807909,5.000000
2020-02-11T00:00:00,0.407503,2020-02-11T00:00:00,76.117459,5.000000
2020-02-12T00:00:00,0.155251,2020-02-12T00:00:00,76.235724,5.000000
2020-02-13T00:00:00,-0.650117,2020-02-13T00:00:00,75.741709,5.000000
2020-02-14T00:00:00,0.231661,2020-02-14T00:00:00,75.917377,5.000000
2020-02-15T00:00:00,-0.888685,2020-02-15T00:00:00,75.245700,5.000000
2020-02-16T00:00:00,0.795376,2020-02-16T00:00:00,75.846572,5.000000
2020-02-17T00:00:00,0.052454,2020-02-17T00:00:00,75.886367,5.000000
2020-02-18T00:00:00,-0.723577,2020-02-18T00:00:00,75.339253,5.000000
2020-02-19T00:00:00,-0.311061,2020-02-19T00:00:00,75.105266,5.000000
2020-02-20T00:00:00,0.780810,2020-02-20T00:00:00,75.693991,5.000000
2020-02-21T00:00:00,0.729341,2020-02-21T00:00:00,76.248076,5.000000
2020-02-22T00:00:00,-2.099171,2020-02-22T00:00:00,74.664181,5.000000
2020-02-23T00:00:00,-0.029286,2020-02-23T00:00:00,74.642319,5.000000
2020-02-24T00:00:00,-0.363230,2020-02-24T00:00:00,74.371687,5.000000
2020-02-25T00:00:00,0.682821,2020-02-25T00:00:00,74.881251,5.000000
2020-02-26T00:00:00,0.068059,2020-02-26T00:00:00,74.932231,5.000000
2020-02-27T00:00:00,-0.852534,2020-02-27T00:00:00,74.296124,5.000000
2020-02-28T00:00:00,0.433454,2020-02-28T00:00:00,74.618862,5.000000
2020-02-29T00:00:00,2.404477,2020-02-29T00:00:00,76.434800,5.000000
2020-03-01T00:00:00,-0.777575,2020-03-01T00:00:00,75.842767,5.000000
2020-03-02T00:00:00,-1.017342,2020-03-02T00:00:00,75.075098,5.000000
2020-03-03T00:00:00,0.956667,2020-03-03T00:00:00,75.796763,5.000000
2020-03-04T00:00:00,-0.561886,2020-03-04T00:00:00,75.372066,5.000000
2020-03-05T00:00:00,2.210000,2020-03-05T00:00:00,77.056331,5.000000
2020-03-06T00:00:00,-2.044461,2020-03-06T00:00:00,75.496940,5.000000
2020-03-07T00:00:00,1.436409,2020-03-07T00:00:00,76.589210,5.000000
2020-03-08T00:00:00,-0.085928,2020-03-08T00:00:00,76.523427,5.000000
2020-03-09T00:00:00,1.171520,2020-03-09T00:00:00,77.425186,5.000000
2020-03-10T00:00:00,1.197246,2020-03-10T00:00:00,78.357727,5.000000
2020-03-11T00:00:00,-0.118747,2020-03-11T00:00:00,78.264735,5.000000
2020-03-12T00:00:00,-0.660920,2020-03-12T00:00:00,77.749173,5.000000
2020-03-13T00:00:00,-0.419935,2020-03-13T00:00:00,77.423361,5.000000
2020-03-14T00:00:00,-0.606693,2020-03-14T00:00:00,76.955061,5.000000
2020-03-15T00:00:00,1.620340,2020-03-15T00:00:00,78.212152,5.000000
2020-03-16T00:00:00,-0.602852,2020-03-16T00:00:00,77.742067,5.000000
2020-03-17T00:00:00,1.774355,2020-03-17T00:00:00,79.133797,5.000000
2020-03-18T00:00:00,-1.075889,2020-03-18T00:00:00,78.286969,5.000000
2020-03-19T00:00:00,0.382796,2020-03-19T00:00:00,78.587223,5.000000
2020-03-20T00:00:00,-0.482838,2020-03-20T00:00:00,78.208689,5.000000
2020-03-21T00:00:00,0.347322,2020-03-21T00:00:00,78.480797,5.000000
2020-03-22T00:00:00,-0.649623,2020-03-22T00:00:00,77.972620,5.000000
2020-03-23T00:00:00,-0.089578,2020-03-23T00:00:00,77.902805,5.000000
2020-03-24T00:00:00,-1.959930,2020-03-24T00:00:00,76.390830,5.000000
2020-03-25T00:00:00,-0.976704,2020-03-25T00:00:00,75.648349,5.000000
2020-03-26T00:00:00,1.269227,2020-03-26T00:00:00,76.614618,5.000000
2020-03-27T00:00:00,1.821130,2020-03-27T00:00:00,78.022652,5.000000
2020-03-28T00:00:00,0.307623,2020-03-28T00:00:00,78.263037,5.000000
2020-03-29T00:00:00,0.311116,2020-03-29T00:00:00,78.506906,5.000000
2020-03-30T00:00:00,0.349873,2020-03-30T00:00:00,78.782061,5.000000
2020-03-31T00:00:00,0.079642,2020-03-31T00:00:00,78.844830,5.000000
2020-04-01T00:00:00,-1.150303,2020-04-01T00:00:00,77.943072,5.000000
2020-04-02T00:00:00,0.531410,2020-04-02T00:00:00,78.358371,5.000000
2020-04-03T00:00:00,-2.039343,2020-04-03T00:00:00,76.776559,5.000000
2020-04-04T00:00:00,0.171969,2020-04-04T00:00:00,76.908704,5.000000
2020-04-05T00:00:00,-0.123502,2020-04-05T00:00:00,76.813779,5.000000
2020-04-06T00:00:00,-0.742971,2020-04-06T00:00:00,76.245190,5.000000
2020-04-07T00:00:00,-0.152115,2020-04-07T00:00:00,76.129298,5.000000
2020-04-08T00:00:00,0.887018,2020-04-08T00:00:00,76.807582,5.000000
2020-04-09T00:00:00,-0.500282,2020-04-09T00:00:00,76.424287,5.000000
2020-04-10T00:00:00,-0.498781,2020-04-10T00:00:00,76.044046,5.000000
2020-04-11T00:00:00,-0.636103,2020-04-11T00:00:00,75.561863,5.000000
2020-04-12T00:00:00,0.076227,2020-04-12T00:00:00,75.619484,5.000000
2020-04-13T00:00:00,-1.041142,2020-04-13T00:00:00,74.836262,5.000000
2020-04-14T00:00:00,-0.078485,2020-04-14T00:00:00,74.777550,5.000000
2020-04-15T00:00:00,0.131992,2020-04-15T00:00:00,74.876315,5.000000
2020-04-16T00:00:00,-2.475987,2020-04-16T00:00:00,73.045151,5.000000
2020-04-17T00:00:00,0.323334,2020-04-17T00:00:00,73.281713,5.000000
2020-04-18T00:00:00,0.617887,2020-04-18T00:00:00,73.735913,5.000000
2020-04-19T00:00:00,0.066656,2020-04-19T00:00:00,73.785079,5.000000
2020-04-20T00:00:00,-0.227415,2020-04-20T00:00:00,73.617471,5.000000
2020-04-21T00:00:00,-0.281149,2020-04-21T00:00:00,73.410787,5.000000
2020-04-22T00:00:00,0.869379,2020-04-22T00:00:00,74.051787,5.000000
2020-04-23T00:00:00,0.982632,2020-04-23T00:00:00,74.783031,5.000000
2020-04-24T00:00:00,0.044349,2020-04-24T00:00:00,74.816204,5.000000
2020-04-25T00:00:00,0.914092,2020-04-25T00:00:00,75.503228,5.000000
2020-04-26T00:00:00,0.242984,2020-04-26T00:00:00,75.686912,5.000000
2020-04-27T00:00:00,0.230349,2020-04-27T00:00:00,75.861457,5.000000
2020-04-28T00:00:00,-0.244814,2020-04-28T00:00:00,75.675964,5.000000
2020-04-29T00:00:00,-1.226776,2020-04-29T00:00:00,74.753261,5.000000
2020-04-30T00:00:00,-0.322447,2020-04-30T00:00:00,74.512610,5.000000
2020-05-01T00:00:00,-1.002269,2020-05-01T00:00:00,73.769523,5.000000
2020-05-02T00:00:00,1.214017,2020-05-02T00:00:00,74.670556,5.000000
2020-05-03T00:00:00,-0.440021,2020-05-03T00:00:00,74.342712,5.000000
2020-05-04T00:00:00,-0.047330,2020-05-04T00:00:00,74.307533,5.000000
2020-05-05T00:00:00,-0.502081,2020-05-05T00:00:00,73.935384,5.000000
2020-05-06T00:00:00,-0.503605,2020-05-06T00:00:00,73.563978,5.000000
2020-05-07T00:00:00,0.565102,2020-05-07T00:00:00,73.980866,5.000000
2020-05-08T00:00:00,0.894518,2020-05-08T00:00:00,74.645607,5.000000
2020-05-09T00:00:00,0.116918,2020-05-09T00:00:00,74.732932,5.000000
2020-05-10T00:00:00,-1.031726,2020-05-10T00:00:00,73.965857,5.000000
2020-05-11T00:00:00,-0.596859,2020-05-11T00:00:00,73.525701,5.000000
2020-05-12T00:00:00,-1.027857,2020-05-12T00:00:00,72.773832,5.000000
2020-05-13T00:00:00,-0.272305,2020-05-13T00:00:00,72.575935,5.000000
2020-05-14T00:00:00,0.067314,2020-05-14T00:00:00,72.624805,5.000000
2020-05-15T00:00:00,-0.562850,2020-05-15T00:00:00,72.217185,5.000000
2020-05-16T00:00:00,0.141027,2020-05-16T00:00:00,72.319102,5.000000
2020-05-17T00:00:00,0.475396,2020-05-17T00:00:00,72.663723,5.000000
2020-05-18T00:00:00,-1.195219,2020-05-18T00:00:00,71.800402,5.000000
2020-05-19T00:00:00,0.120819,2020-05-19T00:00:00,71.887203,5.000000
2020-05-20T00:00:00,-0.341577,2020-05-20T00:00:00,71.642071,5.000000
2020-05-21T00:00:00,0.122965,2020-05-21T00:00:00,71.730220,5.000000
2020-05-22T00:00:00,-0.958603,2020-05-22T00:00:00,71.045897,5.000000
2020-05-23T00:00:00,1.455914,2020-05-23T00:00:00,72.087831,5.000000
2020-05-24T00:00:00,-1.014111,2020-05-24T00:00:00,71.360475,5.000000
2020-05-25T00:00:00,0.608937,2020-05-25T00:00:00,71.796341,5.000000
2020-05-26T00:00:00,0.483997,2020-05-26T00:00:00,72.144675,5.000000
2020-05-27T00:00:00,-0.073532,2020-05-27T00:00:00,72.091645,5.000000
2020-05-28T00:00:00,-0.027967,2020-05-28T00:00:00,72.071486,5.000000
2020-05-29T00:00:00,0.357465,2020-05-29T00:00:00,72.329578,5.000000
2020-05-30T00:00:00,-0.524800,2020-05-30T00:00:00,71.950986,5.000000
2020-05-31T00:00:00,-0.525309,2020-05-31T00:00:00,71.574012,5.000000
2020-06-01T00:00:00,-0.058580,2020-06-01T00:00:00,71.532096,5.000000
2020-06-02T00:00:00,2.155248,2020-06-02T00:00:00,73.090524,5.000000
2020-06-03T00:00:00,0.370656,2020-06-03T00:00:00,73.361942,5.000000
2020-06-04T00:00:00,0.163823,2020-06-04T00:00:00,73.482224,5.000000
2020-06-05T00:00:00,1.376501,2020-06-05T00:00:00,74.500701,5.000000
2020-06-06T00:00:00,1.266833,2020-06-06T00:00:00,75.450504,5.000000
2020-06-07T00:00:00,0.708791,2020-06-07T00:00:00,75.987190,5.000000
2020-06-08T00:00:00,1.724596,2020-06-08T00:00:00,77.309027,5.000000
2020-06-09T00:00:00,0.597501,2020-06-09T00:00:00,77.772332,5.000000
2020-06-10T00:00:00,0.931646,2020-06-10T00:00:00,78.500281,5.000000
2020-06-11T00:00:00,1.101756,2020-06-11T00:00:00,79.369945,5.000000
2020-06-12T00:00:00,-0.200837,2020-06-12T00:00:00,79.210700,5.000000
2020-06-13T00:00:00,-0.656036,2020-06-13T00:00:00,78.692750,5.000000
2020-06-14T00:00:00,1.225502,2020-06-14T00:00:00,79.663065,5.000000
2020-06-15T00:00:00,0.873315,2020-06-15T00:00:00,80.361821,5.000000
2020-06-16T00:00:00,0.095022,2020-06-16T00:00:00,80.438218,5.000000
2020-06-17T00:00:00,-1.508331,2020-06-17T00:00:00,79.234048,5.000000
2020-06-18T00:00:00,1.265281,2020-06-18T00:00:00,80.242951,5.000000
2020-06-19T00:00:00,0.851094,2020-06-19T00:00:00,80.928808,5.000000
2020-06-20T00:00:00,1.102987,2020-06-20T00:00:00,81.826383,5.000000
2020-06-21T00:00:00,-0.061410,2020-06-21T00:00:00,81.776149,5.000000
2020-06-22T00:00:00,-2.282389,2020-06-22T00:00:00,79.930838,5.000000
2020-06-23T00:00:00,0.127995,2020-06-23T00:00:00,80.033211,5.000000
2020-06-24T00:00:00,1.350547,2020-06-24T00:00:00,81.121429,5.000000
2020-06-25T00:00:00,-0.479052,2020-06-25T00:00:00,80.733745,5.000000
2020-06-26T00:00:00,0.764224,2020-06-26T00:00:00,81.353095,5.000000
2020-06-27T00:00:00,0.509329,2020-06-27T00:00:00,81.768507,5.000000
2020-06-28T00:00:00,1.213000,2020-06-28T00:00:00,82.766399,5.000000
2020-06-29T00:00:00,0.424319,2020-06-29T00:00:00,83.118339,5.000000
2020-06-30T00:00:00,1.197219,2020-06-30T00:00:00,84.119428,5.000000
2020-07-01T00:00:00,0.795095,2020-07-01T00:00:00,84.790924,5.000000
2020-07-02T00:00:00,0.216225,2020-07-02T00:00:00,84.974461,5.000000
2020-07-03T00:00:00,0.543360,2020-07-03T00:00:00,85.437435,5.000000
2020-07-04T00:00:00,1.413470,2020-07-04T00:00:00,86.653642,5.000000
2020-07-05T00:00:00,1.138905,2020-07-05T00:00:00,87.646186,5.000000
2020-07-06T00:00:00,1.078502,2020-07-06T00:00:00,88.596568,5.000000
2020-07-07T00:00:00,0.025424,2020-07-07T00:00:00,88.619095,5.000000
2020-07-08T00:00:00,-1.340802,2020-07-08T00:00:00,87.438818,5.000000
2020-07-09T00:00:00,-0.206181,2020-07-09T00:00:00,87.258721,5.000000
2020-07-10T00:00:00,-1.155127,2020-07-10T00:00:00,86.256571,5.000000
2020-07-11T00:00:00,1.500367,2020-07-11T00:00:00,87.560494,5.000000
2020-07-12T00:00:00,0.726905,2020-07-12T00:00:00,88.199294,5.000000
2020-07-13T00:00:00,-0.990299,2020-07-13T00:00:00,87.330168,5.000000
2020-07-14T00:00:00,0.238928,2020-07-14T00:00:00,87.539074,5.000000
2020-07-15T00:00:00,-0.220663,2020-07-15T00:00:00,87.346121,5.000000
2020-07-16T00:00:00,2.210950,2020-07-16T00:00:00,89.298807,5.000000
2020-07-17T00:00:00,0.316621,2020-07-17T00:00:00,89.581994,5.000000
2020-07-18T00:00:00,-2.622886,2020-07-18T00:00:00,87.262906,5.000000
2020-07-19T00:00:00,-1.545854,2020-07-19T00:00:00,85.924322,5.000000
2020-07-20T00:00:00,-0.358833,2020-07-20T00:00:00,85.616550,5.000000
2020-07-21T00:00:00,1.556866,2020-07-21T00:00:00,86.959914,5.000000
2020-07-22T00:00:00,0.380667,2020-07-22T00:00:00,87.291573,5.000000
2020-07-23T00:00:00,0.605840,2020-07-23T00:00:00,87.822025,5.000000
2020-07-24T00:00:00,2.510132,2020-07-24T00:00:00,90.054374,5.000000
2020-07-25T00:00:00,1.304267,2020-07-25T00:00:00,91.236616,5.000000
2020-07-26T00:00:00,-0.340561,2020-07-26T00:00:00,90.926428,5.000000
2020-07-27T00:00:00,-0.626012,2020-07-27T00:00:00,90.358996,5.000000
2020-07-28T00:00:00,-0.008107,2020-07-28T00:00:00,90.351671,5.000000
2020-07-29T00:00:00,-1.369063,2020-07-29T00:00:00,89.123129,5.000000
2020-07-30T00:00:00,0.508241,2020-07-30T00:00:00,89.577243,5.000000
2020-07-31T00:00:00,-0.518392,2020-07-31T00:00:00,89.114082,5.000000
2020-08-01T00:00:00,-2.313171,2020-08-01T00:00:00,87.076380,5.000000
2020-08-02T00:00:00,-0.629868,2020-08-02T00:00:00,86.529638,5.000000
2020-08-03T00:00:00,-1.093839,2020-08-03T00:00:00,85.588301,5.000000
2020-08-04T00:00:00,-0.723407,2020-08-04T00:00:00,84.971384,5.000000
2020-08-05T00:00:00,1.402686,2020-08-05T00:00:00,86.171664,5.000000
2020-08-06T00:00:00,-0.366506,2020-08-06T00:00:00,85.856417,5.000000
2020-08-07T00:00:00,-0.279375,2020-08-07T00:00:00,85.616891,5.000000
2020-08-08T00:00:00,-0.215737,2020-08-08T00:00:00,85.432383,5.000000
2020-08-09T00:00:00,0.478035,2020-08-09T00:00:00,85.841757,5.000000
2020-08-10T00:00:00,0.780014,2020-08-10T00:00:00,86.513952,5.000000
2020-08-11T00:00:00,0.326097,2020-08-11T00:00:00,86.796532,5.000000
2020-08-12T00:00:00,1.378279,2020-08-12T00:00:00,88.001113,5.000000
2020-08-13T00:00:00,-0.956760,2020-08-13T00:00:00,87.163169,5.000000
2020-08-14T00:00:00,-0.433621,2020-08-14T00:00:00,86.786030,5.000000
2020-08-15T00:00:00,-1.426245,2020-08-15T00:00:00,85.557033,5.000000
2020-08-16T00:00:00,0.142506,2020-08-16T00:00:00,85.679044,5.000000
2020-08-17T00:00:00,-2.006876,2020-08-17T00:00:00,83.976711,5.000000
2020-08-18T00:00:00,0.246542,2020-08-18T00:00:00,84.184004,5.000000
2020-08-19T00:00:00,0.955391,2020-08-19T00:00:00,84.992144,5.000000
2020-08-20T00:00:00,0.626254,2020-08-20T00:00:00,85.526082,5.000000
2020-08-21T00:00:00,0.043222,2020-08-21T00:00:00,85.563056,5.000000
2020-08-22T00:00:00,0.426859,2020-08-22T00:00:00,85.929070,5.000000
2020-08-23T00:00:00,1.245080,2020-08-23T00:00:00,87.005644,5.000000
2020-08-24T00:00:00,-1.495743,2020-08-24T00:00:00,85.713947,5.000000
2020-08-25T00:00:00,0.805471,2020-08-25T00:00:00,86.407136,5.000000
2020-08-26T00:00:00,0.465244,2020-08-26T00:00:00,86.810077,5.000000
2020-08-27T00:00:00,1.010045,2020-08-27T00:00:00,87.691340,5.000000
2020-08-28T00:00:00,0.456262,2020-08-28T00:00:00,88.092356,5.000000
2020-08-29T00:00:00,-0.662048,2020-08-29T00:00:00,87.511069,5.000000
2020-08-30T00:00:00,-1.416738,2020-08-30T00:00:00,86.280008,5.000000
2020-08-31T00:00:00,0.632148,2020-08-31T00:00:00,86.827152,5.000000
2020-09-01T00:00:00,0.361542,2020-09-01T00:00:00,87.141638,5.000000
2020-09-02T00:00:00,-0.572482,2020-09-02T00:00:00,86.644193,5.000000
2020-09-03T00:00:00,0.666636,2020-09-03T00:00:00,87.223724,5.000000
2020-09-04T00:00:00,1.148657,2020-09-04T00:00:00,88.231401,5.000000
2020-09-05T00:00:00,0.771849,2020-09-05T00:00:00,88.915049,5.000000
2020-09-06T00:00:00,-0.469228,2020-09-06T00:00:00,88.498812,5.000000
2020-09-07T00:00:00,-0.192049,2020-09-07T00:00:00,88.329015,5.000000
2020-09-08T00:00:00,0.501571,2020-09-08T00:00:00,88.773160,5.000000
2020-09-09T00:00:00,1.043686,2020-09-09T00:00:00,89.704525,5.000000
2020-09-10T00:00:00,-0.334197,2020-09-10T00:00:00,89.405235,5.000000
2020-09-11T00:00:00,-0.324669,2020-09-11T00:00:00,89.115435,5.000000
2020-09-12T00:00:00,-1.058594,2020-09-12T00:00:00,88.177039,5.000000
2020-09-13T00:00:00,-0.062334,2020-09-13T00:00:00,88.122092,5.000000
2020-09-14T00:00:00,0.703488,2020-09-14T00:00:00,88.744206,5.000000
2020-09-15T00:00:00,-0.673960,2020-09-15T00:00:00,88.148117,5.000000
2020-09-16T00:00:00,-2.196437,2020-09-16T00:00:00,86.233107,5.000000
2020-09-17T00:00:00,0.942512,2020-09-17T00:00:00,87.049707,5.000000
2020-09-18T00:00:00,1.247157,2020-09-18T00:00:00,88.142151,5.000000
2020-09-19T00:00:00,-0.596898,2020-09-19T00:00:00,87.617599,5.000000
2020-09-20T00:00:00,0.343954,2020-09-20T00:00:00,87.919482,5.000000
2020-09-21T00:00:00,1.293245,2020-09-21T00:00:00,89.063880,5.000000
2020-09-22T00:00:00,-1.681554,2020-09-22T00:00:00,87.578745,5.000000
2020-09-23T00:00:00,-1.143717,2020-09-23T00:00:00,86.582798,5.000000
2020-09-24T00:00:00,1.972835,2020-09-24T00:00:00,88.307895,5.000000
2020-09-25T00:00:00,-1.308124,2020-09-25T00:00:00,87.160240,5.000000
2020-09-26T00:00:00,-0.997322,2020-09-26T00:00:00,86.295292,5.000000
2020-09-27T00:00:00,-0.623058,2020-09-27T00:00:00,85.759294,5.000000
2020-09-28T00:00:00,-0.904674,2020-09-28T00:00:00,84.986952,5.000000
2020-09-29T00:00:00,1.737827,2020-09-29T00:00:00,86.476786,5.000000
2020-09-30T00:00:00,0.468727,2020-09-30T00:00:00,86.883077,5.000000
2020-10-01T00:00:00,1.397304,2020-10-01T00:00:00,88.105619,5.000000
2020-10-02T00:00:00,-1.617135,2020-10-02T00:00:00,86.692291,5.000000
2020-10-03T00:00:00,-0.838494,2020-10-03T00:00:00,85.968421,5.000000
2020-10-04T00:00:00,-0.865472,2020-10-04T00:00:00,85.227598,5.000000
2020-10-05T00:00:00,-0.227755,2020-10-05T00:00:00,85.033709,5.000000
2020-10-06T00:00:00,0.970799,2020-10-06T00:00:00,85.863235,5.000000
2020-10-07T00:00:00,-1.243763,2020-10-07T00:00:00,84.801914,5.000000
2020-10-08T00:00:00,-0.826471,2020-10-08T00:00:00,84.103939,5.000000
2020-10-09T00:00:00,0.224842,2020-10-09T00:00:00,84.293253,5.000000
2020-10-10T00:00:00,0.967829,2020-10-10T00:00:00,85.113028,5.000000
2020-10-11T00:00:00,-1.586872,2020-10-11T00:00:00,83.773054,5.000000
2020-10-12T00:00:00,0.091694,2020-10-12T00:00:00,83.849904,5.000000
2020-10-13T00:00:00,0.040800,2020-10-13T00:00:00,83.884122,5.000000
2020-10-14T00:00:00,-0.411754,2020-10-14T00:00:00,83.539436,5.000000
2020-10-15T00:00:00,0.909829,2020-10-15T00:00:00,84.302970,5.000000
2020-10-16T00:00:00,-1.501541,2020-10-16T00:00:00,83.046582,5.000000
2020-10-17T00:00:00,1.636738,2020-10-17T00:00:00,84.417022,5.000000
2020-10-18T00:00:00,-1.028231,2020-10-18T00:00:00,83.553467,5.000000
2020-10-19T00:00:00,-0.260515,2020-10-19T00:00:00,83.336081,5.000000
2020-10-20T00:00:00,1.144967,2020-10-20T00:00:00,84.295734,5.000000
2020-10-21T00:00:00,0.918216,2020-10-21T00:00:00,85.073316,5.000000
2020-10-22T00:00:00,-2.200028,2020-10-22T00:00:00,83.222117,5.000000
2020-10-23T00:00:00,-0.610426,2020-10-23T00:00:00,82.715655,5.000000
2020-10-24T00:00:00,0.525227,2020-10-24T00:00:00,83.151243,5.000000
2020-10-25T00:00:00,0.118775,2020-10-25T00:00:00,83.250065,5.000000
2020-10-26T00:00:00,2.065797,2020-10-26T00:00:00,84.987729,5.000000
2020-10-27T00:00:00,-0.924825,2020-10-27T00:00:00,84.205364,5.000000
2020-10-28T00:00:00,0.569087,2020-10-28T00:00:00,84.685933,5.000000
2020-10-29T00:00:00,-0.490908,2020-10-29T00:00:00,84.271221,5.000000
2020-10-30T00:00:00,-2.760593,2020-10-30T00:00:00,81.976653,5.000000
2020-10-31T00:00:00,1.293498,2020-10-31T00:00:00,83.043908,5.000000
2020-11-01T00:00:00,-0.074973,2020-11-01T00:00:00,82.981671,5.000000
2020-11-02T00:00:00,-0.362637,2020-11-02T00:00:00,82.681294,5.000000
2020-11-03T00:00:00,-1.011431,2020-11-03T00:00:00,81.849244,5.000000
2020-11-04T00:00:00,-0.404249,2020-11-04T00:00:00,81.519037,5.000000
2020-11-05T00:00:00,-0.142791,2020-11-05T00:00:00,81.402718,5.000000
2020-11-06T00:00:00,0.114394,2020-11-06T00:00:00,81.495891,5.000000
2020-11-07T00:00:00,-1.757462,2020-11-07T00:00:00,80.076144,5.000000
2020-11-08T00:00:00,1.009693,2020-11-08T00:00:00,80.888763,5.000000
2020-11-09T00:00:00,-0.397986,2020-11-09T00:00:00,80.567476,5.000000
2020-11-10T00:00:00,0.601776,2020-11-10T00:00:00,81.053774,5.000000
2020-11-11T00:00:00,-0.984279,2020-11-11T00:00:00,80.259892,5.000000
2020-11-12T00:00:00,-0.669084,2020-11-12T00:00:00,79.724678,5.000000
2020-11-13T00:00:00,-0.759391,2020-11-13T00:00:00,79.121549,5.000000
2020-11-14T00:00:00,1.513719,2020-11-14T00:00:00,80.328338,5.000000
2020-11-15T00:00:00,1.264052,2020-11-15T00:00:00,81.350174,5.000000
2020-11-16T00:00:00,0.602084,2020-11-16T00:00:00,81.841448,5.000000
2020-11-17T00:00:00,1.354974,2020-11-17T00:00:00,82.957924,5.000000
2020-11-18T00:00:00,-0.374879,2020-11-18T00:00:00,82.647514,5.000000
2020-11-19T00:00:00,0.156007,2020-11-19T00:00:00,82.776551,5.000000
2020-11-20T00:00:00,0.866472,2020-11-20T00:00:00,83.496903,5.000000
2020-11-21T00:00:00,-0.318758,2020-11-21T00:00:00,83.231174,5.000000
2020-11-22T00:00:00,-0.106974,2020-11-22T00:00:00,83.142186,5.000000
2020-11-23T00:00:00,0.664921,2020-11-23T00:00:00,83.696857,5.000000
2020-11-24T00:00:00,-0.980245,2020-11-24T00:00:00,82.880431,5.000000
2020-11-25T00:00:00,-0.229848,2020-11-25T00:00:00,82.690151,5.000000
2020-11-26T00:00:00,0.591847,2020-11-26T00:00:00,83.181001,5.000000
2020-11-27T00:00:00,1.489880,2020-11-27T00:00:00,84.429576,5.000000
2020-11-28T00:00:00,-0.235780,2020-11-28T00:00:00,84.230743,5.000000
2020-11-29T00:00:00,-2.260299,2020-11-29T00:00:00,82.348231,5.000000
2020-11-30T00:00:00,0.930559,2020-11-30T00:00:00,83.118107,5.000000
2020-12-01T00:00:00,-2.105458,2020-12-01T00:00:00,81.386385,5.000000
2020-12-02T00:00:00,-0.511269,2020-12-02T00:00:00,80.971343,5.000000
2020-12-03T00:00:00,1.606605,2020-12-03T00:00:00,82.282739,5.000000
2020-12-04T00:00:00,-0.514553,2020-12-04T00:00:00,81.860439,5.000000
2020-12-05T00:00:00,0.662288,2020-12-05T00:00:00,82.404389,5.000000
2020-12-06T00:00:00,-0.434344,2020-12-06T00:00:00,82.047247,5.000000
2020-12-07T00:00:00,0.150736,2020-12-07T00:00:00,82.171015,5.000000
2020-12-08T00:00:00,0.256458,2020-12-08T00:00:00,82.382020,5.000000
2020-12-09T00:00:00,0.126623,2020-12-09T00:00:00,82.486400,5.000000
2020-12-10T00:00:00,-1.897411,2020-12-10T00:00:00,80.936049,5.000000
2020-12-11T00:00:00,0.173289,2020-12-11T00:00:00,81.076423,5.000000
2020-12-12T00:00:00,-0.513271,2020-12-12T00:00:00,80.661348,5.000000
2020-12-13T00:00:00,0.405488,2020-12-13T00:00:00,80.989084,5.000000
